gigtrust_id,grs,grs_band,engine_amount,engine_rate,sanctioned_amount,approved,defaulted
GT-DLD-2301-DWXNK-J,758,RELIABLE,32500,0.2179,31400.0,1,0
GT-MHF-2305-YNKMX-G,646,EMERGING,9500,0.2953,8000.0,1,0
GT-MHD-2208-X94KB-4,870,STRONG,66000,0.1699,57400.0,1,0
GT-MHR-2401-7Z211-T,826,STRONG,47500,0.1754,39100.0,1,0
GT-TGW-2209-QSGM7-S,570,EMERGING,9500,0.3,9800.0,1,1
GT-TGH-2209-8WRQ8-B,659,RELIABLE,11500,0.2495,0.0,0,0
GT-TND-2308-ZJYYF-U,741,RELIABLE,25000,0.2221,24000.0,1,0
GT-TNF-2106-BSP71-1,726,RELIABLE,20000,0.2261,0.0,0,0
GT-TGF-2210-C13C8-Y,734,RELIABLE,25500,0.2239,0.0,0,0
GT-GJD-2106-642EK-N,641,EMERGING,8000,0.2975,9200.0,1,0
GT-KAF-2212-K37Z5-9,839,STRONG,54000,0.1736,58900.0,1,1
GT-RJF-2204-36GFT-4,817,STRONG,53500,0.1767,55500.0,1,0
GT-TNW-2206-JVHB5-4,760,RELIABLE,25500,0.2175,24000.0,1,0
GT-MHH-2306-8S40F-9,814,STRONG,49000,0.1772,57900.0,1,0
GT-MHD-2302-1EDNE-6,785,RELIABLE,34000,0.2122,29400.0,1,0
GT-WBD-2201-KGF75-Z,695,RELIABLE,21000,0.2358,20500.0,1,1
GT-WBD-2403-2B4VD-J,600,EMERGING,22000,0.3,0.0,0,0
GT-KAD-2203-RCXD6-S,639,EMERGING,9500,0.2985,7800.0,1,0
GT-TGR-2310-5DEB9-0,765,RELIABLE,38500,0.2164,51300.0,1,0
GT-DLC-2212-6VG0F-U,777,RELIABLE,33500,0.2139,26700.0,1,0
GT-KLR-2306-Z1FBN-M,766,RELIABLE,21000,0.2161,26800.0,1,0
GT-TNF-2309-6Q8J5-N,688,RELIABLE,23000,0.2382,20300.0,1,0
GT-KLR-2303-S107Q-V,831,STRONG,56500,0.1747,55600.0,1,0
GT-WBD-2309-TDWKE-H,736,RELIABLE,25500,0.2233,36200.0,1,0
GT-KLW-2210-Z1MH1-A,751,RELIABLE,39000,0.2196,32900.0,1,0
GT-WBF-2103-YR680-K,749,RELIABLE,32500,0.22,29200.0,1,1
GT-MHR-2103-FRQ4G-C,826,STRONG,47000,0.1754,40200.0,1,0
GT-GJC-2306-8HGWP-L,600,EMERGING,21000,0.3,21100.0,1,0
GT-TGR-2301-7G43R-L,744,RELIABLE,36000,0.2213,38600.0,1,0
GT-RJD-2309-YT8RX-I,600,EMERGING,17000,0.3,16800.0,1,0
GT-TNR-2302-P82WH-8,928,PRIME,87500,0.1448,107500.0,1,0
GT-MHF-2110-MHGWE-H,698,RELIABLE,20000,0.2347,19300.0,1,0
GT-MHR-2401-N5WRY-G,731,RELIABLE,29000,0.2247,24800.0,1,0
GT-UPC-2105-4YZ8S-4,665,RELIABLE,25000,0.247,0.0,0,1
GT-DLR-2202-28H7T-A,784,RELIABLE,30000,0.2125,34300.0,1,0
GT-GJR-2101-H0QKQ-1,899,STRONG,74500,0.1671,71600.0,1,0
GT-MHC-2109-1W81B-M,760,RELIABLE,38000,0.2175,33100.0,1,0
GT-KAR-2310-0SQVG-T,660,RELIABLE,28000,0.2491,0.0,0,0
GT-UPR-2308-RVC0B-U,674,RELIABLE,27500,0.2434,0.0,0,1
GT-TND-2209-JN2M3-F,808,STRONG,47500,0.1782,48600.0,1,0
GT-WBR-2103-MEKJA-L,826,STRONG,44500,0.1754,46700.0,1,0
GT-KAR-2403-AC2PN-R,834,STRONG,43000,0.1743,46600.0,1,0
GT-MHD-2206-EFWE4-2,719,RELIABLE,20500,0.2281,17800.0,1,0
GT-KAF-2205-02NGE-I,802,STRONG,38000,0.1792,38600.0,1,0
GT-DLD-2310-18YD3-1,762,RELIABLE,25000,0.217,22100.0,1,0
GT-DLD-2107-ZAK40-6,777,RELIABLE,25500,0.2139,24600.0,1,0
GT-TNR-2112-BNX93-A,787,RELIABLE,40000,0.2119,42800.0,1,0
GT-DLD-2301-VFJES-K,811,STRONG,56500,0.1777,56800.0,1,0
GT-TGF-2306-TNGWF-K,843,STRONG,71000,0.1731,41100.0,1,0
GT-KLF-2307-A4F2C-5,783,RELIABLE,35000,0.2127,28200.0,1,0
GT-KAD-2403-7DKMB-1,799,RELIABLE,31500,0.2097,37900.0,1,0
GT-RJD-2206-DPR9V-G,753,RELIABLE,32500,0.2191,39300.0,1,0
GT-TGR-2203-HFC5N-R,643,EMERGING,12500,0.2966,11900.0,1,1
GT-WBD-2402-MMTPA-1,600,EMERGING,16500,0.3,0.0,0,0
GT-GJR-2203-MMYRZ-W,718,RELIABLE,23000,0.2284,0.0,0,0
GT-UPW-2306-3AS02-A,733,RELIABLE,33000,0.2242,0.0,0,0
GT-KLF-2311-RVG6C-D,764,RELIABLE,28000,0.2166,28900.0,1,0
GT-KLR-2403-8M0K5-8,868,STRONG,53000,0.1701,52900.0,1,0
GT-KAH-2301-2VEK4-L,667,RELIABLE,19000,0.2462,0.0,0,0
GT-TGD-2111-2YT0H-0,867,STRONG,78000,0.1702,52200.0,1,0
GT-WBC-2205-WV4EY-L,613,EMERGING,12000,0.3,11600.0,1,0
GT-WBW-2303-QJN4Y-X,713,RELIABLE,23000,0.2299,19900.0,1,0
GT-KLR-2307-3NCHF-9,800,STRONG,56000,0.1795,62100.0,1,0
GT-GJD-2208-1CZSR-Z,814,STRONG,56500,0.1772,34800.0,1,0
GT-TGD-2110-Y315A-X,600,EMERGING,20000,0.3,20200.0,1,0
GT-KLC-2204-7AAYJ-B,830,STRONG,41500,0.1748,45500.0,1,0
GT-UPD-2210-W4RRA-C,704,RELIABLE,20500,0.2328,22900.0,1,1
GT-UPC-2205-ZM4ZV-I,693,RELIABLE,18000,0.2364,16900.0,1,0
GT-GJR-2106-94ZP5-S,680,RELIABLE,30000,0.2411,30400.0,1,0
GT-KAR-2203-FA085-7,722,RELIABLE,24500,0.2272,25200.0,1,0
GT-KLF-2308-7JPMD-O,600,EMERGING,12500,0.3,13000.0,1,1
GT-UPD-2310-AAM1K-T,520,EMERGING,12000,0.3,0.0,0,1
GT-MHR-2109-7FYQ0-S,663,RELIABLE,21500,0.2478,15300.0,1,1
GT-DLH-2309-1A5JG-F,774,RELIABLE,25500,0.2145,24400.0,1,0
GT-TND-2111-5RPFK-8,600,EMERGING,19000,0.3,20200.0,1,1
GT-DLC-2106-XBB2Y-Z,809,STRONG,42000,0.178,40100.0,1,0
GT-GJH-2106-MNJ82-B,600,EMERGING,17500,0.3,15400.0,1,0
GT-WBD-2203-BG465-3,761,RELIABLE,36000,0.2173,37000.0,1,0
GT-DLR-2209-HQ9MT-S,833,STRONG,56000,0.1744,62800.0,1,0
GT-GJD-2102-2ZNE5-S,600,EMERGING,16000,0.3,13500.0,1,0
GT-DLF-2203-97SPB-4,600,EMERGING,22000,0.3,22200.0,1,0
GT-MHH-2310-RJNBN-O,715,RELIABLE,27000,0.2293,24100.0,1,1
GT-KLC-2402-6RRTC-H,735,RELIABLE,23500,0.2236,23600.0,1,0
GT-TNC-2209-08724-6,680,RELIABLE,17500,0.2411,21500.0,1,1
GT-DLD-2201-KG5WM-T,644,EMERGING,9000,0.2962,8200.0,1,0
GT-UPR-2304-VB74C-E,788,RELIABLE,27500,0.2117,28100.0,1,0
GT-UPD-2106-ESKHC-6,600,EMERGING,10500,0.3,0.0,0,0
GT-MHC-2103-SPNYY-D,730,RELIABLE,23000,0.225,24700.0,1,0
GT-KAD-2107-B24HQ-A,600,EMERGING,14000,0.3,0.0,0,0
GT-RJD-2109-X7GP1-N,797,RELIABLE,41000,0.2101,47500.0,1,0
GT-WBD-2305-TG847-P,680,RELIABLE,33000,0.2411,39300.0,1,0
GT-TGD-2102-V2BCD-7,771,RELIABLE,38000,0.2151,0.0,0,0
GT-TGD-2208-4TWNQ-J,777,RELIABLE,33000,0.2139,35700.0,1,0
GT-WBD-2309-PVBN5-T,688,RELIABLE,29000,0.2382,25500.0,1,0
GT-GJC-2210-NNQ32-8,614,EMERGING,11000,0.3,0.0,0,1
GT-KAW-2107-63596-B,589,EMERGING,9500,0.3,6900.0,1,0
GT-DLD-2105-GXE9M-N,520,EMERGING,13000,0.3,0.0,0,1
GT-KLW-2401-XYJ9D-6,633,EMERGING,11000,0.3,12300.0,1,0
GT-MHR-2111-48WK2-H,600,EMERGING,17500,0.3,14300.0,1,0
GT-KLW-2104-DRD88-6,600,EMERGING,10500,0.3,0.0,0,1
GT-TGD-2311-1TMJQ-H,721,RELIABLE,35000,0.2275,33700.0,1,0
GT-MHR-2101-ADJM9-C,794,RELIABLE,35000,0.2106,40500.0,1,0
GT-WBR-2404-PT7YP-D,709,RELIABLE,32000,0.2311,35800.0,1,0
GT-GJD-2205-B7XPV-M,872,STRONG,45000,0.1697,39300.0,1,0
GT-TNF-2308-3YGXV-B,663,RELIABLE,20000,0.2478,0.0,0,1
GT-UPW-2209-FJCG5-M,787,RELIABLE,29500,0.2119,28500.0,1,0
GT-KAW-2108-S6FKP-0,675,RELIABLE,17000,0.243,0.0,0,0
GT-MHR-2303-8DB9C-0,727,RELIABLE,20500,0.2258,0.0,0,0
GT-GJR-2401-2TV32-J,820,STRONG,61500,0.1763,59700.0,1,1
GT-WBW-2212-NG2FA-F,628,EMERGING,8500,0.3,7800.0,1,1
GT-GJD-2111-E849R-T,791,RELIABLE,25500,0.2112,27300.0,1,0
GT-RJD-2310-QKB5B-3,783,RELIABLE,34000,0.2127,36200.0,1,0
GT-KLR-2207-JR68G-S,719,RELIABLE,22500,0.2281,25100.0,1,1
GT-WBD-2212-Y9Q4J-Y,520,EMERGING,10500,0.3,0.0,0,1
GT-WBR-2208-02FN6-F,767,RELIABLE,36000,0.2159,33500.0,1,0
GT-KLD-2111-N453J-Q,729,RELIABLE,32000,0.2253,32200.0,1,0
GT-KLF-2304-0H3MY-A,766,RELIABLE,22000,0.2161,23100.0,1,1
GT-KAF-2205-ANTZG-E,755,RELIABLE,28000,0.2186,23000.0,1,0
GT-WBW-2303-86V7M-G,879,STRONG,50500,0.169,53900.0,1,0
GT-KLF-2203-BRMJC-P,741,RELIABLE,43500,0.2221,34800.0,1,0
GT-KAR-2204-B17VC-8,600,EMERGING,10500,0.3,0.0,0,0
GT-KLH-2211-61E7M-V,789,RELIABLE,33000,0.2115,33800.0,1,0
GT-UPW-2209-1WKA9-I,758,RELIABLE,25500,0.2179,23400.0,1,0
GT-MHR-2205-G4YY0-G,855,STRONG,57000,0.1716,67200.0,1,0
GT-GJD-2309-3Z1HB-B,823,STRONG,63500,0.1758,64000.0,1,0
GT-TGF-2212-4MTGK-H,773,RELIABLE,34500,0.2146,35200.0,1,0
GT-TNF-2111-X9AFC-F,872,STRONG,90000,0.1697,82700.0,1,0
GT-GJF-2205-GAH7J-A,600,EMERGING,9500,0.3,9600.0,1,1
GT-UPW-2302-K5H1E-I,705,RELIABLE,22000,0.2324,24300.0,1,1
GT-RJC-2303-J18Q2-3,600,EMERGING,13500,0.3,13500.0,1,0
GT-TGH-2202-YTDA8-D,600,EMERGING,15000,0.3,14000.0,1,0
GT-MHF-2209-KPB54-Q,659,RELIABLE,20000,0.2495,18700.0,1,0
GT-RJH-2307-SF2C5-I,680,RELIABLE,24500,0.2411,24600.0,1,1
GT-TNC-2308-J316V-X,747,RELIABLE,22000,0.2205,26000.0,1,0
GT-UPD-2205-9J2AV-U,651,RELIABLE,20500,0.253,0.0,0,1
GT-UPF-2309-8TRD2-K,662,RELIABLE,15500,0.2482,0.0,0,0
GT-KAD-2401-T5QY9-I,724,RELIABLE,25000,0.2266,21900.0,1,0
GT-TGD-2304-MG2G7-X,809,STRONG,53000,0.178,53800.0,1,0
GT-KAD-2403-2A54C-P,899,STRONG,64000,0.1671,59500.0,1,0
GT-GJR-2205-YPMGH-3,961,PRIME,130500,0.1427,81500.0,1,0
GT-UPD-2302-JGSDS-0,783,RELIABLE,30000,0.2127,27800.0,1,0
GT-WBD-2309-4PCWC-H,676,RELIABLE,17500,0.2427,0.0,0,0
GT-TND-2301-GTEGR-S,535,EMERGING,6000,0.3,0.0,0,0
GT-KLF-2305-WJH3B-G,774,RELIABLE,37500,0.2145,46400.0,1,0
GT-KAC-2402-NMN9H-S,667,RELIABLE,24000,0.2462,24200.0,1,0
GT-MHH-2212-FM1B5-J,685,RELIABLE,23500,0.2393,22400.0,1,0
GT-TNR-2206-68TF6-S,706,RELIABLE,23500,0.2321,27800.0,1,1
GT-KLD-2103-SVHN5-A,744,RELIABLE,21500,0.2213,0.0,0,0
GT-RJC-2206-946XQ-3,822,STRONG,49000,0.176,54800.0,1,0
GT-WBD-2304-YBT8Y-R,753,RELIABLE,17500,0.2191,15700.0,1,1
GT-KLH-2402-GWJ18-3,778,RELIABLE,27500,0.2136,31900.0,1,0
GT-KLF-2310-ZC6H8-Y,673,RELIABLE,19500,0.2438,15700.0,1,1
GT-WBR-2309-0RB80-N,592,EMERGING,10000,0.3,0.0,0,1
GT-MHD-2403-1WQSP-3,600,EMERGING,14000,0.3,11700.0,1,0
GT-RJD-2106-CP07C-7,753,RELIABLE,30500,0.2191,34400.0,1,1
GT-GJR-2305-EAN6K-N,925,PRIME,89500,0.145,99300.0,1,0
GT-MHR-2401-YXMRN-8,770,RELIABLE,31500,0.2153,38300.0,1,0
GT-RJC-2110-NDDQ2-C,822,STRONG,51500,0.176,43600.0,1,0
GT-TNF-2212-Z6KHB-R,600,EMERGING,16000,0.3,0.0,0,1
GT-UPR-2304-SQMAT-5,679,RELIABLE,26000,0.2415,24400.0,1,0
GT-DLD-2402-RP0ZX-O,667,RELIABLE,17000,0.2462,0.0,0,0
GT-KAR-2203-PYYEG-9,520,EMERGING,18500,0.3,0.0,0,0
GT-TGD-2210-4RVB0-M,894,STRONG,71000,0.1675,76600.0,1,0
GT-TGF-2402-02WNB-F,664,RELIABLE,21500,0.2474,23700.0,1,0
GT-RJF-2211-JSYCC-N,805,STRONG,43000,0.1787,42000.0,1,0
GT-MHW-2403-WZ25K-0,600,EMERGING,15500,0.3,15500.0,1,0
GT-KLR-2111-MAQ9A-E,680,RELIABLE,28000,0.2411,29100.0,1,0
GT-MHD-2204-1BGP9-A,520,EMERGING,20000,0.3,0.0,0,0
GT-KLW-2107-023CA-U,756,RELIABLE,19000,0.2184,18000.0,1,1
GT-UPF-2404-D913B-7,784,RELIABLE,30500,0.2125,28200.0,1,1
GT-TNF-2304-G5ZEZ-Q,600,EMERGING,13000,0.3,0.0,0,0
GT-KLR-2110-QV8RA-5,821,STRONG,40500,0.1761,43700.0,1,0
GT-TNC-2208-X9X60-Y,731,RELIABLE,20000,0.2247,18900.0,1,0
GT-GJD-2101-26X6F-Q,632,EMERGING,11000,0.3,10100.0,1,1
GT-KAR-2201-4MGNW-P,657,RELIABLE,20000,0.2503,20400.0,1,0
GT-MHW-2208-ATPTZ-J,778,RELIABLE,23000,0.2136,16900.0,1,0
GT-TND-2308-PSVRX-H,929,PRIME,78500,0.1447,69500.0,1,0
GT-DLW-2106-HMN3P-T,739,RELIABLE,33000,0.2226,36400.0,1,0
GT-DLR-2111-TD8RW-E,728,RELIABLE,24000,0.2256,21800.0,1,0
GT-TND-2107-TV6HP-E,760,RELIABLE,30000,0.2175,30300.0,1,0
GT-GJD-2305-AVNX0-2,876,STRONG,63000,0.1693,76100.0,1,0
GT-MHC-2304-C8X22-T,742,RELIABLE,30500,0.2218,26300.0,1,0
GT-UPW-2110-WGHQC-0,774,RELIABLE,32000,0.2145,31600.0,1,0
GT-RJD-2201-0Q0BS-X,834,STRONG,59500,0.1743,56300.0,1,0
GT-RJD-2106-DVZY0-X,772,RELIABLE,40500,0.2149,45700.0,1,0
GT-MHD-2305-0R48X-M,906,PRIME,90000,0.1465,88600.0,1,0
GT-RJD-2112-398HH-7,776,RELIABLE,33000,0.214,34100.0,1,0
GT-MHW-2401-6KYMD-3,690,RELIABLE,25500,0.2375,0.0,0,0
GT-MHD-2307-2VZ79-Z,612,EMERGING,8500,0.3,7800.0,1,0
GT-UPD-2306-B8X6B-H,881,STRONG,63500,0.1687,65500.0,1,0
GT-UPD-2112-A6Y1V-N,864,STRONG,53500,0.1705,46700.0,1,0
GT-MHF-2112-MW7HA-5,747,RELIABLE,35000,0.2205,31900.0,1,0
GT-TGF-2210-HGPFE-L,747,RELIABLE,33500,0.2205,34000.0,1,0
GT-TGF-2202-H2N36-V,835,STRONG,60000,0.1741,56800.0,1,0
GT-UPR-2207-QA65Y-F,678,RELIABLE,24500,0.2419,25800.0,1,0
GT-WBH-2105-69PHB-L,663,RELIABLE,21500,0.2478,21500.0,1,1
GT-GJR-2101-T8T61-R,805,STRONG,50000,0.1787,56300.0,1,0
GT-KAC-2305-CJ36G-Q,600,EMERGING,16000,0.3,12000.0,1,0
GT-KLF-2211-AT5CP-4,755,RELIABLE,24500,0.2186,21600.0,1,0
GT-WBD-2401-G0MCG-G,748,RELIABLE,26500,0.2203,25100.0,1,0
GT-GJW-2401-X23B0-V,726,RELIABLE,20000,0.2261,0.0,0,0
GT-TGF-2302-CDHW0-P,903,PRIME,68000,0.1468,65400.0,1,0
GT-DLF-2207-4J85N-Y,763,RELIABLE,22500,0.2168,24100.0,1,0
GT-GJD-2312-DYS55-2,792,RELIABLE,24500,0.211,32300.0,1,0
GT-DLR-2311-Y0166-V,632,EMERGING,8500,0.3,8200.0,1,1
GT-DLC-2212-KMSJR-D,722,RELIABLE,29500,0.2272,28000.0,1,1
GT-WBD-2207-AYMKT-R,656,RELIABLE,18500,0.2508,0.0,0,1
GT-TND-2104-WXPX1-3,655,RELIABLE,18000,0.2512,20400.0,1,1
GT-RJD-2312-5JA7G-Z,731,RELIABLE,21500,0.2247,25700.0,1,1
GT-GJR-2206-GZ9KM-5,680,RELIABLE,23500,0.2411,19600.0,1,0
GT-TNW-2310-787JP-Q,600,EMERGING,21000,0.3,0.0,0,0
GT-KAF-2109-MESXE-3,664,RELIABLE,16500,0.2474,15500.0,1,1
GT-TNC-2302-8Z0X4-O,760,RELIABLE,39000,0.2175,42900.0,1,0
GT-MHR-2210-F59WG-5,701,RELIABLE,23500,0.2337,0.0,0,0
GT-DLR-2101-9ZAB6-S,739,RELIABLE,21000,0.2226,24500.0,1,0
GT-DLD-2210-0WQ14-6,856,STRONG,65500,0.1714,66500.0,1,0
GT-GJD-2102-0927R-R,763,RELIABLE,25000,0.2168,21000.0,1,0
GT-MHW-2107-G0011-6,901,PRIME,104500,0.1469,106500.0,1,0
GT-MHD-2111-E69VY-K,718,RELIABLE,21500,0.2284,22000.0,1,0
GT-KAD-2302-BBZ5G-A,600,EMERGING,13000,0.3,16600.0,1,0
GT-KLC-2106-PF6E7-L,600,EMERGING,13000,0.3,0.0,0,1
GT-KLR-2205-DB6WX-0,600,EMERGING,18500,0.3,17500.0,1,0
GT-DLD-2203-9GBNX-P,780,RELIABLE,30000,0.2133,28800.0,1,0
GT-TGF-2207-Q7M2X-M,668,RELIABLE,17500,0.2458,0.0,0,1
GT-TNR-2111-6D4EZ-K,741,RELIABLE,24000,0.2221,19000.0,1,1
GT-WBC-2206-RD2JR-P,769,RELIABLE,29000,0.2155,22800.0,1,0
GT-WBF-2207-KPNC5-W,936,PRIME,133500,0.1442,116500.0,1,0
GT-DLD-2108-D0STR-0,873,STRONG,77000,0.1696,78800.0,1,0
GT-GJD-2303-SBT9M-Q,704,RELIABLE,20500,0.2328,0.0,0,0
GT-KAD-2210-MC3Y3-D,691,RELIABLE,22500,0.2371,28100.0,1,0
GT-GJF-2211-4CGKF-W,637,EMERGING,9500,0.2995,9700.0,1,0
GT-UPR-2307-Q2Z3M-P,679,RELIABLE,27000,0.2415,0.0,0,0
GT-KAW-2401-J0005-B,600,EMERGING,20000,0.3,21400.0,1,0
GT-UPR-2209-8Y93V-S,897,STRONG,62000,0.1672,53000.0,1,0
GT-UPD-2203-EX37Y-3,683,RELIABLE,20000,0.24,20600.0,1,0
GT-KLD-2302-98DJT-Y,679,RELIABLE,21000,0.2415,16800.0,1,0
GT-RJD-2108-7F31E-L,534,EMERGING,4500,0.3,0.0,0,1
GT-KAR-2210-3S8AT-J,728,RELIABLE,29000,0.2256,27300.0,1,0
GT-KAR-2302-9XZ2X-I,601,EMERGING,12000,0.3,11500.0,1,0
GT-MHH-2404-AVG2C-J,717,RELIABLE,30000,0.2287,27200.0,1,0
GT-WBD-2207-TZXKB-2,600,EMERGING,14000,0.3,0.0,0,0
GT-UPF-2110-ZCHSW-8,729,RELIABLE,27000,0.2253,0.0,0,1
GT-GJD-2112-N9058-N,582,EMERGING,6500,0.3,0.0,0,0
GT-TNF-2109-Y0WW2-A,629,EMERGING,8500,0.3,8200.0,1,1
GT-DLD-2101-G702X-U,900,PRIME,83500,0.147,68400.0,1,0
GT-KAF-2105-2TP6V-V,624,EMERGING,7500,0.3,6300.0,1,0
GT-TND-2101-KJZGK-2,624,EMERGING,9000,0.3,0.0,0,1
GT-TND-2307-WEKCG-I,919,PRIME,86000,0.1454,84800.0,1,0
GT-TNR-2104-QP6DX-3,915,PRIME,88500,0.1457,84800.0,1,0
GT-KAR-2108-BR1HJ-Q,639,EMERGING,12500,0.2985,14500.0,1,0
GT-DLR-2201-SNSR8-F,734,RELIABLE,28000,0.2239,27000.0,1,0
GT-RJD-2307-FF27H-U,767,RELIABLE,30000,0.2159,29600.0,1,0
GT-DLH-2103-8CYZD-A,906,PRIME,98000,0.1465,77400.0,1,0
GT-RJD-2301-P6HJ1-E,738,RELIABLE,25000,0.2229,26500.0,1,0
GT-KAR-2109-J0Y6S-X,693,RELIABLE,21000,0.2364,22200.0,1,0
GT-GJC-2103-2K0RQ-Y,842,STRONG,67500,0.1732,58900.0,1,0
GT-MHF-2204-24SPM-X,793,RELIABLE,27000,0.2107,29100.0,1,0
GT-TND-2101-M7JDH-G,703,RELIABLE,18000,0.2331,18400.0,1,0
GT-KLR-2403-XMJVQ-8,773,RELIABLE,28000,0.2146,25100.0,1,1
GT-UPD-2302-FZW61-8,633,EMERGING,10000,0.3,0.0,0,1
GT-WBR-2111-MX3NP-2,703,RELIABLE,25000,0.2331,0.0,0,0
GT-GJR-2107-737T7-9,680,RELIABLE,29500,0.2411,22300.0,1,0
GT-GJW-2307-NR9EB-K,600,EMERGING,20000,0.3,0.0,0,0
GT-UPC-2212-4JSSH-0,688,RELIABLE,23000,0.2382,22400.0,1,0
GT-WBD-2306-H9BV5-R,600,EMERGING,16500,0.3,0.0,0,0
GT-WBD-2104-6MDJS-1,814,STRONG,51500,0.1772,0.0,0,0
GT-KAR-2208-5EQDY-9,792,RELIABLE,33000,0.211,34100.0,1,0
GT-KLR-2201-ZW7ZB-E,801,STRONG,53500,0.1794,51600.0,1,0
GT-WBR-2104-N76GB-J,784,RELIABLE,37500,0.2125,38900.0,1,0
GT-DLF-2108-759GE-C,771,RELIABLE,23500,0.2151,22000.0,1,0
GT-MHR-2103-823AH-I,672,RELIABLE,21500,0.2442,21200.0,1,0
GT-GJH-2111-SF7KV-0,752,RELIABLE,25000,0.2193,30400.0,1,0
GT-UPR-2212-1QK3Q-6,728,RELIABLE,34000,0.2256,35700.0,1,0
GT-RJD-2209-C8W20-K,893,STRONG,59500,0.1676,65300.0,1,0
GT-RJD-2301-SE0NY-Z,873,STRONG,68000,0.1696,70800.0,1,0
GT-RJF-2205-QYXCP-C,600,EMERGING,16500,0.3,14100.0,1,0
GT-GJD-2203-M5AFV-O,685,RELIABLE,15500,0.2393,0.0,0,0
GT-KLD-2211-1KSCK-W,669,RELIABLE,15500,0.2454,15000.0,1,1
GT-KAD-2109-B4Y13-8,874,STRONG,58000,0.1695,65500.0,1,0
GT-TNW-2302-MVNSX-M,772,RELIABLE,34000,0.2149,40700.0,1,0
GT-TGH-2102-HV7CY-4,800,STRONG,51500,0.1795,48800.0,1,0
GT-GJR-2307-ZDKN9-N,619,EMERGING,7000,0.3,0.0,0,1
GT-DLD-2212-ADN1M-8,829,STRONG,56000,0.175,63200.0,1,0
GT-DLR-2307-KWP7M-C,753,RELIABLE,36000,0.2191,44300.0,1,0
GT-KLR-2305-B10GT-D,675,RELIABLE,20500,0.243,21900.0,1,1
GT-GJH-2111-EWPM9-I,716,RELIABLE,26000,0.229,24700.0,1,0
GT-GJR-2306-HAFQA-Y,754,RELIABLE,29000,0.2188,32600.0,1,0
GT-MHF-2307-J90F1-R,762,RELIABLE,34000,0.217,36100.0,1,0
GT-WBC-2303-1TMVG-Y,749,RELIABLE,34000,0.22,36700.0,1,1
GT-TGF-2303-X7S6T-3,739,RELIABLE,34500,0.2226,0.0,0,1
GT-GJD-2312-J4SMV-L,745,RELIABLE,32000,0.2211,28800.0,1,1
GT-KLF-2104-0YG81-E,727,RELIABLE,28000,0.2258,23400.0,1,0
GT-DLR-2206-47Y2R-D,872,STRONG,68000,0.1697,64000.0,1,0
GT-RJR-2109-E2V0W-K,548,EMERGING,7000,0.3,0.0,0,1
GT-GJH-2102-7S436-X,751,RELIABLE,27500,0.2196,28000.0,1,1
GT-TGD-2110-EDKT4-D,744,RELIABLE,28000,0.2213,19500.0,1,0
GT-KLR-2311-CGAST-2,787,RELIABLE,46000,0.2119,51000.0,1,0
GT-MHD-2307-NQK06-4,749,RELIABLE,21500,0.22,0.0,0,0
GT-GJD-2302-CRWZB-Z,671,RELIABLE,23500,0.2446,25500.0,1,1
GT-TNF-2205-MMVZD-S,806,STRONG,34000,0.1785,34900.0,1,0
GT-GJW-2208-5B4NA-4,911,PRIME,85500,0.1461,100400.0,1,0
GT-MHF-2109-WW8MS-8,673,RELIABLE,16000,0.2438,12900.0,1,0
GT-UPD-2401-GCNZF-Q,831,STRONG,53000,0.1747,54700.0,1,0
GT-KAD-2205-TSS0D-F,691,RELIABLE,24500,0.2371,20400.0,1,0
GT-TNR-2107-YRC89-O,737,RELIABLE,34500,0.2231,35400.0,1,0
GT-KLR-2301-N1JS6-O,678,RELIABLE,19000,0.2419,20200.0,1,1
GT-GJW-2105-MG6A4-P,744,RELIABLE,23000,0.2213,27500.0,1,0
GT-TGF-2301-23S69-5,890,STRONG,58000,0.1679,59300.0,1,0
GT-TNC-2110-5C35C-P,826,STRONG,45000,0.1754,44500.0,1,0
GT-KAW-2203-15G9E-K,871,STRONG,80500,0.1698,91700.0,1,0
GT-MHR-2402-8SVF6-M,830,STRONG,62500,0.1748,51600.0,1,0
GT-UPF-2109-C3KTD-G,750,RELIABLE,28500,0.2198,38300.0,1,0
GT-DLW-2203-6JGDK-Z,890,STRONG,65500,0.1679,70400.0,1,0
GT-KAH-2207-WPF3R-1,778,RELIABLE,30500,0.2136,30900.0,1,1
GT-TGR-2306-XDGD3-H,842,STRONG,56500,0.1732,43300.0,1,0
GT-TNF-2102-F0244-X,736,RELIABLE,30000,0.2233,27900.0,1,0
GT-KLR-2301-RRDT0-E,813,STRONG,48000,0.1774,54900.0,1,0
GT-DLW-2204-4ZQ8G-F,736,RELIABLE,29000,0.2233,0.0,0,1
GT-DLC-2103-WR1AT-A,833,STRONG,63500,0.1744,47500.0,1,0
GT-MHC-2105-62YR3-J,648,EMERGING,9000,0.2943,8900.0,1,1
GT-MHD-2206-G1R1J-4,835,STRONG,46500,0.1741,41600.0,1,0
GT-WBD-2112-ZSVCQ-I,732,RELIABLE,27500,0.2244,19600.0,1,0
GT-DLW-2102-KDYHG-I,828,STRONG,62500,0.1751,75800.0,1,0
GT-UPF-2207-4K3CY-P,520,EMERGING,24000,0.3,0.0,0,0
GT-RJC-2211-QPYYN-6,912,PRIME,88000,0.146,82100.0,1,0
GT-TGD-2109-Y77Q5-Z,787,RELIABLE,43000,0.2119,40000.0,1,0
GT-DLC-2101-6BSNV-9,520,EMERGING,9000,0.3,0.0,0,1
GT-RJF-2101-F7XRB-9,797,RELIABLE,30000,0.2101,30700.0,1,0
GT-KLD-2303-7VSNX-7,681,RELIABLE,14500,0.2407,14800.0,1,0
GT-KLD-2312-TJZ5J-5,773,RELIABLE,35000,0.2146,39900.0,1,0
GT-KLF-2301-SPJWM-1,890,STRONG,62500,0.1679,65500.0,1,0
GT-RJD-2106-51AQC-6,768,RELIABLE,31000,0.2157,27300.0,1,0
GT-UPW-2312-DG5T7-U,674,RELIABLE,21500,0.2434,19100.0,1,0
GT-KLR-2107-7EHCR-I,645,EMERGING,15000,0.2957,14300.0,1,0
GT-TNR-2312-Y06C9-O,756,RELIABLE,34000,0.2184,35800.0,1,1
GT-KLD-2111-H7DE3-6,662,RELIABLE,20500,0.2482,17200.0,1,1
GT-KAH-2102-MZEGF-V,600,EMERGING,13500,0.3,15200.0,1,0
GT-RJW-2304-7ENW7-J,825,STRONG,62500,0.1755,59600.0,1,0
GT-TNW-2306-3XCXR-D,863,STRONG,70000,0.1707,71600.0,1,0
GT-DLW-2309-NFW7T-O,600,EMERGING,22000,0.3,19700.0,1,0
GT-GJF-2312-2Z3VZ-L,561,EMERGING,5500,0.3,0.0,0,1
GT-MHH-2110-GJCG9-O,751,RELIABLE,36500,0.2196,40300.0,1,0
GT-KLF-2307-Y7GHY-Z,756,RELIABLE,26500,0.2184,31700.0,1,0
GT-UPR-2310-NDNJ3-0,765,RELIABLE,26500,0.2164,25000.0,1,0
GT-KAD-2308-G5JTP-P,880,STRONG,55000,0.1689,63600.0,1,0
GT-RJD-2106-WJ43Y-V,520,EMERGING,6000,0.3,0.0,0,1
GT-MHW-2101-F7YP6-C,714,RELIABLE,29000,0.2296,25300.0,1,0
GT-RJD-2403-DNQHQ-N,752,RELIABLE,39000,0.2193,38200.0,1,0
GT-RJW-2305-2W6CJ-4,600,EMERGING,10500,0.3,10000.0,1,1
GT-GJH-2210-TN81P-J,909,PRIME,110500,0.1462,121500.0,1,0
GT-GJR-2206-FEGAP-I,733,RELIABLE,28000,0.2242,24300.0,1,1
GT-RJD-2110-P4SET-E,802,STRONG,51000,0.1792,51000.0,1,0
GT-RJF-2107-1C9JC-9,694,RELIABLE,17000,0.2361,18800.0,1,0
GT-UPD-2204-40XJD-P,600,EMERGING,19500,0.3,0.0,0,0
GT-MHW-2105-97XBD-M,826,STRONG,39000,0.1754,40200.0,1,0
GT-GJR-2206-XWVCP-2,768,RELIABLE,25000,0.2157,22600.0,1,0
GT-DLR-2301-HGTM4-J,765,RELIABLE,34000,0.2164,28900.0,1,0
GT-KAR-2108-XCFRK-S,801,STRONG,36500,0.1794,42100.0,1,0
GT-MHR-2310-4Q4QJ-E,663,RELIABLE,17000,0.2478,18800.0,1,0
GT-TGD-2102-YDMXP-T,730,RELIABLE,19500,0.225,20000.0,1,0
GT-KLD-2308-KXF6X-H,727,RELIABLE,30000,0.2258,28900.0,1,0
GT-KAR-2210-KD9EZ-H,820,STRONG,66000,0.1763,62400.0,1,1
GT-KAC-2204-6Q6NE-E,600,EMERGING,24500,0.3,0.0,0,0
GT-KAD-2107-5FPJE-P,658,RELIABLE,27500,0.2499,22700.0,1,0
GT-MHD-2101-1KB5W-O,772,RELIABLE,22500,0.2149,24100.0,1,1
GT-WBD-2204-99Y7J-U,865,STRONG,72000,0.1704,57700.0,1,0
GT-RJR-2107-6TTAT-B,600,EMERGING,10500,0.3,0.0,0,1
GT-KAD-2110-JSF4X-L,675,RELIABLE,23500,0.243,0.0,0,1
GT-RJW-2112-W2JJ9-Z,732,RELIABLE,27500,0.2244,0.0,0,1
GT-KLD-2104-04BDR-Y,805,STRONG,36500,0.1787,41100.0,1,0
GT-KAF-2212-X1363-Q,760,RELIABLE,26000,0.2175,27800.0,1,0
GT-TGD-2111-S1SXT-W,837,STRONG,61000,0.1738,50300.0,1,0
GT-RJR-2201-R26WG-G,851,STRONG,41500,0.172,47400.0,1,0
GT-GJD-2403-7A3NZ-A,844,STRONG,53000,0.1729,45400.0,1,0
GT-MHW-2308-XET36-R,786,RELIABLE,24500,0.2121,25200.0,1,0
GT-MHH-2303-MSA9K-N,918,PRIME,106500,0.1455,106800.0,1,0
GT-TGD-2211-048JY-M,653,RELIABLE,20000,0.2521,0.0,0,0
GT-RJH-2310-1H8Z0-F,612,EMERGING,8000,0.3,8100.0,1,0
GT-KLD-2301-BRG5Q-Q,855,STRONG,72500,0.1716,57000.0,1,0
GT-TGR-2208-DMVA5-G,717,RELIABLE,21500,0.2287,23100.0,1,0
GT-WBF-2102-9HVJ0-K,600,EMERGING,14500,0.3,0.0,0,0
GT-WBD-2103-B32MQ-Y,880,STRONG,77000,0.1689,69800.0,1,0
GT-TGR-2210-5FB0R-F,627,EMERGING,7500,0.3,6300.0,1,1
GT-GJD-2306-6VV85-8,687,RELIABLE,19500,0.2386,19600.0,1,1
GT-DLF-2212-RJSG6-9,627,EMERGING,10000,0.3,9400.0,1,1
GT-WBR-2106-2AAGC-B,684,RELIABLE,23000,0.2397,0.0,0,0
GT-GJC-2105-SSKWB-S,783,RELIABLE,32500,0.2127,31800.0,1,0
GT-WBD-2306-3NPEB-H,798,RELIABLE,30500,0.2099,30700.0,1,0
GT-KLC-2307-XY5KY-W,600,EMERGING,23500,0.3,25400.0,1,0
GT-UPD-2102-T0W9D-P,609,EMERGING,8000,0.3,8000.0,1,0
GT-UPF-2301-9ZFQW-7,578,EMERGING,11000,0.3,0.0,0,1
GT-RJD-2305-9SG1T-K,724,RELIABLE,22000,0.2266,22200.0,1,0
GT-WBD-2106-WYE3V-E,714,RELIABLE,20000,0.2296,16200.0,1,0
GT-TND-2307-SESDJ-2,824,STRONG,56000,0.1757,42900.0,1,0
GT-WBF-2307-DEKT3-E,829,STRONG,55500,0.175,61300.0,1,0
GT-KLD-2304-VAZVH-P,775,RELIABLE,26000,0.2142,25800.0,1,0
GT-RJR-2307-JKV4V-P,874,STRONG,75500,0.1695,78300.0,1,0
GT-TNH-2209-E4GQJ-C,765,RELIABLE,34000,0.2164,36600.0,1,0
GT-TGD-2310-YMTRJ-M,786,RELIABLE,34000,0.2121,33200.0,1,1
GT-DLD-2309-G3SEW-T,682,RELIABLE,25500,0.2404,0.0,0,1
GT-KAD-2209-GYJ81-U,760,RELIABLE,31000,0.2175,36100.0,1,0
GT-TND-2210-PEDDC-O,745,RELIABLE,41000,0.2211,36500.0,1,0
GT-MHR-2103-V6S4E-0,800,STRONG,55000,0.1795,0.0,0,0
GT-TNW-2106-AWFAF-8,739,RELIABLE,23000,0.2226,25200.0,1,0
GT-KAD-2103-ENRBC-B,776,RELIABLE,25500,0.214,26600.0,1,0
GT-TND-2401-X02P2-F,600,EMERGING,11500,0.3,11700.0,1,1
GT-UPF-2404-8YTCJ-H,740,RELIABLE,24000,0.2223,20500.0,1,1
GT-RJD-2102-342D3-M,836,STRONG,59500,0.174,43100.0,1,0
GT-RJR-2103-T47AP-A,596,EMERGING,9500,0.3,0.0,0,1
GT-WBH-2109-X4FFA-S,670,RELIABLE,23500,0.245,0.0,0,0
GT-WBD-2103-AMGTE-7,624,EMERGING,6000,0.3,6200.0,1,1
GT-KLR-2102-00W76-W,580,EMERGING,8500,0.3,0.0,0,1
GT-WBW-2101-435T7-L,600,EMERGING,12500,0.3,0.0,0,0
GT-KAF-2203-R6RPN-X,760,RELIABLE,19500,0.2175,19900.0,1,0
GT-KLW-2105-QAJD9-B,786,RELIABLE,31500,0.2121,26300.0,1,0
GT-GJW-2207-Q6186-W,793,RELIABLE,52500,0.2107,47100.0,1,0
GT-GJR-2310-FPJWQ-F,837,STRONG,68000,0.1738,69200.0,1,0
GT-KAR-2104-TYZYD-L,849,STRONG,61500,0.1723,67500.0,1,0
GT-TGF-2101-WZPTA-3,723,RELIABLE,24000,0.2269,0.0,0,1
GT-TGF-2212-4R505-0,680,RELIABLE,41000,0.2411,0.0,0,0
GT-RJF-2312-GP11B-3,812,STRONG,56000,0.1775,46600.0,1,0
GT-TNR-2312-N26NJ-C,693,RELIABLE,19000,0.2364,20700.0,1,0
GT-TNW-2301-GS2Y9-H,735,RELIABLE,31000,0.2236,39800.0,1,0
GT-GJD-2111-58KQQ-Z,646,EMERGING,10000,0.2953,0.0,0,0
GT-KAD-2308-BATK3-S,520,EMERGING,16000,0.3,0.0,0,0
GT-UPR-2205-5DWVC-N,682,RELIABLE,29000,0.2404,26400.0,1,0
GT-KAD-2312-TTCXV-D,797,RELIABLE,41500,0.2101,38400.0,1,0
GT-DLF-2312-C2W4E-8,894,STRONG,73000,0.1675,70700.0,1,0
GT-TGD-2103-FBB0F-2,639,EMERGING,9500,0.2985,9400.0,1,1
GT-MHF-2108-WXNY7-8,795,RELIABLE,36500,0.2104,35500.0,1,0
GT-KAR-2304-82EA6-V,614,EMERGING,9000,0.3,0.0,0,1
GT-TGD-2402-7G2WZ-S,817,STRONG,49500,0.1767,0.0,0,0
GT-UPD-2211-EVS84-E,729,RELIABLE,25500,0.2253,25700.0,1,1
GT-DLR-2302-AEAHY-H,601,EMERGING,7000,0.3,7400.0,1,1
GT-DLW-2402-BM3G9-V,802,STRONG,56000,0.1792,55600.0,1,1
GT-GJR-2107-2111E-B,689,RELIABLE,17500,0.2379,0.0,0,0
GT-KLD-2403-FX0Z8-C,729,RELIABLE,25000,0.2253,29500.0,1,0
GT-WBD-2206-42KNS-3,689,RELIABLE,22500,0.2379,22400.0,1,1
GT-WBD-2201-WP82D-5,600,EMERGING,12000,0.3,0.0,0,0
GT-RJD-2302-XJ8ZX-T,796,RELIABLE,36000,0.2102,39900.0,1,0
GT-KAH-2206-FZFBY-5,732,RELIABLE,24500,0.2244,21000.0,1,0
GT-KLD-2106-216AJ-O,773,RELIABLE,36500,0.2146,36600.0,1,0
GT-TGD-2205-PSA0X-Y,765,RELIABLE,25500,0.2164,0.0,0,0
GT-TNC-2306-K0TMC-2,898,STRONG,71500,0.1672,86100.0,1,0
GT-GJF-2305-0TYC9-3,736,RELIABLE,30000,0.2233,28900.0,1,1
GT-KLR-2206-GJSNX-L,680,RELIABLE,14000,0.2411,11100.0,1,1
GT-KLF-2211-5AH19-H,884,STRONG,59500,0.1684,60600.0,1,0
GT-UPH-2105-YMGKP-J,731,RELIABLE,25000,0.2247,26300.0,1,1
GT-TGD-2203-QC8KT-6,892,STRONG,68000,0.1677,66000.0,1,0
GT-MHD-2211-1GF63-3,751,RELIABLE,27500,0.2196,0.0,0,1
GT-MHC-2401-54RC1-H,699,RELIABLE,22500,0.2344,24300.0,1,0
GT-RJW-2307-XFVBM-8,793,RELIABLE,32000,0.2107,32900.0,1,0
GT-MHH-2209-GY7YW-I,904,PRIME,84500,0.1466,95000.0,1,0
GT-TGD-2401-DY8E2-0,916,PRIME,94000,0.1457,100700.0,1,0
GT-TGH-2104-V4459-S,770,RELIABLE,32000,0.2153,31900.0,1,0
GT-UPR-2302-GKJP5-6,797,RELIABLE,22500,0.2101,20200.0,1,0
GT-TNF-2403-9SWVC-H,873,STRONG,62500,0.1696,69400.0,1,0
GT-UPC-2211-P6999-9,674,RELIABLE,18000,0.2434,0.0,0,1
GT-WBD-2401-WM6Q6-0,772,RELIABLE,32500,0.2149,30300.0,1,0
GT-RJD-2210-HM8YK-F,752,RELIABLE,26500,0.2193,0.0,0,0
GT-MHF-2108-3ZS4Y-U,808,STRONG,37000,0.1782,41600.0,1,0
GT-UPC-2103-KWHGZ-Q,656,RELIABLE,21500,0.2508,22600.0,1,0
GT-UPD-2306-6SG8F-W,632,EMERGING,14500,0.3,12500.0,1,0
GT-RJC-2210-11162-4,628,EMERGING,9000,0.3,7000.0,1,1
GT-TGR-2111-D19QJ-7,685,RELIABLE,19500,0.2393,17400.0,1,1
GT-TNR-2303-P6KKN-7,712,RELIABLE,21500,0.2302,19900.0,1,0
GT-WBD-2103-KFM9D-2,746,RELIABLE,31500,0.2208,26900.0,1,0
GT-KLC-2202-PE6HS-F,858,STRONG,59500,0.1712,59600.0,1,0
GT-MHD-2307-M1M29-J,823,STRONG,66000,0.1758,64400.0,1,0
GT-GJR-2301-ES761-9,676,RELIABLE,14000,0.2427,13900.0,1,0
GT-DLD-2307-3V7DE-2,762,RELIABLE,30500,0.217,29300.0,1,0
GT-UPC-2403-2SPRM-Q,750,RELIABLE,29000,0.2198,26300.0,1,1
GT-TGW-2301-ECXXF-E,753,RELIABLE,29500,0.2191,31300.0,1,0
GT-RJD-2106-TVC4N-U,757,RELIABLE,34500,0.2182,33600.0,1,0
GT-MHD-2304-51G8H-C,786,RELIABLE,37000,0.2121,39100.0,1,1
GT-MHR-2111-9AT2C-9,747,RELIABLE,29500,0.2205,37200.0,1,0
GT-KLR-2106-X5F96-P,850,STRONG,48500,0.1722,40800.0,1,0
GT-TNW-2109-DG4JR-3,658,RELIABLE,20000,0.2499,21200.0,1,1
GT-KAR-2201-6XK3Z-F,750,RELIABLE,24500,0.2198,20600.0,1,0
GT-RJR-2310-NP814-E,944,PRIME,142500,0.1437,152100.0,1,0
GT-TGF-2301-SXXA6-M,803,STRONG,50000,0.179,54700.0,1,0
GT-KLR-2103-R97A1-P,892,STRONG,80000,0.1677,0.0,0,0
GT-TGD-2107-H7WPR-D,742,RELIABLE,29500,0.2218,25400.0,1,1
GT-UPD-2212-RVQ14-X,808,STRONG,52000,0.1782,58300.0,1,0
GT-WBD-2106-5K8W5-B,760,RELIABLE,19000,0.2175,21200.0,1,1
GT-TGF-2101-V0HK2-A,716,RELIABLE,24500,0.229,0.0,0,0
GT-TGD-2208-GKQ5A-V,734,RELIABLE,21000,0.2239,27500.0,1,1
GT-DLR-2312-75WJE-O,790,RELIABLE,34000,0.2113,38400.0,1,0
GT-UPD-2401-32FR0-9,655,RELIABLE,19500,0.2512,0.0,0,0
GT-WBF-2206-40QDZ-N,807,STRONG,50500,0.1783,46500.0,1,0
GT-KAD-2110-NYWT5-4,845,STRONG,56000,0.1728,54400.0,1,0
GT-TNR-2101-QBESZ-L,810,STRONG,58000,0.1779,44300.0,1,0
GT-TGD-2403-5KDJ0-H,759,RELIABLE,18000,0.2177,17100.0,1,0
GT-RJD-2207-GM82C-P,795,RELIABLE,42500,0.2104,48500.0,1,0
GT-TGD-2306-SJXRC-4,600,EMERGING,14000,0.3,15600.0,1,0
GT-WBR-2108-BPAWG-O,680,RELIABLE,44000,0.2411,43900.0,1,0
GT-KAW-2105-5S363-3,619,EMERGING,9000,0.3,0.0,0,1
GT-TND-2203-GJVAW-Y,680,RELIABLE,24500,0.2411,23500.0,1,1
GT-DLW-2110-YXH65-2,574,EMERGING,7500,0.3,0.0,0,1
GT-TGF-2306-7MA25-K,597,EMERGING,8000,0.3,8700.0,1,1
GT-RJR-2309-1E9MA-S,850,STRONG,69000,0.1722,75300.0,1,0
GT-KLF-2207-THJR3-A,822,STRONG,33000,0.176,30700.0,1,1
GT-DLD-2201-43KXS-V,690,RELIABLE,20000,0.2375,22800.0,1,0
GT-GJF-2301-X6H10-R,612,EMERGING,10500,0.3,0.0,0,0
GT-KLW-2207-TE8S5-E,541,EMERGING,6000,0.3,0.0,0,1
GT-DLW-2307-YVG5V-J,733,RELIABLE,22500,0.2242,20800.0,1,0
GT-TGD-2103-458H2-9,941,PRIME,135500,0.1439,162500.0,1,0
GT-WBF-2211-G36W6-8,783,RELIABLE,44000,0.2127,46200.0,1,0
GT-KAD-2204-GK6NN-G,655,RELIABLE,21500,0.2512,25200.0,1,1
GT-TGR-2403-YT1H4-P,819,STRONG,66500,0.1764,73100.0,1,0
GT-MHD-2212-HJ6GZ-I,600,EMERGING,12500,0.3,13200.0,1,1
GT-TND-2106-KJRGY-L,721,RELIABLE,23500,0.2275,26800.0,1,1
GT-MHF-2210-CZPQE-6,727,RELIABLE,25000,0.2258,21700.0,1,0
GT-UPC-2108-PDSSQ-D,756,RELIABLE,27000,0.2184,23000.0,1,0
GT-RJD-2209-67QMM-G,861,STRONG,43500,0.1709,47700.0,1,0
GT-DLR-2208-3DDW4-V,600,EMERGING,18000,0.3,13600.0,1,0
GT-KAF-2404-4SAKF-4,600,EMERGING,17500,0.3,0.0,0,0
GT-TGH-2104-730EX-S,748,RELIABLE,24500,0.2203,24900.0,1,0
GT-MHF-2103-5KNYM-E,814,STRONG,52000,0.1772,50600.0,1,0
GT-TGD-2105-WM8Q0-0,866,STRONG,58000,0.1703,59800.0,1,0
GT-WBD-2303-98F4M-V,679,RELIABLE,19000,0.2415,18000.0,1,1
GT-TGF-2307-X3S05-M,679,RELIABLE,15500,0.2415,20000.0,1,1
GT-WBD-2212-TPPYE-B,833,STRONG,52000,0.1744,46400.0,1,0
GT-WBC-2401-84ZBZ-1,600,EMERGING,12000,0.3,0.0,0,0
GT-MHC-2103-VNNYN-V,855,STRONG,54000,0.1716,50200.0,1,0
GT-GJH-2209-DV00Z-Y,712,RELIABLE,16500,0.2302,0.0,0,0
GT-GJD-2404-8DN2Y-M,889,STRONG,66000,0.168,58000.0,1,0
GT-MHF-2202-BXWHR-E,748,RELIABLE,31000,0.2203,32100.0,1,0
GT-TGF-2212-PNJW5-8,739,RELIABLE,29000,0.2226,33100.0,1,0
GT-DLD-2403-ER2QW-J,921,PRIME,103500,0.1453,115800.0,1,0
GT-TND-2312-CJJ1Q-D,711,RELIABLE,22000,0.2305,20900.0,1,0
GT-UPD-2303-NQMKE-F,648,EMERGING,11500,0.2943,10200.0,1,0
GT-WBR-2207-AZD6Z-X,722,RELIABLE,29500,0.2272,32500.0,1,0
GT-KLH-2202-MM1SC-4,793,RELIABLE,31000,0.2107,28700.0,1,0
GT-WBC-2106-S7JDS-Z,617,EMERGING,9500,0.3,8600.0,1,0
GT-KAD-2304-Y3QRF-3,834,STRONG,68000,0.1743,67500.0,1,0
GT-UPR-2301-XGGSP-B,733,RELIABLE,26000,0.2242,27600.0,1,1
GT-KAD-2201-HRK2P-Y,914,PRIME,72000,0.1459,62000.0,1,0
GT-TND-2403-H8AEB-F,562,EMERGING,6500,0.3,0.0,0,0
GT-KLD-2105-HHVEK-U,682,RELIABLE,20500,0.2404,18900.0,1,0
GT-KLF-2302-QR77G-T,629,EMERGING,10500,0.3,0.0,0,1
GT-MHF-2112-JWVYE-9,700,RELIABLE,25000,0.2341,27400.0,1,0
GT-KLW-2306-MRMXD-1,749,RELIABLE,36500,0.22,44300.0,1,0
GT-KLC-2212-FDPYZ-1,749,RELIABLE,30500,0.22,30100.0,1,0
GT-RJD-2210-2D3WD-9,713,RELIABLE,16500,0.2299,0.0,0,0
GT-RJW-2201-NAB59-6,680,RELIABLE,27000,0.2411,24400.0,1,1
GT-KAD-2312-YK8H1-P,830,STRONG,49500,0.1748,58700.0,1,0
GT-MHR-2304-YERBV-F,692,RELIABLE,22500,0.2368,0.0,0,0
GT-GJR-2401-34Q8D-P,793,RELIABLE,41000,0.2107,41400.0,1,0
GT-MHD-2103-69DDN-T,824,STRONG,52000,0.1757,55900.0,1,0
GT-DLD-2210-Q5VA6-T,792,RELIABLE,34000,0.211,32800.0,1,0
GT-KLD-2303-PXEY1-F,768,RELIABLE,31000,0.2157,35700.0,1,0
GT-KLD-2212-XK0HP-8,809,STRONG,33000,0.178,28900.0,1,1
GT-DLH-2203-SGKM7-H,875,STRONG,68500,0.1693,54100.0,1,0
GT-WBD-2203-5XQ90-W,709,RELIABLE,26500,0.2311,37300.0,1,0
GT-WBR-2111-N7E73-T,600,EMERGING,15500,0.3,0.0,0,0
GT-DLH-2310-A18YQ-7,665,RELIABLE,17000,0.247,0.0,0,1
GT-DLR-2309-2Q3DC-5,740,RELIABLE,30500,0.2223,34400.0,1,1
GT-TGR-2206-Y470K-L,654,RELIABLE,17000,0.2517,14600.0,1,1
GT-GJC-2208-339PY-B,666,RELIABLE,19500,0.2466,22600.0,1,1
GT-RJD-2301-2SXCW-M,763,RELIABLE,26500,0.2168,25700.0,1,0
GT-RJD-2112-VDWBP-U,600,EMERGING,21000,0.3,21300.0,1,0
GT-KAR-2107-3E2Z5-T,729,RELIABLE,28500,0.2253,22100.0,1,0
GT-GJR-2308-GBAHC-C,702,RELIABLE,35000,0.2334,32700.0,1,0
GT-GJW-2209-MK45P-I,791,RELIABLE,32000,0.2112,31400.0,1,1
GT-KAD-2302-VY0JB-D,800,STRONG,50500,0.1795,47900.0,1,1
GT-RJF-2205-C7RSF-D,704,RELIABLE,26500,0.2328,0.0,0,0
GT-WBF-2105-274MX-Q,600,EMERGING,16000,0.3,0.0,0,1
GT-UPH-2112-QCH72-W,804,STRONG,52000,0.1788,51000.0,1,0
GT-GJD-2105-3GNVR-G,600,EMERGING,16000,0.3,0.0,0,0
GT-TND-2203-BKB6S-O,662,RELIABLE,15500,0.2482,0.0,0,1
GT-DLH-2312-4M9X8-W,795,RELIABLE,27500,0.2104,31100.0,1,0
GT-TNF-2101-AQGXZ-6,804,STRONG,41000,0.1788,49700.0,1,0
GT-UPD-2209-ATN4M-V,724,RELIABLE,19500,0.2266,23500.0,1,0
GT-GJD-2105-N8GFP-I,804,STRONG,39000,0.1788,42700.0,1,0
GT-GJW-2306-X4E4Z-B,651,RELIABLE,18500,0.253,12900.0,1,0
GT-MHR-2204-NFHW2-O,832,STRONG,58500,0.1746,66100.0,1,0
GT-KAR-2110-JAYRT-7,861,STRONG,57000,0.1709,49500.0,1,1
GT-GJC-2311-JPKP4-Y,745,RELIABLE,26000,0.2211,20000.0,1,0
GT-KLD-2109-26PA3-A,791,RELIABLE,28500,0.2112,24000.0,1,0
GT-TND-2302-AW283-9,578,EMERGING,7500,0.3,0.0,0,1
GT-TGF-2301-T7F6F-X,600,EMERGING,10000,0.3,0.0,0,1
GT-KLC-2302-X1QM4-E,743,RELIABLE,23000,0.2215,21400.0,1,0
GT-DLD-2311-WKSSY-3,684,RELIABLE,23000,0.2397,23400.0,1,1
GT-WBF-2311-DGA9P-C,680,RELIABLE,20000,0.2411,18000.0,1,0
GT-KAD-2109-KKR08-E,939,PRIME,152500,0.1441,182500.0,1,0
GT-DLD-2111-G3DV4-0,687,RELIABLE,24500,0.2386,0.0,0,1
GT-TNC-2105-CM5NM-R,600,EMERGING,12000,0.3,0.0,0,0
GT-GJD-2401-NCF26-X,762,RELIABLE,27000,0.217,23600.0,1,1
GT-TND-2107-9S0KB-O,910,PRIME,93000,0.1462,84000.0,1,0
GT-TGW-2203-Y01YR-N,652,RELIABLE,16500,0.2526,14400.0,1,0
GT-DLR-2202-1EJSA-J,856,STRONG,51000,0.1714,53900.0,1,0
GT-MHR-2201-22EY7-5,860,STRONG,52000,0.171,57500.0,1,0
GT-UPW-2310-CVMP7-O,561,EMERGING,7000,0.3,0.0,0,1
GT-GJD-2107-RP5BC-8,668,RELIABLE,16500,0.2458,17700.0,1,0
GT-GJF-2202-0WEYM-W,710,RELIABLE,32000,0.2308,26900.0,1,0
GT-WBD-2206-TCNE2-Y,689,RELIABLE,19500,0.2379,20200.0,1,1
GT-MHD-2206-9R23T-L,837,STRONG,58500,0.1738,56800.0,1,0
GT-WBF-2112-G25JJ-X,600,EMERGING,11500,0.3,0.0,0,0
GT-UPD-2304-GN6Y9-P,598,EMERGING,8000,0.3,0.0,0,0
GT-TGC-2104-H0D98-A,819,STRONG,73500,0.1764,59700.0,1,0
GT-UPC-2202-8CXJ1-W,520,EMERGING,13500,0.3,0.0,0,0
GT-TNC-2305-DJQK1-T,802,STRONG,39500,0.1792,37500.0,1,0
GT-WBD-2402-Z57CM-P,684,RELIABLE,21500,0.2397,0.0,0,0
GT-TND-2203-2SHW7-3,520,EMERGING,12000,0.3,0.0,0,1
GT-KLC-2206-ZNW2P-M,600,EMERGING,22000,0.3,21700.0,1,0
GT-MHR-2105-T3RV4-0,808,STRONG,46500,0.1782,50200.0,1,0
GT-DLF-2107-QBR04-3,784,RELIABLE,28000,0.2125,36500.0,1,0
GT-GJW-2311-HBH0D-B,664,RELIABLE,18500,0.2474,25000.0,1,1
GT-KAD-2201-SNJBG-R,794,RELIABLE,28500,0.2106,22600.0,1,0
GT-WBD-2404-S6FMK-E,652,RELIABLE,15000,0.2526,0.0,0,1
GT-KAF-2212-7VSQQ-3,789,RELIABLE,31000,0.2115,27000.0,1,0
GT-WBF-2107-2WRTV-L,637,EMERGING,10000,0.2995,10900.0,1,0
GT-TND-2402-8AY8Z-C,770,RELIABLE,32500,0.2153,30500.0,1,0
GT-MHF-2212-Z10QT-B,690,RELIABLE,27000,0.2375,27100.0,1,1
GT-TGW-2106-1JZY3-D,686,RELIABLE,19500,0.2389,21800.0,1,1
GT-TNR-2207-3J6ZN-E,836,STRONG,43500,0.174,39100.0,1,0
GT-KAD-2312-R1QHM-E,766,RELIABLE,24000,0.2161,25000.0,1,0
GT-WBW-2208-PG39C-7,683,RELIABLE,25000,0.24,20000.0,1,0
GT-WBW-2402-5TM3Y-X,853,STRONG,80500,0.1718,74300.0,1,0
GT-GJH-2105-JWX64-F,600,EMERGING,13500,0.3,14300.0,1,1
GT-KLD-2305-JWFP4-R,600,EMERGING,18000,0.3,18500.0,1,0
GT-UPC-2202-J5PF5-S,600,EMERGING,15500,0.3,0.0,0,0
GT-UPW-2101-K9BBC-N,721,RELIABLE,26500,0.2275,23700.0,1,1
GT-GJF-2305-MS2NX-0,600,EMERGING,23000,0.3,26200.0,1,0
GT-GJD-2210-5Z1G2-Y,726,RELIABLE,23000,0.2261,18200.0,1,1
GT-UPD-2312-D6TWW-S,710,RELIABLE,26500,0.2308,24400.0,1,0
GT-GJR-2102-YMXAM-J,862,STRONG,63000,0.1708,68400.0,1,0
GT-WBD-2111-QMQQH-M,660,RELIABLE,17000,0.2491,15500.0,1,1
GT-UPD-2210-X2R4N-8,572,EMERGING,5000,0.3,0.0,0,1
GT-KLC-2304-55DDH-3,895,STRONG,51500,0.1674,47600.0,1,0
GT-TGD-2210-DCDG4-7,926,PRIME,90000,0.145,87700.0,1,0
GT-DLH-2204-3T0Y4-H,766,RELIABLE,35500,0.2161,31300.0,1,0
GT-TGR-2403-F682Q-7,560,EMERGING,10500,0.3,0.0,0,1
GT-KAW-2204-7GFV7-Q,734,RELIABLE,21000,0.2239,17800.0,1,0
GT-TND-2401-WGD32-1,732,RELIABLE,26000,0.2244,28200.0,1,0
GT-RJF-2110-CSMP5-T,709,RELIABLE,25000,0.2311,26500.0,1,1
GT-KAR-2301-Y92XS-2,661,RELIABLE,18000,0.2487,0.0,0,0
GT-RJC-2101-ZZWSN-R,864,STRONG,69500,0.1705,65900.0,1,0
GT-WBD-2211-2RFFQ-8,816,STRONG,53500,0.1769,49400.0,1,0
GT-TND-2101-MTY13-4,654,RELIABLE,19000,0.2517,24200.0,1,1
GT-TGH-2109-7RCFS-K,823,STRONG,55000,0.1758,50500.0,1,0
GT-RJD-2103-NQJGM-P,896,STRONG,66000,0.1674,72400.0,1,0
GT-MHF-2401-0NX2Q-O,795,RELIABLE,39500,0.2104,36700.0,1,0
GT-WBD-2107-N99B7-Z,724,RELIABLE,28000,0.2266,27000.0,1,1
GT-DLD-2205-AHB8X-Z,763,RELIABLE,32500,0.2168,35000.0,1,0
GT-WBF-2307-RV6Q0-6,600,EMERGING,16000,0.3,0.0,0,0
GT-UPR-2311-K91AW-4,589,EMERGING,9000,0.3,10600.0,1,1
GT-KLR-2204-NWS67-T,771,RELIABLE,37000,0.2151,41100.0,1,0
GT-DLR-2301-FVMV8-5,749,RELIABLE,34000,0.22,0.0,0,0
GT-GJW-2108-PH46K-Q,906,PRIME,123500,0.1465,117000.0,1,0
GT-TGH-2311-N12NE-M,754,RELIABLE,25500,0.2188,29400.0,1,1
GT-WBD-2207-QZ2KW-S,892,STRONG,70500,0.1677,79900.0,1,0
GT-MHD-2303-VXJ76-G,680,RELIABLE,14000,0.2411,0.0,0,0
GT-RJD-2102-11N73-S,829,STRONG,29500,0.175,38100.0,1,0
GT-MHW-2202-WSCSG-C,792,RELIABLE,37500,0.211,0.0,0,0
GT-KAR-2106-KS8E8-K,660,RELIABLE,17000,0.2491,10700.0,1,0
GT-UPF-2208-EABWT-O,739,RELIABLE,19500,0.2226,25400.0,1,1
GT-TGR-2303-MK393-T,875,STRONG,54500,0.1693,59700.0,1,0
GT-KAF-2201-TW1NK-U,692,RELIABLE,25500,0.2368,31500.0,1,0
GT-GJW-2110-5TTNY-1,520,EMERGING,11000,0.3,0.0,0,1
GT-DLR-2301-8X5B6-4,718,RELIABLE,19500,0.2284,18100.0,1,0
GT-KLR-2403-F487R-0,718,RELIABLE,26500,0.2284,25800.0,1,0
GT-KLD-2311-XQPPB-8,693,RELIABLE,22500,0.2364,22900.0,1,1
GT-WBR-2304-X747K-R,706,RELIABLE,26500,0.2321,26500.0,1,0
GT-TGD-2205-3YZ63-5,600,EMERGING,9500,0.3,10300.0,1,1
GT-TGC-2210-PRJC7-P,635,EMERGING,8500,0.3,6600.0,1,0
GT-GJR-2208-RF4J1-I,821,STRONG,36000,0.1761,35800.0,1,0
GT-KLD-2404-F10P9-F,600,EMERGING,12000,0.3,0.0,0,0
GT-GJD-2307-M9MY2-U,519,EMERGING,6500,0.3,0.0,0,1
GT-KAR-2308-0AK91-X,813,STRONG,54000,0.1774,48500.0,1,0
GT-MHC-2205-424FR-A,791,RELIABLE,30500,0.2112,36400.0,1,0
GT-GJD-2201-ZF9ZF-5,685,RELIABLE,27000,0.2393,26400.0,1,0
GT-TND-2211-HE4NJ-X,625,EMERGING,9500,0.3,0.0,0,0
GT-TGR-2104-DRZGG-G,843,STRONG,56500,0.1731,50800.0,1,0
GT-TGH-2209-TH548-E,759,RELIABLE,28500,0.2177,25900.0,1,0
GT-WBC-2101-K5A7X-1,931,PRIME,127000,0.1446,123200.0,1,0
GT-DLD-2205-C1VK4-H,760,RELIABLE,25000,0.2175,21300.0,1,0
GT-KAF-2110-325CC-P,794,RELIABLE,37500,0.2106,42600.0,1,0
GT-DLW-2403-FJZRM-U,759,RELIABLE,23500,0.2177,24900.0,1,1
GT-GJW-2401-BVH1E-1,888,STRONG,84500,0.1681,83200.0,1,1
GT-GJR-2211-SMC0V-S,827,STRONG,50500,0.1752,46100.0,1,1
GT-RJW-2106-TEPZ7-3,847,STRONG,72000,0.1726,58900.0,1,0
GT-MHF-2111-W24RJ-T,734,RELIABLE,24500,0.2239,22500.0,1,0
GT-MHD-2302-EN2BJ-U,689,RELIABLE,25500,0.2379,23100.0,1,0
GT-MHD-2401-K344Y-A,746,RELIABLE,29000,0.2208,31800.0,1,0
GT-WBR-2208-BNP1Q-4,791,RELIABLE,39500,0.2112,43400.0,1,0
GT-WBD-2404-JAZN9-9,869,STRONG,77000,0.17,59600.0,1,0
GT-MHR-2102-NYYKS-4,693,RELIABLE,13000,0.2364,14500.0,1,0
GT-TGW-2202-JBFZV-6,700,RELIABLE,20500,0.2341,21300.0,1,0
GT-KAC-2108-5Z57K-9,797,RELIABLE,33000,0.2101,33500.0,1,0
GT-GJD-2208-0HDKJ-T,699,RELIABLE,28000,0.2344,27000.0,1,0
GT-WBD-2310-J81CE-C,856,STRONG,63500,0.1714,74200.0,1,0
GT-KAF-2208-2RNJ9-T,554,EMERGING,6500,0.3,0.0,0,0
GT-KAR-2108-GXEBJ-Q,520,EMERGING,11000,0.3,0.0,0,1
GT-UPD-2212-2G5VT-P,733,RELIABLE,25500,0.2242,27200.0,1,0
GT-RJW-2105-5ADCZ-C,563,EMERGING,8500,0.3,0.0,0,1
GT-RJD-2303-VE3H0-O,685,RELIABLE,25000,0.2393,17500.0,1,1
GT-WBD-2101-NPNSP-E,729,RELIABLE,23500,0.2253,24200.0,1,1
GT-WBW-2204-MDTNZ-E,803,STRONG,65500,0.179,71900.0,1,0
GT-RJF-2206-ST8VM-E,873,STRONG,66000,0.1696,80500.0,1,1
GT-RJR-2302-ES0K0-Z,732,RELIABLE,26000,0.2244,21300.0,1,1
GT-KLF-2101-VWPQ2-P,520,EMERGING,14000,0.3,0.0,0,1
GT-TNC-2209-4KMZE-A,752,RELIABLE,33500,0.2193,32600.0,1,0
GT-TGD-2306-RCZ53-D,811,STRONG,61500,0.1777,0.0,0,1
GT-KAF-2210-P486D-B,674,RELIABLE,17500,0.2434,0.0,0,0
GT-MHD-2311-A6NS5-N,653,RELIABLE,21500,0.2521,0.0,0,0
GT-TNR-2305-5YYZ6-A,795,RELIABLE,35000,0.2104,36400.0,1,0
GT-RJR-2308-90FTG-W,725,RELIABLE,38500,0.2264,49600.0,1,0
GT-TGR-2305-1AFAR-6,811,STRONG,83000,0.1777,105400.0,1,0
GT-WBD-2311-0V8CS-K,757,RELIABLE,26000,0.2182,22500.0,1,0
GT-RJW-2208-WVE5W-F,816,STRONG,60000,0.1769,57600.0,1,0
GT-TGR-2103-KCJ0D-Z,649,EMERGING,9000,0.2939,7300.0,1,0
GT-TNC-2306-PHJB5-K,788,RELIABLE,28000,0.2117,33800.0,1,0
GT-UPR-2106-EF83T-9,733,RELIABLE,25000,0.2242,23000.0,1,0
GT-TNW-2305-63PDT-R,696,RELIABLE,27000,0.2354,28500.0,1,1
GT-TNR-2101-3BYBH-9,596,EMERGING,10000,0.3,0.0,0,1
GT-RJR-2209-WDH07-F,809,STRONG,49500,0.178,48400.0,1,0
GT-TGF-2403-FAYAZ-8,600,EMERGING,14000,0.3,0.0,0,0
GT-DLW-2110-3D6KV-4,666,RELIABLE,20000,0.2466,20100.0,1,0
GT-RJR-2105-JXTAH-7,746,RELIABLE,32000,0.2208,35500.0,1,0
GT-GJR-2309-KQAVT-A,822,STRONG,48000,0.176,44000.0,1,0
GT-UPR-2304-JG0P6-2,521,EMERGING,5000,0.3,4800.0,1,1
GT-TNF-2212-D1V8A-U,630,EMERGING,7000,0.3,0.0,0,1
GT-UPR-2306-DQ3P1-7,692,RELIABLE,15000,0.2368,17700.0,1,1
GT-KLW-2110-HF7X6-3,883,STRONG,63000,0.1686,57800.0,1,0
GT-MHR-2102-G1003-C,790,RELIABLE,30500,0.2113,27500.0,1,0
GT-MHR-2203-GH5YZ-T,833,STRONG,57500,0.1744,63900.0,1,1
GT-WBF-2205-WH87N-H,704,RELIABLE,23500,0.2328,0.0,0,1
GT-UPH-2210-NC0T0-J,651,RELIABLE,16000,0.253,0.0,0,1
GT-KAD-2303-503NX-8,786,RELIABLE,34500,0.2121,41300.0,1,0
GT-WBD-2209-Y17GT-8,759,RELIABLE,21000,0.2177,19600.0,1,0
GT-MHD-2202-Y006B-3,805,STRONG,35000,0.1787,34200.0,1,0
GT-KLF-2205-RX50B-4,801,STRONG,38000,0.1794,40200.0,1,0
GT-UPR-2208-1XFCB-S,776,RELIABLE,24000,0.214,23000.0,1,0
GT-KLR-2110-2FYJX-E,600,EMERGING,21500,0.3,0.0,0,1
GT-DLD-2401-T5505-F,803,STRONG,56000,0.179,61900.0,1,0
GT-UPC-2203-TP3RY-X,600,EMERGING,18500,0.3,18400.0,1,0
GT-TNR-2207-2H7BK-A,649,EMERGING,13000,0.2939,0.0,0,0
GT-MHF-2402-GG8R9-N,604,EMERGING,6500,0.3,0.0,0,1
GT-TGD-2309-YFKZW-6,791,RELIABLE,36500,0.2112,35900.0,1,0
GT-TGD-2404-1PWZ6-O,876,STRONG,71000,0.1693,59900.0,1,0
GT-WBD-2205-V7EBW-X,600,EMERGING,9500,0.3,11300.0,1,0
GT-RJR-2306-7H8HZ-8,599,EMERGING,9500,0.3,10100.0,1,1
GT-DLR-2102-G9JHF-W,739,RELIABLE,30000,0.2226,27000.0,1,1
GT-GJD-2102-TVY1H-G,796,RELIABLE,40500,0.2102,40100.0,1,0
GT-MHR-2204-0NB9S-9,680,RELIABLE,62500,0.2411,61000.0,1,0
GT-RJD-2105-V7CAE-S,600,EMERGING,22000,0.3,22400.0,1,0
GT-TGR-2310-028HF-F,712,RELIABLE,24500,0.2302,25700.0,1,0
GT-UPD-2312-5793S-D,681,RELIABLE,15500,0.2407,0.0,0,1
GT-DLD-2302-95DV8-3,733,RELIABLE,28000,0.2242,33300.0,1,0
GT-TND-2101-BDCQH-Z,757,RELIABLE,24000,0.2182,17300.0,1,0
GT-KLF-2301-TW5M8-O,711,RELIABLE,21000,0.2305,18200.0,1,1
GT-MHH-2207-Y4J17-0,888,STRONG,67500,0.1681,68100.0,1,0
GT-WBF-2103-ANFGP-W,851,STRONG,77000,0.172,72900.0,1,0
GT-TND-2110-T8TB4-8,835,STRONG,46000,0.1741,45300.0,1,0
GT-TNH-2101-3QY0T-Q,667,RELIABLE,24000,0.2462,20700.0,1,1
GT-GJH-2104-7R0WV-W,824,STRONG,44500,0.1757,31800.0,1,0
GT-UPR-2203-QKCA9-7,680,RELIABLE,22500,0.2411,0.0,0,0
GT-TGD-2104-B5C1E-E,785,RELIABLE,32000,0.2122,36700.0,1,0
GT-GJW-2302-74R82-W,863,STRONG,64500,0.1707,62800.0,1,0
GT-KAH-2304-Z144F-V,775,RELIABLE,28500,0.2142,32200.0,1,0
GT-DLW-2308-EWQW7-N,794,RELIABLE,34500,0.2106,36300.0,1,0
GT-UPF-2110-SYW4M-D,798,RELIABLE,35000,0.2099,31500.0,1,0
GT-GJF-2309-V22FE-F,781,RELIABLE,28500,0.213,24000.0,1,0
GT-KAH-2203-SC1N4-9,607,EMERGING,10000,0.3,11700.0,1,1
GT-RJD-2204-KX0G9-G,714,RELIABLE,25000,0.2296,22000.0,1,1
GT-TGD-2306-0TD22-T,691,RELIABLE,24000,0.2371,0.0,0,0
GT-TNW-2203-6XMSZ-F,622,EMERGING,7500,0.3,7500.0,1,0
GT-TGD-2201-ZT1SP-N,901,PRIME,81000,0.1469,70200.0,1,0
GT-TNR-2202-9JQFW-4,888,STRONG,85000,0.1681,90900.0,1,0
GT-WBD-2205-W2MGM-Y,855,STRONG,59500,0.1716,53900.0,1,0
GT-MHD-2202-W28G8-L,789,RELIABLE,36000,0.2115,43100.0,1,1
GT-MHD-2212-WYNYB-4,881,STRONG,66500,0.1687,63400.0,1,0
GT-KLR-2203-X2ZJK-M,777,RELIABLE,31000,0.2139,36100.0,1,0
GT-UPR-2212-0D44Q-H,600,EMERGING,18000,0.3,13400.0,1,0
GT-TNR-2312-DQ5WR-M,659,RELIABLE,18000,0.2495,0.0,0,1
GT-RJD-2212-B2K05-D,818,STRONG,53000,0.1766,65200.0,1,0
GT-UPH-2302-R04AC-9,772,RELIABLE,29500,0.2149,29100.0,1,0
GT-GJF-2201-E0515-F,658,RELIABLE,25000,0.2499,18600.0,1,0
GT-UPH-2303-CF35Z-K,760,RELIABLE,27500,0.2175,28700.0,1,0
GT-KLR-2104-ZQJ4J-7,768,RELIABLE,25000,0.2157,21400.0,1,0
GT-RJD-2108-M9YMH-E,885,STRONG,67500,0.1684,71100.0,1,0
GT-DLW-2402-NHPFB-Z,836,STRONG,51000,0.174,52800.0,1,0
GT-UPW-2206-S8KTT-2,750,RELIABLE,33000,0.2198,30500.0,1,0
GT-MHD-2301-CG02E-U,746,RELIABLE,35000,0.2208,33300.0,1,1
GT-WBF-2211-QZDBN-Z,804,STRONG,39500,0.1788,51000.0,1,0
GT-KAF-2108-WS3RD-T,745,RELIABLE,24500,0.2211,28600.0,1,0
GT-MHD-2304-90GSM-A,520,EMERGING,11500,0.3,0.0,0,1
GT-UPR-2301-9CD76-M,761,RELIABLE,24000,0.2173,26200.0,1,0
GT-TND-2307-6MFBC-B,672,RELIABLE,17500,0.2442,18600.0,1,0
GT-MHD-2103-APM4A-M,595,EMERGING,9500,0.3,0.0,0,1
GT-KLC-2312-7G2XX-T,797,RELIABLE,35500,0.2101,40100.0,1,0
GT-KLR-2401-04C4D-K,782,RELIABLE,28500,0.2128,28700.0,1,0
GT-DLW-2312-755ZP-Z,595,EMERGING,8500,0.3,7800.0,1,0
GT-WBW-2101-GBMT5-U,733,RELIABLE,39000,0.2242,49500.0,1,0
GT-DLH-2207-N140F-5,805,STRONG,72000,0.1787,67500.0,1,0
GT-RJR-2204-4DAMP-W,817,STRONG,68500,0.1767,75800.0,1,0
GT-GJR-2204-08X8B-G,848,STRONG,63500,0.1725,69000.0,1,0
GT-TGD-2303-F1FVG-5,743,RELIABLE,32000,0.2215,27900.0,1,0
GT-KLF-2306-WVQAG-3,726,RELIABLE,23000,0.2261,21200.0,1,0
GT-UPR-2208-E7BX9-J,639,EMERGING,6000,0.2985,6600.0,1,0
GT-MHW-2307-YPYZR-2,791,RELIABLE,27500,0.2112,27600.0,1,0
GT-TGR-2212-86HA6-1,763,RELIABLE,27500,0.2168,23400.0,1,0
GT-RJD-2107-183NX-G,842,STRONG,60500,0.1732,54600.0,1,0
GT-WBC-2402-7XQV2-2,860,STRONG,59000,0.171,63500.0,1,0
GT-KAW-2201-0GPJN-1,754,RELIABLE,42000,0.2188,42000.0,1,0
GT-UPR-2201-53VJ8-N,639,EMERGING,10000,0.2985,0.0,0,1
GT-TGF-2109-08S49-0,788,RELIABLE,23000,0.2117,27400.0,1,1
GT-DLR-2307-SD2F9-9,752,RELIABLE,27500,0.2193,31400.0,1,0
GT-RJW-2211-NJ7KW-D,734,RELIABLE,29500,0.2239,32800.0,1,0
GT-RJR-2210-GJ4KN-M,728,RELIABLE,21000,0.2256,0.0,0,0
GT-WBR-2212-H537V-7,600,EMERGING,17000,0.3,17300.0,1,0
GT-UPD-2204-T8TQN-I,686,RELIABLE,26000,0.2389,0.0,0,0
GT-DLD-2206-8HJED-K,735,RELIABLE,20500,0.2236,20300.0,1,1
GT-UPW-2308-AASRZ-8,724,RELIABLE,24500,0.2266,24500.0,1,0
GT-KLR-2104-VNVWY-8,702,RELIABLE,24500,0.2334,0.0,0,0
GT-DLD-2202-QPT17-K,726,RELIABLE,25000,0.2261,29900.0,1,1
GT-KLD-2310-0CTYE-V,792,RELIABLE,27500,0.211,28000.0,1,0
GT-KAR-2203-518GX-R,648,EMERGING,12000,0.2943,0.0,0,0
GT-TGF-2309-7GBTC-G,520,EMERGING,13000,0.3,0.0,0,1
GT-KAR-2105-6Z0R4-I,843,STRONG,55000,0.1731,50600.0,1,0
GT-TGW-2104-G00GR-8,721,RELIABLE,24000,0.2275,24800.0,1,0
GT-GJC-2106-QERSC-X,587,EMERGING,6500,0.3,6500.0,1,1
GT-RJR-2312-X0GQ7-6,566,EMERGING,10500,0.3,0.0,0,1
GT-MHW-2210-FR7T4-9,600,EMERGING,13500,0.3,0.0,0,0
GT-RJD-2103-D9AMG-H,760,RELIABLE,33500,0.2175,34800.0,1,0
GT-KLR-2202-T8N2F-5,740,RELIABLE,30000,0.2223,29200.0,1,0
GT-KAD-2107-EXKAM-R,824,STRONG,50500,0.1757,52500.0,1,0
GT-KLD-2208-0ED4H-9,520,EMERGING,6500,0.3,0.0,0,1
GT-KLD-2307-87Z21-P,807,STRONG,57500,0.1783,54600.0,1,0
GT-KAD-2304-NJHQH-P,844,STRONG,47500,0.1729,46300.0,1,0
GT-KAW-2311-BECW5-T,699,RELIABLE,18000,0.2344,0.0,0,0
GT-UPR-2211-4SJTX-X,776,RELIABLE,32000,0.214,28700.0,1,0
GT-TGH-2208-VWAH8-9,666,RELIABLE,24500,0.2466,0.0,0,0
GT-DLR-2302-17FY7-Y,600,EMERGING,10000,0.3,8100.0,1,0
GT-TGF-2401-NNQ1Q-N,734,RELIABLE,23500,0.2239,21000.0,1,1
GT-TND-2308-BGF3S-H,876,STRONG,57000,0.1693,0.0,0,0
GT-KLR-2107-2YEEG-Z,937,PRIME,120000,0.1442,118800.0,1,0
GT-DLR-2303-K7DGY-X,743,RELIABLE,34000,0.2215,26100.0,1,0
GT-KAH-2308-E2NAM-9,898,STRONG,64500,0.1672,71100.0,1,0
GT-RJH-2108-2KR66-K,759,RELIABLE,30000,0.2177,25400.0,1,1
GT-RJD-2404-SD3VP-0,881,STRONG,74500,0.1687,79400.0,1,0
GT-RJF-2207-0RHFC-J,777,RELIABLE,23500,0.2139,22200.0,1,1
GT-KLF-2302-8874R-T,742,RELIABLE,25000,0.2218,22100.0,1,0
GT-KAR-2205-3V2T1-R,791,RELIABLE,29000,0.2112,35800.0,1,0
GT-UPD-2210-7TFT6-X,926,PRIME,109000,0.145,106500.0,1,0
GT-DLF-2212-A2YKR-2,854,STRONG,66500,0.1717,66300.0,1,0
GT-TGW-2110-067YS-2,701,RELIABLE,21500,0.2337,18600.0,1,0
GT-TGR-2310-XF2PA-L,766,RELIABLE,35500,0.2161,34500.0,1,0
GT-KLR-2205-R5740-Y,725,RELIABLE,29500,0.2264,26700.0,1,0
GT-WBD-2311-9GZS2-Z,726,RELIABLE,33500,0.2261,37700.0,1,0
GT-DLH-2203-70QJF-F,829,STRONG,55000,0.175,48800.0,1,0
GT-KAD-2403-VYV60-J,600,EMERGING,25500,0.3,0.0,0,0
GT-WBD-2210-7PC8Y-Y,785,RELIABLE,27000,0.2122,29500.0,1,0
GT-RJD-2304-CQJT6-T,775,RELIABLE,31000,0.2142,31600.0,1,0
GT-UPW-2203-NNND6-L,782,RELIABLE,35500,0.2128,32100.0,1,0
GT-KLF-2308-BB9KQ-W,764,RELIABLE,45500,0.2166,46400.0,1,0
GT-KAD-2108-5STE5-Q,592,EMERGING,7500,0.3,0.0,0,1
GT-TGD-2106-CGXFZ-7,808,STRONG,70500,0.1782,79400.0,1,0
GT-GJW-2102-QWGD6-D,622,EMERGING,12500,0.3,0.0,0,1
GT-RJR-2208-HWKC5-D,600,EMERGING,10000,0.3,0.0,0,0
GT-TND-2308-6AV8Z-H,800,STRONG,44500,0.1795,46900.0,1,0
GT-GJH-2303-T921V-V,750,RELIABLE,27000,0.2198,24200.0,1,0
GT-DLD-2303-H691T-G,679,RELIABLE,18000,0.2415,0.0,0,0
GT-WBR-2310-XNRE7-M,823,STRONG,50500,0.1758,43100.0,1,0
GT-UPD-2212-MFVCF-G,660,RELIABLE,20000,0.2491,22300.0,1,1
GT-RJW-2308-V962B-S,781,RELIABLE,30500,0.213,21700.0,1,1
GT-TGW-2309-10X1J-V,600,EMERGING,12500,0.3,15800.0,1,1
GT-TGR-2304-B6GXT-Y,740,RELIABLE,22500,0.2223,0.0,0,0
GT-RJF-2111-XR8A2-0,805,STRONG,72000,0.1787,84500.0,1,1
GT-WBC-2401-XVXT2-C,677,RELIABLE,21500,0.2422,21100.0,1,1
GT-TNW-2102-HN8KR-M,600,EMERGING,23000,0.3,0.0,0,1
GT-DLR-2303-H5WYP-3,790,RELIABLE,33000,0.2113,31800.0,1,0
GT-UPR-2402-GB0W1-I,608,EMERGING,11000,0.3,0.0,0,1
GT-UPC-2101-VFEAE-6,574,EMERGING,6500,0.3,0.0,0,0
GT-WBD-2307-M63HF-S,738,RELIABLE,27000,0.2229,26000.0,1,0
GT-MHD-2402-0DYBT-I,741,RELIABLE,28000,0.2221,24600.0,1,0
GT-MHD-2311-APGD0-8,680,RELIABLE,22000,0.2411,27800.0,1,0
GT-DLW-2108-36N2T-S,737,RELIABLE,27500,0.2231,30900.0,1,0
GT-KAD-2110-KNB6K-K,724,RELIABLE,27000,0.2266,28600.0,1,1
GT-TGD-2404-K12BR-F,826,STRONG,40500,0.1754,43400.0,1,0
GT-TGF-2209-N7HD3-F,692,RELIABLE,19000,0.2368,0.0,0,0
GT-TND-2205-MD58E-9,638,EMERGING,10000,0.299,9100.0,1,1
GT-KLD-2202-TVVHX-0,695,RELIABLE,23500,0.2358,22100.0,1,1
GT-DLR-2307-PGKBJ-U,771,RELIABLE,24500,0.2151,24100.0,1,0
GT-RJD-2108-XQZJS-P,825,STRONG,51500,0.1755,53700.0,1,0
GT-MHH-2210-STKER-8,763,RELIABLE,25000,0.2168,30400.0,1,1
GT-GJD-2401-355QE-P,574,EMERGING,8000,0.3,6900.0,1,0
GT-RJC-2108-VB60F-6,596,EMERGING,7500,0.3,8400.0,1,1
GT-RJR-2105-WT3VK-A,704,RELIABLE,26000,0.2328,22400.0,1,1
GT-WBD-2201-QSEXQ-G,692,RELIABLE,25000,0.2368,23300.0,1,0
GT-DLD-2401-J71MY-W,727,RELIABLE,29500,0.2258,28500.0,1,1
GT-TNR-2302-SYQWD-7,739,RELIABLE,37000,0.2226,41000.0,1,0
GT-TGR-2109-9FGPW-S,711,RELIABLE,21000,0.2305,20500.0,1,0
GT-RJD-2302-KAK0S-C,773,RELIABLE,35500,0.2146,35400.0,1,0
GT-TNH-2105-W4KSH-A,702,RELIABLE,25500,0.2334,30900.0,1,0
GT-RJR-2208-VXY9A-K,659,RELIABLE,22000,0.2495,0.0,0,1
GT-KLC-2312-10D7Z-L,761,RELIABLE,25000,0.2173,27200.0,1,0
GT-MHD-2107-CZMGJ-9,638,EMERGING,11000,0.299,10800.0,1,0
GT-KLD-2207-ARNSE-A,784,RELIABLE,35500,0.2125,29300.0,1,0
GT-WBF-2203-5BEF6-N,600,EMERGING,15000,0.3,14200.0,1,0
GT-GJD-2112-NWDK8-V,721,RELIABLE,24500,0.2275,31000.0,1,1
GT-TND-2308-48KJV-6,845,STRONG,40000,0.1728,48700.0,1,0
GT-TND-2201-7WMFF-H,704,RELIABLE,23500,0.2328,24200.0,1,1
GT-WBD-2206-PTB10-V,920,PRIME,115500,0.1454,104400.0,1,0
GT-MHW-2212-CK1ZJ-V,600,EMERGING,13000,0.3,0.0,0,0
GT-UPD-2210-5CR9P-A,653,RELIABLE,15000,0.2521,13500.0,1,0
GT-GJH-2310-SED9V-Z,786,RELIABLE,28000,0.2121,26300.0,1,0
GT-KAD-2202-VC9RT-9,659,RELIABLE,24000,0.2495,28700.0,1,0
GT-DLR-2209-B89B4-C,721,RELIABLE,24000,0.2275,24700.0,1,0
GT-WBR-2111-9T242-T,794,RELIABLE,32500,0.2106,0.0,0,0
GT-UPR-2311-CJYX5-C,835,STRONG,45500,0.1741,48400.0,1,0
GT-DLC-2202-65370-Z,703,RELIABLE,23000,0.2331,22900.0,1,0
GT-RJW-2210-3DVHD-I,600,EMERGING,19500,0.3,22400.0,1,0
GT-WBD-2311-AK11M-C,853,STRONG,60500,0.1718,53300.0,1,0
GT-WBR-2204-01BHJ-7,859,STRONG,71500,0.1711,77400.0,1,0
GT-MHW-2302-B6A3K-O,738,RELIABLE,26500,0.2229,18800.0,1,0
GT-GJD-2312-E7W63-M,835,STRONG,56500,0.1741,58300.0,1,1
GT-RJR-2304-Z82J7-T,609,EMERGING,10000,0.3,10900.0,1,0
GT-DLD-2208-25347-P,730,RELIABLE,29500,0.225,26700.0,1,0
GT-WBR-2102-F504D-O,718,RELIABLE,26500,0.2284,30400.0,1,0
GT-KAR-2106-JCRZF-0,797,RELIABLE,36000,0.2101,35500.0,1,1
GT-DLR-2103-YCCFB-G,759,RELIABLE,27500,0.2177,30600.0,1,1
GT-KAC-2110-2WYV1-G,685,RELIABLE,23500,0.2393,19800.0,1,1
GT-UPR-2311-M7XPV-W,927,PRIME,121500,0.1448,112500.0,1,0
GT-KLC-2211-QMSWB-F,738,RELIABLE,27500,0.2229,27200.0,1,1
GT-KAW-2208-ZY2SV-Z,779,RELIABLE,28500,0.2134,26500.0,1,0
GT-UPR-2112-NXJV9-0,774,RELIABLE,20000,0.2145,18700.0,1,0
GT-WBR-2112-Q65ZD-T,734,RELIABLE,27500,0.2239,27700.0,1,0
GT-UPR-2211-1NSZ5-5,726,RELIABLE,23500,0.2261,28300.0,1,0
GT-WBW-2209-FNVYX-3,803,STRONG,42000,0.179,44400.0,1,0
GT-KLD-2202-1Z1B0-7,839,STRONG,51500,0.1736,51700.0,1,0
GT-KAH-2312-R6M0K-Y,887,STRONG,73500,0.1682,68500.0,1,0
GT-MHF-2203-9BBZV-K,787,RELIABLE,26000,0.2119,0.0,0,0
GT-DLF-2106-SP1YQ-W,802,STRONG,60500,0.1792,53900.0,1,0
GT-UPR-2112-HCWQB-9,727,RELIABLE,25500,0.2258,23400.0,1,0
GT-KAR-2202-0QK40-V,765,RELIABLE,46500,0.2164,53400.0,1,0
GT-MHF-2209-5977N-4,827,STRONG,54000,0.1752,46000.0,1,0
GT-UPF-2102-2HXB2-7,846,STRONG,50500,0.1727,44000.0,1,0
GT-TGD-2404-FYAWM-2,763,RELIABLE,26000,0.2168,28300.0,1,0
GT-UPF-2104-NQ5Q0-Z,819,STRONG,47500,0.1764,50400.0,1,0
GT-TNR-2106-XZN67-2,806,STRONG,49500,0.1785,36300.0,1,0
GT-KAF-2209-H5W42-V,846,STRONG,48000,0.1727,42800.0,1,0
GT-WBR-2110-75Z0F-5,729,RELIABLE,23500,0.2253,22400.0,1,0
GT-MHD-2401-NQ36Y-H,701,RELIABLE,25500,0.2337,20800.0,1,1
GT-TGW-2112-47869-K,792,RELIABLE,25000,0.211,0.0,0,0
GT-RJR-2310-SQ1XJ-Q,478,BUILDING,3000,0.3,0.0,0,1
GT-MHR-2308-DBGZ1-9,828,STRONG,59500,0.1751,59700.0,1,0
GT-DLF-2110-S97RW-Z,436,BUILDING,0,0.3,0.0,0,1
GT-KLF-2203-GRFRQ-T,618,EMERGING,12000,0.3,12800.0,1,0
GT-TNW-2302-CPATX-3,791,RELIABLE,33000,0.2112,32100.0,1,0
GT-TND-2312-BNQZ5-6,797,RELIABLE,32500,0.2101,31100.0,1,0
GT-GJD-2212-78P1N-E,608,EMERGING,7000,0.3,5900.0,1,1
GT-MHF-2209-6DEB8-B,715,RELIABLE,16000,0.2293,19100.0,1,0
GT-KAD-2104-MZ1XB-E,849,STRONG,76500,0.1723,79100.0,1,0
GT-RJD-2103-Q9NA3-1,755,RELIABLE,35500,0.2186,37300.0,1,0
GT-KLD-2209-7DGM2-1,944,PRIME,133500,0.1437,134900.0,1,0
GT-KLD-2204-X7JMV-1,805,STRONG,57500,0.1787,57000.0,1,1
GT-KAH-2203-MNF57-U,763,RELIABLE,39500,0.2168,39900.0,1,0
GT-WBD-2207-QT6G6-B,875,STRONG,67500,0.1693,87700.0,1,0
GT-RJD-2302-ZKBYF-K,752,RELIABLE,33500,0.2193,38900.0,1,0
GT-RJC-2112-2G0DB-Z,686,RELIABLE,21000,0.2389,21800.0,1,0
GT-TNH-2107-PMVM3-G,779,RELIABLE,29000,0.2134,29900.0,1,1
GT-TGD-2110-DH32B-N,790,RELIABLE,37000,0.2113,36600.0,1,1
GT-MHC-2206-0EGJB-A,649,EMERGING,11500,0.2939,13500.0,1,1
GT-MHD-2202-JK44P-E,735,RELIABLE,26000,0.2236,30000.0,1,0
GT-TNW-2112-CX2S5-X,681,RELIABLE,17500,0.2407,14900.0,1,0
GT-DLD-2209-M5A2J-I,831,STRONG,44000,0.1747,45200.0,1,0
GT-KLR-2403-MBTTM-V,773,RELIABLE,30000,0.2146,37300.0,1,0
GT-KAD-2401-G88Q3-R,600,EMERGING,13500,0.3,0.0,0,0
GT-WBF-2112-VWZ79-G,783,RELIABLE,32500,0.2127,34100.0,1,0
GT-WBD-2208-F917S-R,760,RELIABLE,26000,0.2175,27600.0,1,0
GT-KAR-2303-JXAY2-6,756,RELIABLE,42000,0.2184,44800.0,1,1
GT-TGF-2111-WFKRR-Y,651,RELIABLE,16000,0.253,0.0,0,1
GT-KLD-2302-KZ0VH-N,702,RELIABLE,30500,0.2334,0.0,0,0
GT-MHC-2110-KK321-V,879,STRONG,49000,0.169,40500.0,1,0
GT-MHR-2307-2BJVB-9,520,EMERGING,16500,0.3,18900.0,1,1
GT-MHD-2204-84X93-W,609,EMERGING,8000,0.3,8800.0,1,0
GT-KAD-2302-8JJNP-3,772,RELIABLE,37500,0.2149,36200.0,1,0
GT-RJD-2204-20BY1-Q,767,RELIABLE,38000,0.2159,43100.0,1,0
GT-KAD-2209-BPJHH-8,618,EMERGING,10500,0.3,10400.0,1,1
GT-DLR-2404-037F9-W,800,STRONG,42000,0.1795,34900.0,1,0
GT-RJF-2312-JGX0Z-0,819,STRONG,51500,0.1764,54000.0,1,1
GT-KLR-2403-B7VXE-V,744,RELIABLE,23500,0.2213,23300.0,1,0
GT-MHR-2112-JPCGZ-I,777,RELIABLE,24000,0.2139,23900.0,1,0
GT-TNW-2106-93RB0-7,697,RELIABLE,15500,0.235,17100.0,1,1
GT-MHD-2212-0YM8F-H,753,RELIABLE,25500,0.2191,0.0,0,0
GT-MHF-2211-W1XNW-K,701,RELIABLE,18000,0.2337,19400.0,1,0
GT-KLC-2107-CK668-C,707,RELIABLE,21500,0.2318,24600.0,1,0
GT-TND-2103-1V2HG-U,817,STRONG,54000,0.1767,45900.0,1,0
GT-GJF-2110-9QHJE-B,867,STRONG,64000,0.1702,62700.0,1,0
GT-MHH-2312-B4EFN-D,917,PRIME,82500,0.1456,78600.0,1,0
GT-DLR-2105-X415Z-7,891,STRONG,62500,0.1678,49200.0,1,0
GT-TNH-2211-DMDC0-P,735,RELIABLE,27500,0.2236,25300.0,1,0
GT-WBD-2109-G0NKR-E,783,RELIABLE,35000,0.2127,0.0,0,0
GT-KLR-2109-TDAEC-F,600,EMERGING,16000,0.3,19700.0,1,0
GT-DLD-2310-S97HY-5,741,RELIABLE,21500,0.2221,21300.0,1,0
GT-GJD-2212-SBM3K-E,771,RELIABLE,27000,0.2151,25600.0,1,0
GT-TGH-2205-FMXWQ-S,776,RELIABLE,32500,0.214,37500.0,1,0
GT-UPD-2105-QM3Q3-W,753,RELIABLE,22000,0.2191,22900.0,1,0
GT-TNH-2111-GYFZY-K,600,EMERGING,12500,0.3,11900.0,1,0
GT-TGF-2401-A8FB5-D,701,RELIABLE,22000,0.2337,22100.0,1,0
GT-GJC-2305-94ESM-B,824,STRONG,55000,0.1757,62400.0,1,0
GT-TGH-2308-YQXYW-3,736,RELIABLE,28500,0.2233,23500.0,1,0
GT-UPR-2306-7AKGZ-C,775,RELIABLE,28500,0.2142,29500.0,1,0
GT-KAH-2104-BXNYE-J,793,RELIABLE,39000,0.2107,42300.0,1,0
GT-TNW-2105-0BCPE-7,658,RELIABLE,23500,0.2499,24100.0,1,1
GT-MHR-2304-CJ12Z-1,818,STRONG,46500,0.1766,48300.0,1,0
GT-MHF-2204-P6ZGM-F,761,RELIABLE,33000,0.2173,28900.0,1,0
GT-KAD-2210-AACV9-D,639,EMERGING,9500,0.2985,0.0,0,1
GT-TND-2211-4J1P7-B,816,STRONG,46500,0.1769,47200.0,1,0
GT-DLD-2105-8A1JB-T,708,RELIABLE,18500,0.2314,18600.0,1,1
GT-UPR-2109-5J2VS-6,606,EMERGING,12000,0.3,13300.0,1,1
GT-WBD-2312-CGWV3-T,600,EMERGING,10500,0.3,0.0,0,0
GT-UPR-2312-K12TE-R,675,RELIABLE,21000,0.243,19000.0,1,1
GT-RJF-2101-F6R79-A,767,RELIABLE,40000,0.2159,40500.0,1,0
GT-UPF-2304-V0WBZ-4,738,RELIABLE,39500,0.2229,40000.0,1,0
GT-TGC-2208-YP3WZ-V,721,RELIABLE,21000,0.2275,19400.0,1,0
GT-KLH-2211-P8V9Q-C,790,RELIABLE,35500,0.2113,36600.0,1,1
GT-TNC-2301-4Q6SH-9,796,RELIABLE,36500,0.2102,30800.0,1,1
GT-RJF-2108-V7K9N-O,814,STRONG,37500,0.1772,36200.0,1,0
GT-MHD-2104-9D3WP-F,776,RELIABLE,25500,0.214,34400.0,1,0
GT-KLH-2101-7TT5V-T,832,STRONG,58500,0.1746,47400.0,1,0
GT-TND-2308-NDWNY-0,595,EMERGING,7500,0.3,0.0,0,1
GT-GJD-2308-80QDD-M,731,RELIABLE,25500,0.2247,26000.0,1,0
GT-TND-2206-568G8-C,580,EMERGING,5000,0.3,5500.0,1,0
GT-DLR-2209-8MSBG-D,724,RELIABLE,34000,0.2266,43800.0,1,0
GT-TNF-2303-2S8J4-1,667,RELIABLE,21000,0.2462,20300.0,1,0
GT-GJD-2211-584PE-L,836,STRONG,46500,0.174,40200.0,1,0
GT-MHW-2108-KCQFD-1,833,STRONG,46000,0.1744,46000.0,1,0
GT-MHD-2106-8M3GZ-2,600,EMERGING,15500,0.3,17900.0,1,0
GT-KLD-2304-JRYJE-G,713,RELIABLE,18500,0.2299,13700.0,1,1
GT-KAD-2206-9WQGM-K,787,RELIABLE,27500,0.2119,33300.0,1,0
GT-UPD-2112-Q9JGA-9,749,RELIABLE,32000,0.22,32500.0,1,1
GT-TNW-2210-8W2ER-C,762,RELIABLE,28500,0.217,24000.0,1,0
GT-TND-2301-3S9RA-H,600,EMERGING,23000,0.3,23500.0,1,0
GT-TND-2204-3HQJY-M,687,RELIABLE,24500,0.2386,32100.0,1,1
GT-TND-2109-35HXB-A,793,RELIABLE,28500,0.2107,27300.0,1,0
GT-UPW-2209-64FC9-9,817,STRONG,53000,0.1767,45600.0,1,1
GT-RJH-2210-2TTDZ-I,599,EMERGING,11000,0.3,0.0,0,0
GT-TNF-2304-D9V1Y-F,875,STRONG,43000,0.1693,43400.0,1,0
GT-MHF-2209-29M1G-0,837,STRONG,63500,0.1738,63300.0,1,0
GT-KAC-2205-YRH2K-D,741,RELIABLE,32000,0.2221,19000.0,1,1
GT-UPD-2110-NS2D2-G,676,RELIABLE,23500,0.2427,23400.0,1,0
GT-KLD-2302-8J6SY-K,720,RELIABLE,29000,0.2278,28100.0,1,1
GT-KAR-2103-C3CYV-Q,740,RELIABLE,27500,0.2223,29800.0,1,0
GT-WBD-2211-VSHWY-J,783,RELIABLE,27500,0.2127,24500.0,1,0
GT-DLR-2207-DDK6N-K,635,EMERGING,11500,0.3,12300.0,1,1
GT-DLR-2307-P15QD-2,680,RELIABLE,29500,0.2411,27200.0,1,0
GT-RJD-2108-8BJTE-Y,621,EMERGING,8500,0.3,8400.0,1,0
GT-DLR-2212-RYAAP-M,775,RELIABLE,19500,0.2142,18200.0,1,1
GT-TNR-2401-FKP2P-J,745,RELIABLE,28000,0.2211,33000.0,1,0
GT-MHD-2304-DVK9Z-R,946,PRIME,128500,0.1436,108800.0,1,0
GT-KLC-2211-4BMT6-O,635,EMERGING,11500,0.3,10800.0,1,1
GT-KLF-2310-41V3E-N,885,STRONG,69500,0.1684,84200.0,1,0
GT-KLD-2112-15G1F-M,762,RELIABLE,40000,0.217,37700.0,1,0
GT-DLD-2207-S8FN7-Z,600,EMERGING,17500,0.3,17700.0,1,0
GT-MHD-2103-WSGEP-I,773,RELIABLE,28000,0.2146,30600.0,1,0
GT-KLD-2108-TQ43H-U,835,STRONG,47000,0.1741,32700.0,1,1
GT-GJD-2210-6TH7M-A,729,RELIABLE,23500,0.2253,21200.0,1,0
GT-DLD-2109-FGV3D-S,892,STRONG,57500,0.1677,48700.0,1,0
GT-KAC-2303-HWK8M-R,716,RELIABLE,20500,0.229,23100.0,1,0
GT-UPW-2210-HNZ8Z-T,871,STRONG,60000,0.1698,56300.0,1,0
GT-RJW-2106-CNRMK-B,600,EMERGING,14000,0.3,0.0,0,1
GT-KAF-2306-TPYHZ-C,745,RELIABLE,22500,0.2211,20400.0,1,0
GT-TGW-2205-4R4SA-I,600,EMERGING,10000,0.3,9800.0,1,0
GT-TGW-2401-FJXSV-C,771,RELIABLE,35000,0.2151,32000.0,1,1
GT-TGC-2204-F4BJ1-H,866,STRONG,62500,0.1703,66800.0,1,0
GT-TNW-2310-XVJNA-O,680,RELIABLE,24000,0.2411,24200.0,1,1
GT-TNW-2308-8NEZE-W,701,RELIABLE,24000,0.2337,28000.0,1,0
GT-TNW-2307-K5YSE-S,674,RELIABLE,28500,0.2434,30100.0,1,1
GT-KLR-2301-BZAB8-B,750,RELIABLE,33500,0.2198,32500.0,1,0
GT-KLD-2307-MACXM-2,649,EMERGING,10500,0.2939,0.0,0,1
GT-MHD-2404-DHK58-R,694,RELIABLE,21000,0.2361,16600.0,1,0
GT-UPR-2210-99TX0-E,520,EMERGING,20500,0.3,20700.0,1,0
GT-WBD-2112-52A5J-P,848,STRONG,78000,0.1725,83400.0,1,0
GT-DLD-2104-2GCXR-3,882,STRONG,83000,0.1687,78500.0,1,0
GT-MHD-2203-93HCT-9,735,RELIABLE,25000,0.2236,25000.0,1,1
GT-UPD-2307-4T26B-0,881,STRONG,61000,0.1687,67300.0,1,1
GT-TNH-2311-ZQ6GY-O,773,RELIABLE,36500,0.2146,32500.0,1,0
GT-MHR-2305-2CKW0-T,739,RELIABLE,34000,0.2226,0.0,0,0
GT-KLD-2303-HEEGT-C,781,RELIABLE,33500,0.213,32600.0,1,0
GT-KLR-2308-N4G3D-W,780,RELIABLE,35500,0.2133,37400.0,1,0
GT-TGD-2112-MVEF4-3,749,RELIABLE,28000,0.22,22200.0,1,0
GT-TGF-2307-W67EP-9,688,RELIABLE,18000,0.2382,18000.0,1,0
GT-TGF-2111-22413-0,649,EMERGING,13500,0.2939,0.0,0,1
GT-MHD-2210-F65T0-P,520,EMERGING,12000,0.3,0.0,0,1
GT-MHR-2111-GDPCG-I,767,RELIABLE,37500,0.2159,39700.0,1,0
GT-DLD-2309-35J9W-4,600,EMERGING,13000,0.3,0.0,0,0
GT-TNF-2301-KNHYM-9,680,RELIABLE,18000,0.2411,20600.0,1,1
GT-MHH-2301-RGEA1-L,749,RELIABLE,29500,0.22,26500.0,1,0
GT-KAC-2304-8T5EF-F,815,STRONG,48000,0.1771,55400.0,1,0
GT-KLD-2205-DJ08V-A,600,EMERGING,12500,0.3,0.0,0,0
GT-RJW-2203-78GJ4-P,708,RELIABLE,23500,0.2314,23500.0,1,0
GT-TNW-2306-5M74Z-7,884,STRONG,73500,0.1684,63600.0,1,0
GT-GJC-2304-44J9W-A,901,PRIME,85000,0.1469,80700.0,1,0
GT-MHD-2311-89BJV-5,845,STRONG,47500,0.1728,48800.0,1,0
GT-KLR-2301-C9B0R-5,835,STRONG,58500,0.1741,68100.0,1,0
GT-RJD-2208-C8D2J-L,823,STRONG,54000,0.1758,56100.0,1,0
GT-MHD-2401-FMXPX-W,850,STRONG,53500,0.1722,46500.0,1,0
GT-DLF-2401-GMYDN-M,771,RELIABLE,24500,0.2151,21900.0,1,0
GT-TNR-2211-K1JGY-7,797,RELIABLE,38000,0.2101,33000.0,1,0
GT-KAD-2201-MJ6QX-K,804,STRONG,72500,0.1788,84800.0,1,1
GT-TNC-2108-J7AZC-N,649,EMERGING,11000,0.2939,0.0,0,1
GT-GJR-2301-KXMJN-A,600,EMERGING,23000,0.3,23000.0,1,1
GT-UPH-2107-GXVRX-P,645,EMERGING,9500,0.2957,10100.0,1,1
GT-KAW-2102-M5QQC-H,667,RELIABLE,17000,0.2462,20600.0,1,0
GT-TNC-2403-20D3P-U,910,PRIME,112000,0.1462,112100.0,1,0
GT-RJW-2210-NZQTW-M,799,RELIABLE,31500,0.2097,31100.0,1,0
GT-RJD-2110-8VS4M-A,883,STRONG,75500,0.1686,60500.0,1,0
GT-WBD-2308-1Y8R4-8,691,RELIABLE,25000,0.2371,27800.0,1,0
GT-UPC-2403-P3N8E-8,600,EMERGING,13000,0.3,12900.0,1,0
GT-DLD-2312-PB3HX-H,680,RELIABLE,23000,0.2411,24300.0,1,1
GT-RJR-2403-2XZ83-N,753,RELIABLE,25000,0.2191,22300.0,1,0
GT-TGF-2301-WKZ4Q-O,600,EMERGING,14000,0.3,10800.0,1,0
GT-GJD-2207-0PD7W-9,870,STRONG,84500,0.1699,78000.0,1,0
GT-DLD-2107-44G0M-7,749,RELIABLE,27000,0.22,33800.0,1,0
GT-MHR-2310-0YGYG-P,817,STRONG,66000,0.1767,62800.0,1,0
GT-WBR-2112-35N4P-A,706,RELIABLE,19500,0.2321,12800.0,1,1
GT-WBF-2210-0PAKW-6,799,RELIABLE,38500,0.2097,38400.0,1,0
GT-WBD-2105-W45ZC-Y,751,RELIABLE,22000,0.2196,26300.0,1,0
GT-RJR-2402-Q90M7-C,728,RELIABLE,21000,0.2256,0.0,0,0
GT-UPD-2312-3Y270-L,696,RELIABLE,36500,0.2354,37500.0,1,0
GT-TNF-2108-1XPZR-5,719,RELIABLE,22000,0.2281,21100.0,1,0
GT-TGD-2103-A4Z69-C,752,RELIABLE,26500,0.2193,27200.0,1,0
GT-KAD-2312-QR2RZ-3,919,PRIME,98000,0.1454,92000.0,1,0
GT-UPW-2305-48CJA-9,755,RELIABLE,29500,0.2186,0.0,0,0
GT-MHD-2105-0K4GS-X,718,RELIABLE,36000,0.2284,0.0,0,1
GT-KAW-2307-Y1P71-X,598,EMERGING,7500,0.3,0.0,0,0
GT-WBD-2107-ZNH4G-6,664,RELIABLE,20500,0.2474,19800.0,1,1
GT-KLD-2106-EG55Q-E,600,EMERGING,16000,0.3,14300.0,1,0
GT-TND-2107-J6S7P-O,659,RELIABLE,18500,0.2495,18600.0,1,0
GT-MHC-2202-9S3EJ-W,863,STRONG,51500,0.1707,55700.0,1,0
GT-MHR-2308-YEC27-S,680,RELIABLE,19000,0.2411,21500.0,1,1
GT-RJD-2309-12E7Z-8,829,STRONG,35000,0.175,35100.0,1,0
GT-GJR-2110-G1249-T,779,RELIABLE,26500,0.2134,31900.0,1,1
GT-TGR-2311-X589S-X,741,RELIABLE,21500,0.2221,18400.0,1,1
GT-KLW-2401-ZA01C-3,772,RELIABLE,27500,0.2149,0.0,0,0
GT-MHH-2402-GFXJW-4,728,RELIABLE,38000,0.2256,38300.0,1,0
GT-GJR-2307-TQZ72-M,884,STRONG,58500,0.1684,48000.0,1,0
GT-TNR-2112-N9ANM-T,604,EMERGING,9000,0.3,0.0,0,0
GT-DLR-2101-0Q3WJ-L,510,EMERGING,6000,0.3,0.0,0,1
GT-KLH-2205-RKE6Z-E,710,RELIABLE,20500,0.2308,21700.0,1,0
GT-KLR-2202-2KS43-O,787,RELIABLE,45000,0.2119,40400.0,1,0
GT-RJD-2105-2H2EM-4,779,RELIABLE,30000,0.2134,30500.0,1,0
GT-MHH-2312-6SS7M-G,790,RELIABLE,44000,0.2113,35100.0,1,0
GT-UPH-2111-XW19C-9,756,RELIABLE,38000,0.2184,37300.0,1,1
GT-TNR-2401-1XF1M-Q,805,STRONG,52000,0.1787,53800.0,1,0
GT-TNR-2109-6XPAK-L,600,EMERGING,19500,0.3,23100.0,1,0
GT-MHF-2311-3GY94-O,767,RELIABLE,20500,0.2159,22600.0,1,1
GT-WBW-2109-4ZA0B-S,600,EMERGING,22500,0.3,0.0,0,0
GT-RJR-2312-VEAQR-3,600,EMERGING,18500,0.3,0.0,0,0
GT-DLD-2210-1AN1H-6,740,RELIABLE,28500,0.2223,26300.0,1,0
GT-WBD-2303-Q8W3W-E,784,RELIABLE,44500,0.2125,33500.0,1,0
GT-GJD-2103-RVQ2H-Y,723,RELIABLE,24000,0.2269,27500.0,1,0
GT-GJD-2207-WNJSD-N,771,RELIABLE,40500,0.2151,40800.0,1,0
GT-DLW-2308-C6HAS-F,864,STRONG,66500,0.1705,59100.0,1,0
GT-KAD-2112-CEM73-J,512,EMERGING,7000,0.3,0.0,0,1
GT-RJR-2111-TM84J-8,578,EMERGING,9000,0.3,0.0,0,0
GT-WBW-2111-A8HJC-E,693,RELIABLE,19500,0.2364,20200.0,1,0
GT-UPR-2304-KWJJF-5,708,RELIABLE,21000,0.2314,0.0,0,1
GT-WBD-2106-XHA2N-I,717,RELIABLE,28000,0.2287,31100.0,1,0
GT-TNH-2305-H4CW4-6,600,EMERGING,9000,0.3,10700.0,1,1
GT-DLD-2106-2S5CJ-4,679,RELIABLE,20500,0.2415,26700.0,1,1
GT-GJC-2104-7H9V2-H,687,RELIABLE,19000,0.2386,17200.0,1,1
GT-RJD-2306-QSCD0-3,680,RELIABLE,53000,0.2411,44500.0,1,0
GT-TNR-2309-0EHNH-P,879,STRONG,50500,0.169,70700.0,1,0
GT-KAF-2307-X3Q9B-Q,751,RELIABLE,14000,0.2196,15600.0,1,0
GT-MHR-2311-G9TC5-Y,735,RELIABLE,32000,0.2236,43300.0,1,0
GT-WBR-2201-25FBJ-0,600,EMERGING,14500,0.3,0.0,0,0
GT-DLD-2402-VGZQS-9,612,EMERGING,5500,0.3,0.0,0,0
GT-RJR-2403-0CZ5F-R,745,RELIABLE,33000,0.2211,33300.0,1,0
GT-DLD-2312-X7GRD-A,638,EMERGING,12000,0.299,0.0,0,0
GT-TGW-2401-6WVB8-D,737,RELIABLE,20000,0.2231,20000.0,1,1
GT-DLF-2207-P390R-2,621,EMERGING,10500,0.3,0.0,0,1
GT-TGR-2311-64NX9-1,600,EMERGING,14500,0.3,13100.0,1,0
GT-GJD-2403-9GWNT-P,600,EMERGING,20000,0.3,0.0,0,0
GT-UPR-2308-MHF53-N,600,EMERGING,27000,0.3,20100.0,1,0
GT-UPR-2207-78CHM-K,766,RELIABLE,39000,0.2161,44700.0,1,0
GT-WBD-2311-59RFB-P,632,EMERGING,8500,0.3,0.0,0,1
GT-TGF-2103-ZRBG7-F,857,STRONG,60000,0.1713,52000.0,1,0
GT-TND-2206-T86AC-Z,705,RELIABLE,22000,0.2324,24600.0,1,1
GT-KLD-2207-AR50J-S,805,STRONG,65500,0.1787,66300.0,1,0
GT-UPW-2107-S96ZC-N,760,RELIABLE,26000,0.2175,0.0,0,0
GT-RJD-2404-SB4KY-T,635,EMERGING,9000,0.3,0.0,0,0
GT-UPD-2207-PDK4D-7,721,RELIABLE,21500,0.2275,22400.0,1,0
GT-KAF-2308-1VQR8-E,796,RELIABLE,40000,0.2102,37600.0,1,0
GT-DLW-2305-N46EQ-J,806,STRONG,51000,0.1785,43200.0,1,0
GT-TGD-2110-MRVDE-S,600,EMERGING,12500,0.3,0.0,0,0
GT-TND-2108-Q5GXV-X,876,STRONG,82500,0.1693,73000.0,1,0
GT-KLR-2401-VZKQP-6,832,STRONG,55500,0.1746,55200.0,1,0
GT-TGF-2311-X82RS-0,702,RELIABLE,20500,0.2334,0.0,0,0
GT-DLR-2306-3M2ED-9,844,STRONG,73500,0.1729,61200.0,1,0
GT-WBF-2308-6J4KW-5,876,STRONG,48500,0.1693,45300.0,1,0
GT-TNW-2209-X2R9C-5,919,PRIME,105000,0.1454,91200.0,1,0
GT-MHH-2205-MVXJD-D,707,RELIABLE,21000,0.2318,19600.0,1,0
GT-KLR-2109-0XC0B-U,702,RELIABLE,14500,0.2334,15500.0,1,1
GT-KLD-2212-GKTGN-P,862,STRONG,65000,0.1708,67400.0,1,0
GT-UPD-2201-ZXBS1-S,671,RELIABLE,18000,0.2446,0.0,0,0
GT-TND-2403-EQ0T9-C,609,EMERGING,12500,0.3,13200.0,1,1
GT-RJR-2312-DAMS2-W,600,EMERGING,17500,0.3,16700.0,1,0
GT-DLC-2109-4SJ2J-F,809,STRONG,47000,0.178,59500.0,1,0
GT-RJR-2207-ERZ6Q-U,761,RELIABLE,19000,0.2173,18300.0,1,0
GT-RJD-2207-MK4B4-T,681,RELIABLE,22000,0.2407,16800.0,1,0
GT-MHR-2307-XS6CR-E,720,RELIABLE,20000,0.2278,19700.0,1,1
GT-TNH-2209-BGF9J-P,695,RELIABLE,27000,0.2358,27200.0,1,0
GT-GJD-2207-6FSKY-V,651,RELIABLE,20000,0.253,21700.0,1,1
GT-DLW-2303-M3W4R-F,953,PRIME,120000,0.1432,123000.0,1,0
GT-RJW-2203-SX80X-5,797,RELIABLE,40000,0.2101,33500.0,1,0
GT-GJR-2103-A85EY-2,834,STRONG,66000,0.1743,54100.0,1,0
GT-DLF-2212-2YCDA-1,600,EMERGING,17500,0.3,15600.0,1,0
GT-UPR-2304-3F3RD-E,520,EMERGING,18000,0.3,0.0,0,1
GT-KAD-2302-4Z9V3-H,705,RELIABLE,21500,0.2324,23700.0,1,0
GT-TNR-2308-EWE3D-E,564,EMERGING,6500,0.3,6900.0,1,1
GT-MHD-2401-BH4GJ-X,641,EMERGING,10500,0.2975,0.0,0,1
GT-KAF-2311-HFZR5-R,589,EMERGING,9500,0.3,0.0,0,1
GT-UPW-2308-CJ3ZF-7,520,EMERGING,7500,0.3,0.0,0,1
GT-MHD-2112-ZX7ZD-S,600,EMERGING,13000,0.3,0.0,0,0
GT-GJR-2201-BE8YW-9,852,STRONG,61000,0.1719,69200.0,1,0
GT-KAD-2306-Y6NSD-7,723,RELIABLE,30000,0.2269,36700.0,1,1
GT-RJD-2308-SAMW6-Z,866,STRONG,47000,0.1703,54900.0,1,0
GT-KLF-2210-VV33N-D,800,STRONG,45500,0.1795,48400.0,1,0
GT-TND-2305-ATMW6-A,784,RELIABLE,36500,0.2125,37900.0,1,0
GT-TGW-2108-6ERRV-8,678,RELIABLE,19500,0.2419,0.0,0,0
GT-GJD-2106-2C01H-B,802,STRONG,35000,0.1792,36700.0,1,0
GT-WBW-2209-35VV1-5,600,EMERGING,18000,0.3,0.0,0,0
GT-KAR-2101-WTPFK-B,721,RELIABLE,25000,0.2275,20500.0,1,0
GT-KLR-2401-EXTRY-6,827,STRONG,63000,0.1752,49500.0,1,0
GT-KLW-2111-BFAJQ-H,787,RELIABLE,30500,0.2119,34400.0,1,0
GT-TGR-2204-2KCZX-1,668,RELIABLE,20500,0.2458,23200.0,1,0
GT-WBD-2311-DVEAQ-O,594,EMERGING,12000,0.3,0.0,0,1
GT-MHC-2104-GPQ9Y-K,651,RELIABLE,18000,0.253,16500.0,1,0
GT-UPR-2106-0Y8CK-R,744,RELIABLE,32500,0.2213,36400.0,1,0
GT-WBD-2307-X42ZP-7,821,STRONG,46000,0.1761,57800.0,1,0
GT-DLR-2203-3G5HH-2,669,RELIABLE,20500,0.2454,0.0,0,0
GT-TNR-2110-CCETK-5,600,EMERGING,21000,0.3,20900.0,1,1
GT-KAF-2103-XN9MJ-H,833,STRONG,51500,0.1744,46200.0,1,1
GT-UPW-2107-7FKXY-O,808,STRONG,51500,0.1782,54800.0,1,0
GT-KAR-2302-FEDGV-O,871,STRONG,61000,0.1698,57300.0,1,0
GT-WBD-2108-61SA4-9,861,STRONG,45500,0.1709,48500.0,1,0
GT-RJD-2402-8BJRV-4,615,EMERGING,7500,0.3,6700.0,1,0
GT-KAD-2112-1SBRT-D,680,RELIABLE,39000,0.2411,41400.0,1,0
GT-MHW-2205-3K689-E,728,RELIABLE,23000,0.2256,17600.0,1,0
GT-UPD-2110-6592N-S,600,EMERGING,15500,0.3,14400.0,1,0
GT-RJF-2303-G2C0F-Y,767,RELIABLE,24000,0.2159,0.0,0,0
GT-KAF-2203-HJ57Q-Q,705,RELIABLE,26000,0.2324,33200.0,1,1
GT-DLW-2111-12JXS-K,615,EMERGING,13000,0.3,0.0,0,0
GT-GJD-2307-EMXTH-N,762,RELIABLE,31500,0.217,27500.0,1,1
GT-WBD-2312-8GDKH-N,653,RELIABLE,14000,0.2521,0.0,0,0
GT-WBC-2212-BD0B8-3,600,EMERGING,26500,0.3,28200.0,1,0
GT-DLR-2205-MC5S4-G,875,STRONG,73500,0.1693,73600.0,1,0
GT-WBR-2203-V8CD2-B,692,RELIABLE,19000,0.2368,16200.0,1,0
GT-KAW-2108-WQRM0-W,772,RELIABLE,34500,0.2149,32700.0,1,0
GT-RJC-2207-H7V1A-X,704,RELIABLE,22500,0.2328,17900.0,1,0
GT-WBD-2203-8K2D9-U,695,RELIABLE,24500,0.2358,0.0,0,1
GT-TNC-2110-F2Y7G-E,815,STRONG,50500,0.1771,51000.0,1,0
GT-TND-2207-RSH3K-M,772,RELIABLE,32500,0.2149,35200.0,1,0
GT-TNH-2306-15H2C-4,920,PRIME,98500,0.1454,108600.0,1,0
GT-TGD-2109-YHF6Y-6,718,RELIABLE,21000,0.2284,21900.0,1,0
GT-MHD-2403-ETBGF-8,842,STRONG,55500,0.1732,55200.0,1,0
GT-GJD-2205-97R28-0,801,STRONG,36500,0.1794,32000.0,1,0
GT-MHW-2204-AKG2M-W,772,RELIABLE,31500,0.2149,30900.0,1,0
GT-TNH-2307-4VSWQ-X,708,RELIABLE,26000,0.2314,20800.0,1,1
GT-RJD-2209-JJTJB-X,749,RELIABLE,22500,0.22,20800.0,1,0
GT-WBD-2108-GRG7C-B,756,RELIABLE,31000,0.2184,32100.0,1,1
GT-KLD-2203-4YCHT-M,733,RELIABLE,21000,0.2242,18700.0,1,0
GT-GJD-2302-X1739-X,801,STRONG,51500,0.1794,52000.0,1,0
GT-UPW-2306-3W1W9-X,815,STRONG,56500,0.1771,54200.0,1,0
GT-KAD-2302-V0NR6-2,600,EMERGING,20500,0.3,0.0,0,0
GT-WBH-2101-H5H8Z-K,858,STRONG,44000,0.1712,50500.0,1,0
GT-TNC-2207-RBT5E-Q,837,STRONG,62500,0.1738,60900.0,1,1
GT-KAD-2111-317G7-T,712,RELIABLE,22500,0.2302,20600.0,1,0
GT-KAR-2202-C9XTC-L,775,RELIABLE,23000,0.2142,18800.0,1,0
GT-MHH-2208-PMQVQ-O,642,EMERGING,12000,0.2971,15700.0,1,0
GT-KAC-2304-FNRQT-T,746,RELIABLE,21500,0.2208,25100.0,1,0
GT-TGF-2201-JY208-1,682,RELIABLE,23000,0.2404,26200.0,1,0
GT-KAD-2306-H1H5G-5,913,PRIME,119500,0.1459,118300.0,1,0
GT-RJD-2311-GJBV6-8,766,RELIABLE,32000,0.2161,30700.0,1,0
GT-WBW-2107-YHX9N-E,750,RELIABLE,26500,0.2198,29500.0,1,1
GT-KLR-2106-4X9NX-Z,856,STRONG,53000,0.1714,51800.0,1,0
GT-KAF-2112-NBT9H-P,565,EMERGING,9500,0.3,0.0,0,0
GT-KAW-2102-CXGXB-Q,605,EMERGING,8000,0.3,0.0,0,1
GT-RJR-2310-A0Y0B-0,876,STRONG,54000,0.1693,38400.0,1,0
GT-TND-2207-JCMNX-X,743,RELIABLE,23000,0.2215,24400.0,1,0
GT-UPR-2212-Y8PME-P,745,RELIABLE,24500,0.2211,23200.0,1,1
GT-MHC-2201-SQ3QN-C,600,EMERGING,14000,0.3,0.0,0,1
GT-KAD-2101-NT96J-F,763,RELIABLE,29000,0.2168,25400.0,1,0
GT-TGD-2203-G8Y3D-S,895,STRONG,80000,0.1674,82000.0,1,0
GT-WBH-2110-J30EJ-4,819,STRONG,54000,0.1764,52300.0,1,0
GT-MHF-2402-4NSWK-7,762,RELIABLE,23500,0.217,26800.0,1,0
GT-KAR-2208-F1GF7-4,761,RELIABLE,24000,0.2173,27200.0,1,1
GT-DLW-2104-6K67R-A,736,RELIABLE,26500,0.2233,25400.0,1,1
GT-MHR-2102-62DZ2-8,576,EMERGING,7500,0.3,0.0,0,1
GT-KLH-2110-X46S3-9,780,RELIABLE,28000,0.2133,29300.0,1,0
GT-KLC-2102-34XE5-U,833,STRONG,60000,0.1744,67300.0,1,0
GT-KAD-2312-KA9Z1-7,611,EMERGING,11000,0.3,10600.0,1,0
GT-TGR-2312-KSG6A-N,692,RELIABLE,26000,0.2368,31300.0,1,1
GT-TND-2401-89KB1-0,520,EMERGING,11000,0.3,0.0,0,0
GT-KAF-2107-TSGGC-N,690,RELIABLE,21500,0.2375,19900.0,1,0
GT-GJF-2110-KHEYP-1,735,RELIABLE,25500,0.2236,24300.0,1,0
GT-RJR-2109-7YEE6-4,574,EMERGING,8000,0.3,0.0,0,1
GT-GJH-2108-EZR4H-8,778,RELIABLE,35000,0.2136,31800.0,1,0
GT-KLR-2204-9NY68-H,680,RELIABLE,28000,0.2411,0.0,0,0
GT-GJW-2106-K3EG8-B,757,RELIABLE,25000,0.2182,27800.0,1,0
GT-WBF-2112-ZQRSG-V,549,EMERGING,7000,0.3,0.0,0,0
GT-KLR-2306-VSF2B-1,686,RELIABLE,22000,0.2389,23700.0,1,1
GT-UPD-2306-DBT06-Y,877,STRONG,57500,0.1692,38600.0,1,0
GT-UPF-2403-SY5H5-E,535,EMERGING,5000,0.3,0.0,0,0
GT-UPF-2104-RC6S0-1,768,RELIABLE,27000,0.2157,25700.0,1,0
GT-KAD-2201-6PD7X-G,711,RELIABLE,23000,0.2305,28300.0,1,1
GT-UPW-2206-5S21K-4,815,STRONG,54000,0.1771,58000.0,1,1
GT-UPR-2208-1CY36-T,740,RELIABLE,27000,0.2223,25700.0,1,0
GT-TGD-2307-0NGCY-P,761,RELIABLE,36500,0.2173,35500.0,1,0
GT-WBW-2203-RAG22-F,811,STRONG,61000,0.1777,64100.0,1,0
GT-RJR-2112-9VQZQ-T,873,STRONG,72000,0.1696,87500.0,1,0
GT-MHF-2304-3ZJD4-U,744,RELIABLE,22500,0.2213,22800.0,1,0
GT-WBF-2210-MNWW4-Z,749,RELIABLE,28500,0.22,0.0,0,1
GT-UPD-2312-G7G3Y-1,630,EMERGING,8000,0.3,0.0,0,0
GT-DLR-2208-6K5Q4-4,846,STRONG,62000,0.1727,68900.0,1,0
GT-DLD-2306-2CE26-1,600,EMERGING,11500,0.3,12400.0,1,0
GT-KAD-2305-EMFDK-E,600,EMERGING,14000,0.3,13400.0,1,0
GT-TNF-2109-RJJBW-R,788,RELIABLE,29000,0.2117,28700.0,1,0
GT-TND-2112-83YJ6-W,671,RELIABLE,17000,0.2446,19700.0,1,0
GT-KLH-2207-D8V38-4,600,EMERGING,16000,0.3,20400.0,1,0
GT-KAR-2306-EGRZ3-T,824,STRONG,51500,0.1757,53300.0,1,0
GT-GJD-2105-9HX9N-D,760,RELIABLE,26000,0.2175,22600.0,1,0
GT-KAC-2312-MT9TY-W,626,EMERGING,7000,0.3,0.0,0,0
GT-UPR-2302-J6F54-8,726,RELIABLE,30500,0.2261,30100.0,1,0
GT-TGF-2112-Z6FHB-I,520,EMERGING,18500,0.3,0.0,0,0
GT-TGF-2105-Z70TZ-L,566,EMERGING,10500,0.3,0.0,0,1
GT-KLC-2212-GMN8Z-K,688,RELIABLE,26500,0.2382,25600.0,1,0
GT-UPD-2102-C12CW-6,795,RELIABLE,27500,0.2104,28400.0,1,0
GT-MHD-2310-JKNNC-I,798,RELIABLE,34500,0.2099,34500.0,1,0
GT-DLH-2402-8ZFPZ-P,823,STRONG,58500,0.1758,61300.0,1,0
GT-DLD-2103-H2NWB-Z,876,STRONG,67000,0.1693,61600.0,1,0
GT-GJF-2109-WJC8D-N,812,STRONG,48000,0.1775,45500.0,1,0
GT-RJF-2210-HZWKV-F,795,RELIABLE,33000,0.2104,36100.0,1,0
GT-GJR-2211-E9DHR-N,942,PRIME,132500,0.1438,132200.0,1,0
GT-TGW-2306-N9JSZ-L,680,RELIABLE,22000,0.2411,25100.0,1,0
GT-UPH-2312-4C48Z-X,694,RELIABLE,27500,0.2361,28600.0,1,0
GT-UPD-2212-4GGW2-H,765,RELIABLE,31000,0.2164,24400.0,1,0
GT-KAF-2207-78XDE-F,803,STRONG,49500,0.179,42100.0,1,0
GT-WBF-2110-K6FCB-Q,695,RELIABLE,27000,0.2358,26000.0,1,1
GT-UPD-2310-ECYQD-L,685,RELIABLE,27500,0.2393,26800.0,1,1
GT-GJC-2201-CJ6MA-6,881,STRONG,51000,0.1687,40600.0,1,0
GT-DLR-2104-39TP3-G,715,RELIABLE,17000,0.2293,14200.0,1,0
GT-MHD-2208-NAGG4-H,668,RELIABLE,22500,0.2458,28200.0,1,1
GT-DLC-2204-9M566-V,860,STRONG,54000,0.171,59700.0,1,1
GT-TNH-2112-C2G61-9,600,EMERGING,11500,0.3,11600.0,1,0
GT-KLD-2206-BP885-8,716,RELIABLE,23500,0.229,22400.0,1,1
GT-GJW-2110-HZW8W-K,848,STRONG,83000,0.1725,76200.0,1,0
GT-RJD-2201-7BZ89-5,638,EMERGING,7500,0.299,6100.0,1,0
GT-KAD-2305-RYHG5-Z,816,STRONG,53500,0.1769,57200.0,1,0
GT-UPD-2209-25MDK-W,859,STRONG,63000,0.1711,45800.0,1,0
GT-MHC-2309-PFC1E-A,789,RELIABLE,24000,0.2115,29100.0,1,0
GT-WBD-2210-N6E44-9,708,RELIABLE,22500,0.2314,0.0,0,0
GT-TND-2203-FWP0F-8,692,RELIABLE,18500,0.2368,16200.0,1,1
GT-RJW-2404-4DWMS-A,600,EMERGING,11000,0.3,0.0,0,0
GT-GJR-2309-3RM4B-B,692,RELIABLE,21000,0.2368,0.0,0,1
GT-TGD-2403-83PZX-S,695,RELIABLE,20000,0.2358,0.0,0,1
GT-WBD-2401-PEMY2-P,840,STRONG,52500,0.1735,52800.0,1,0
GT-UPW-2105-TFWSR-C,547,EMERGING,8500,0.3,0.0,0,1
GT-UPF-2301-CSGD1-A,815,STRONG,44500,0.1771,38700.0,1,0
GT-WBW-2112-Q4X3B-5,709,RELIABLE,27000,0.2311,22800.0,1,0
GT-UPD-2108-SKV8V-3,813,STRONG,38500,0.1774,38100.0,1,0
GT-UPR-2401-DT8GR-Q,667,RELIABLE,18000,0.2462,0.0,0,0
GT-KAW-2311-X4ERG-9,862,STRONG,47000,0.1708,50100.0,1,0
GT-TND-2403-W18KH-D,680,RELIABLE,38500,0.2411,34700.0,1,0
GT-KLD-2204-6WAGK-6,854,STRONG,77000,0.1717,75300.0,1,0
GT-TNR-2212-CS45Z-0,620,EMERGING,11000,0.3,0.0,0,1
GT-RJD-2212-GC4HT-W,804,STRONG,50000,0.1788,59100.0,1,1
GT-WBD-2204-JYVZW-8,827,STRONG,41500,0.1752,45600.0,1,0
GT-DLH-2201-JJHYE-F,622,EMERGING,11500,0.3,0.0,0,0
GT-TNR-2403-BYNRP-Q,763,RELIABLE,25000,0.2168,21100.0,1,0
GT-TGF-2403-PGGEX-I,600,EMERGING,15000,0.3,0.0,0,0
GT-MHD-2309-49CBN-T,769,RELIABLE,30000,0.2155,25300.0,1,0
GT-TNF-2307-GGP1A-O,785,RELIABLE,42500,0.2122,51100.0,1,0
GT-GJR-2108-SA4KG-R,785,RELIABLE,33500,0.2122,29000.0,1,0
GT-KLH-2309-5QFKE-3,884,STRONG,64000,0.1684,75300.0,1,0
GT-KLR-2206-J06ZS-4,820,STRONG,54000,0.1763,57500.0,1,1
GT-TNW-2401-60G2N-3,519,EMERGING,6500,0.3,0.0,0,1
GT-UPD-2108-BJ74Z-C,722,RELIABLE,23500,0.2272,26500.0,1,1
GT-TNR-2107-EQEZV-Q,777,RELIABLE,39500,0.2139,51700.0,1,1
GT-RJC-2212-F6MTS-U,571,EMERGING,9000,0.3,0.0,0,0
GT-KLF-2108-SEVPW-6,741,RELIABLE,21000,0.2221,21400.0,1,0
GT-TGF-2403-E1J3P-4,872,STRONG,70500,0.1697,87000.0,1,0
GT-GJC-2109-V45GY-6,647,EMERGING,12000,0.2948,0.0,0,0
GT-RJC-2105-G4QNZ-E,756,RELIABLE,35000,0.2184,39000.0,1,1
GT-MHD-2103-GT0JT-X,700,RELIABLE,23000,0.2341,22500.0,1,0
GT-DLD-2309-ATYDK-S,691,RELIABLE,20500,0.2371,0.0,0,0
GT-GJR-2312-BXBF4-K,874,STRONG,75000,0.1695,85500.0,1,0
GT-MHH-2101-30EFG-H,703,RELIABLE,36500,0.2331,37900.0,1,0
GT-UPR-2404-5MQAK-T,792,RELIABLE,24000,0.211,24800.0,1,0
GT-DLD-2308-XARBA-2,623,EMERGING,8500,0.3,0.0,0,1
GT-TNR-2212-6940P-K,861,STRONG,59500,0.1709,67100.0,1,0
GT-RJD-2304-TF9V7-M,520,EMERGING,15000,0.3,15100.0,1,1
GT-WBD-2212-HF0CG-7,739,RELIABLE,16500,0.2226,14500.0,1,0
GT-UPD-2303-B2W20-I,819,STRONG,49500,0.1764,43600.0,1,0
GT-GJD-2204-8XYSN-E,669,RELIABLE,19000,0.2454,18000.0,1,1
GT-WBW-2306-MA3WT-Y,888,STRONG,60000,0.1681,51200.0,1,0
GT-WBD-2112-NXDDZ-J,780,RELIABLE,36500,0.2133,32600.0,1,0
GT-RJD-2211-BN4SQ-R,734,RELIABLE,28000,0.2239,32600.0,1,1
GT-KLR-2208-Z19YF-R,664,RELIABLE,20500,0.2474,23500.0,1,0
GT-KAD-2211-372FF-H,716,RELIABLE,18500,0.229,20600.0,1,0
GT-WBR-2306-QQ208-K,769,RELIABLE,28000,0.2155,32900.0,1,0
GT-UPD-2403-N5M35-Y,791,RELIABLE,41000,0.2112,34700.0,1,0
GT-GJD-2107-A38E9-Q,776,RELIABLE,38000,0.214,33600.0,1,0
GT-TGF-2211-HEDSQ-9,737,RELIABLE,32500,0.2231,30100.0,1,0
GT-UPD-2307-PXDYN-M,782,RELIABLE,30000,0.2128,22100.0,1,0
GT-TGD-2204-FZ374-7,741,RELIABLE,25000,0.2221,21700.0,1,0
GT-MHD-2302-PSWWD-5,925,PRIME,116000,0.145,116700.0,1,0
GT-DLD-2106-EEZQX-Z,578,EMERGING,10000,0.3,0.0,0,0
GT-KAD-2305-2JNP8-1,902,PRIME,100500,0.1468,99700.0,1,0
GT-UPR-2110-8ZFY5-9,853,STRONG,66500,0.1718,71500.0,1,0
GT-KLD-2104-BW059-F,696,RELIABLE,21500,0.2354,20600.0,1,1
GT-TND-2312-TG54H-Q,905,PRIME,73000,0.1466,71600.0,1,0
GT-UPC-2202-Z5N2D-X,792,RELIABLE,40500,0.211,48300.0,1,0
GT-KLD-2209-YRR1X-B,840,STRONG,62000,0.1735,65300.0,1,0
GT-TND-2208-KRWWX-M,768,RELIABLE,34000,0.2157,35000.0,1,1
GT-RJR-2107-QP6C5-W,783,RELIABLE,26500,0.2127,25500.0,1,1
GT-KAD-2310-2AS52-Z,740,RELIABLE,29500,0.2223,33000.0,1,0
GT-GJW-2210-33HE8-9,808,STRONG,38500,0.1782,51700.0,1,0
GT-MHD-2210-TMA7A-8,855,STRONG,46500,0.1716,51000.0,1,0
GT-UPR-2106-8GPG4-N,520,EMERGING,20500,0.3,0.0,0,0
GT-KAH-2310-0WHJE-Y,707,RELIABLE,24500,0.2318,0.0,0,0
GT-RJD-2401-1NZP1-2,819,STRONG,60000,0.1764,64600.0,1,0
GT-TND-2310-0CK4F-S,851,STRONG,56500,0.172,68000.0,1,0
GT-DLF-2212-65GFV-5,847,STRONG,72500,0.1726,76400.0,1,0
GT-WBH-2204-Y10KR-N,833,STRONG,53500,0.1744,54600.0,1,0
GT-KLR-2109-ABXQ0-L,749,RELIABLE,30500,0.22,30300.0,1,0
GT-MHF-2308-GVBKD-W,680,RELIABLE,16000,0.2411,15200.0,1,0
GT-TND-2309-XG0C8-X,706,RELIABLE,13000,0.2321,11300.0,1,1
GT-GJF-2201-FG7G3-I,626,EMERGING,9500,0.3,0.0,0,1
GT-KAD-2304-64M69-S,600,EMERGING,18000,0.3,0.0,0,0
GT-KLF-2104-PAPAN-T,743,RELIABLE,30000,0.2215,27200.0,1,1
GT-WBD-2311-H1277-4,748,RELIABLE,26500,0.2203,26000.0,1,0
GT-KLR-2107-5YX1N-O,461,BUILDING,0,0.3,0.0,0,1
GT-TGD-2106-YXHGB-Q,670,RELIABLE,28500,0.245,25600.0,1,0
GT-RJF-2107-6YFGP-D,848,STRONG,72000,0.1725,64500.0,1,0
GT-TNW-2208-EQWM5-C,682,RELIABLE,20500,0.2404,0.0,0,0
GT-TGC-2203-WQ43P-E,801,STRONG,32500,0.1794,29900.0,1,0
GT-TNH-2103-A6VX0-Q,585,EMERGING,7500,0.3,0.0,0,0
GT-WBR-2311-TH7MT-N,885,STRONG,85000,0.1684,94800.0,1,0
GT-DLF-2204-J2C6Z-Q,600,EMERGING,13000,0.3,12400.0,1,1
GT-WBD-2202-38FV7-D,778,RELIABLE,36000,0.2136,33000.0,1,0
GT-RJC-2106-59K57-9,911,PRIME,104000,0.1461,100400.0,1,0
GT-MHF-2311-FRWGN-J,853,STRONG,62000,0.1718,61600.0,1,0
GT-UPR-2401-XZS4T-I,733,RELIABLE,25000,0.2242,0.0,0,0
GT-RJR-2307-60H4Q-3,700,RELIABLE,22000,0.2341,23300.0,1,0
GT-KAW-2307-4P0B7-X,744,RELIABLE,37000,0.2213,31100.0,1,0
GT-GJW-2305-G2PR6-Q,791,RELIABLE,27500,0.2112,30300.0,1,1
GT-TGW-2111-H48RT-8,743,RELIABLE,36500,0.2215,0.0,0,0
GT-GJR-2208-E2D1E-W,761,RELIABLE,33500,0.2173,39600.0,1,0
GT-DLR-2102-82FZQ-N,865,STRONG,68500,0.1704,67300.0,1,0
GT-DLH-2309-77B8W-8,743,RELIABLE,31000,0.2215,22300.0,1,0
GT-DLF-2103-5CG26-U,924,PRIME,82000,0.1451,73000.0,1,0
GT-MHR-2101-K36BB-Z,804,STRONG,38000,0.1788,32100.0,1,0
GT-TGF-2308-1R8GG-T,881,STRONG,62000,0.1687,75200.0,1,0
GT-RJF-2305-3Z5Z4-Q,775,RELIABLE,33500,0.2142,31100.0,1,0
GT-UPF-2104-QDEXM-8,802,STRONG,63000,0.1792,48700.0,1,0
GT-MHR-2303-9EWSE-3,709,RELIABLE,25000,0.2311,26500.0,1,1
GT-WBC-2312-3NAEK-W,600,EMERGING,12500,0.3,13100.0,1,0
GT-KAC-2312-3ZFWV-K,827,STRONG,56000,0.1752,52700.0,1,0
GT-KAR-2112-91TGB-L,812,STRONG,40000,0.1775,35500.0,1,0
GT-GJD-2212-EMW1T-W,752,RELIABLE,18500,0.2193,20000.0,1,0
GT-TNR-2108-6CQR6-H,634,EMERGING,8000,0.3,7100.0,1,0
GT-UPF-2302-3E32V-H,600,EMERGING,11000,0.3,13100.0,1,1
GT-MHR-2302-BNNFA-U,596,EMERGING,7000,0.3,7400.0,1,1
GT-MHC-2104-R3S70-E,588,EMERGING,8500,0.3,0.0,0,1
GT-UPD-2107-EMDN7-U,756,RELIABLE,24500,0.2184,20800.0,1,0
GT-DLD-2108-414MP-5,832,STRONG,54500,0.1746,71500.0,1,0
GT-KAC-2110-SGK15-T,747,RELIABLE,26500,0.2205,24700.0,1,0
GT-UPH-2103-6P49C-T,596,EMERGING,8000,0.3,0.0,0,1
GT-UPR-2204-22CB6-6,693,RELIABLE,23500,0.2364,24500.0,1,0
GT-KLD-2106-E6EJD-J,729,RELIABLE,28000,0.2253,26600.0,1,0
GT-WBR-2304-A02N6-Q,931,PRIME,128500,0.1446,137200.0,1,0
GT-TGR-2110-5N8QZ-8,678,RELIABLE,25500,0.2419,0.0,0,0
GT-GJR-2109-WTG8C-V,736,RELIABLE,22500,0.2233,29700.0,1,0
GT-UPD-2305-3TSKZ-W,890,STRONG,67000,0.1679,68200.0,1,0
GT-GJD-2304-TSQNY-A,764,RELIABLE,31000,0.2166,37100.0,1,0
GT-TNF-2311-215Y5-H,831,STRONG,72000,0.1747,76500.0,1,0
GT-RJF-2402-SC902-V,745,RELIABLE,28000,0.2211,32100.0,1,0
GT-UPF-2301-QTNRW-W,856,STRONG,58500,0.1714,68400.0,1,0
GT-RJR-2106-XC8M3-M,600,EMERGING,23000,0.3,20200.0,1,0
GT-WBD-2205-EYCM1-P,653,RELIABLE,24000,0.2521,15000.0,1,1
GT-TGR-2110-2VA8N-8,680,RELIABLE,42500,0.2411,41900.0,1,0
GT-RJH-2108-MTP80-K,677,RELIABLE,15500,0.2422,13700.0,1,0
GT-GJR-2112-13SNE-9,600,EMERGING,16000,0.3,15700.0,1,0
GT-UPF-2306-8R5B8-O,805,STRONG,48500,0.1787,44800.0,1,0
GT-RJR-2211-38TJ0-J,691,RELIABLE,30000,0.2371,32400.0,1,1
GT-DLC-2109-MYYB7-U,763,RELIABLE,34500,0.2168,30700.0,1,0
GT-MHR-2111-4G1K8-O,718,RELIABLE,26000,0.2284,23900.0,1,1
GT-MHR-2107-DAP2K-O,680,RELIABLE,23500,0.2411,22500.0,1,1
GT-WBC-2201-9XDEV-M,703,RELIABLE,21500,0.2331,22900.0,1,0
GT-RJD-2205-WJS4H-G,600,EMERGING,10000,0.3,11000.0,1,0
GT-KLF-2212-84B2X-E,775,RELIABLE,27500,0.2142,28100.0,1,0
GT-KAR-2403-WMKYZ-A,629,EMERGING,9500,0.3,0.0,0,1
GT-KAH-2108-MR3NW-D,798,RELIABLE,34500,0.2099,38500.0,1,0
GT-GJW-2212-SYJJ2-Z,687,RELIABLE,25500,0.2386,27400.0,1,0
GT-DLD-2209-PWCAX-H,600,EMERGING,14000,0.3,0.0,0,1
GT-TGW-2101-MP24C-C,712,RELIABLE,27000,0.2302,26400.0,1,0
GT-KAF-2103-XJ7SC-Y,858,STRONG,58500,0.1712,47100.0,1,0
GT-KAR-2204-FHDPK-X,789,RELIABLE,28000,0.2115,29700.0,1,0
GT-WBD-2207-YBG5Q-Z,722,RELIABLE,18500,0.2272,20400.0,1,0
GT-GJD-2312-4P7Z2-C,804,STRONG,35000,0.1788,42400.0,1,0
GT-RJF-2101-RNG1A-V,601,EMERGING,8500,0.3,0.0,0,0
GT-TGR-2103-6C8TR-T,600,EMERGING,15500,0.3,0.0,0,0
GT-GJC-2203-KBJYV-L,890,STRONG,56000,0.1679,54200.0,1,0
GT-RJD-2104-RR6HJ-B,824,STRONG,56500,0.1757,58300.0,1,1
GT-TGF-2207-X46CZ-U,745,RELIABLE,36000,0.2211,33600.0,1,0
GT-DLD-2402-SV3XK-2,745,RELIABLE,40000,0.2211,38100.0,1,0
GT-RJF-2309-ZE5HZ-5,600,EMERGING,26000,0.3,0.0,0,0
GT-KAD-2307-FCZ8F-V,555,EMERGING,8000,0.3,9600.0,1,1
GT-DLR-2209-3XAAG-E,600,EMERGING,9000,0.3,0.0,0,1
GT-MHD-2308-NAX45-R,757,RELIABLE,31500,0.2182,36600.0,1,0
GT-GJF-2303-Z2XKA-P,600,EMERGING,13000,0.3,11500.0,1,1
GT-DLD-2402-C55DZ-B,866,STRONG,65500,0.1703,57300.0,1,0
GT-TNW-2112-HVSP9-3,686,RELIABLE,29000,0.2389,28500.0,1,0
GT-GJD-2210-8Y83F-2,564,EMERGING,4500,0.3,0.0,0,0
GT-DLR-2304-CS51S-Z,645,EMERGING,12000,0.2957,12500.0,1,0
GT-TNF-2201-CSQHC-5,488,BUILDING,0,0.3,0.0,0,1
GT-TGD-2110-GVVG5-G,736,RELIABLE,23500,0.2233,19000.0,1,1
GT-MHD-2401-AYTA3-6,776,RELIABLE,31000,0.214,30600.0,1,0
GT-KLD-2104-XN3BD-V,733,RELIABLE,26500,0.2242,25500.0,1,0
GT-KLF-2301-1RTAP-E,821,STRONG,41500,0.1761,29300.0,1,0
GT-UPH-2208-N8YPF-U,835,STRONG,52500,0.1741,61100.0,1,0
GT-MHD-2110-AAZVB-J,735,RELIABLE,23000,0.2236,15700.0,1,0
GT-TGF-2102-AH00G-P,632,EMERGING,7000,0.3,0.0,0,1
GT-TNF-2309-KGRWP-J,800,STRONG,51000,0.1795,46400.0,1,0
GT-MHF-2105-MDM7P-7,781,RELIABLE,29500,0.213,29700.0,1,1
GT-RJR-2110-995PC-R,762,RELIABLE,31000,0.217,30100.0,1,0
GT-TGH-2204-PP1B6-O,836,STRONG,63500,0.174,59000.0,1,0
GT-GJR-2111-X9WYH-M,704,RELIABLE,20500,0.2328,20500.0,1,1
GT-GJW-2302-XPEYG-3,909,PRIME,105000,0.1462,146600.0,1,0
GT-TND-2109-7Q99Z-8,714,RELIABLE,27000,0.2296,0.0,0,0
GT-TNW-2202-RAWDR-7,808,STRONG,55500,0.1782,60300.0,1,0
GT-KLH-2305-GN5X3-H,628,EMERGING,9000,0.3,0.0,0,0
GT-RJC-2202-W0NHM-P,669,RELIABLE,24000,0.2454,24000.0,1,0
GT-WBD-2112-NPYYT-B,890,STRONG,74000,0.1679,83000.0,1,0
GT-WBC-2108-9VEKR-I,775,RELIABLE,28500,0.2142,17200.0,1,0
GT-KAD-2301-QYE7N-J,799,RELIABLE,27500,0.2097,24000.0,1,0
GT-DLF-2307-P4KSV-D,600,EMERGING,17500,0.3,0.0,0,0
GT-KAR-2305-BQB81-I,773,RELIABLE,30500,0.2146,27300.0,1,0
GT-RJF-2204-728HG-5,853,STRONG,58000,0.1718,61400.0,1,0
GT-KLR-2212-DAD4M-2,712,RELIABLE,39500,0.2302,41700.0,1,1
GT-MHD-2203-HKGGS-C,620,EMERGING,8500,0.3,0.0,0,1
GT-DLD-2211-XQ2WF-C,665,RELIABLE,15000,0.247,0.0,0,0
GT-TND-2207-SVKQR-9,811,STRONG,54500,0.1777,49800.0,1,0
GT-RJR-2104-JBDQ0-9,749,RELIABLE,36500,0.22,40200.0,1,1
GT-TGC-2301-GQEPV-U,628,EMERGING,8500,0.3,9800.0,1,0
GT-KAW-2106-VRF72-Z,728,RELIABLE,22000,0.2256,0.0,0,0
GT-WBW-2307-K8PJ6-I,725,RELIABLE,24000,0.2264,0.0,0,0
GT-MHW-2303-4CEF2-C,703,RELIABLE,24000,0.2331,22100.0,1,0
GT-GJR-2303-ZDKRZ-6,600,EMERGING,8500,0.3,7400.0,1,1
GT-RJR-2212-7VBV2-8,693,RELIABLE,28500,0.2364,27700.0,1,1
GT-KAR-2103-F60RQ-M,600,EMERGING,17500,0.3,0.0,0,1
GT-KLD-2104-98Y75-G,801,STRONG,42500,0.1794,50400.0,1,0
GT-GJF-2109-HD688-A,818,STRONG,43500,0.1766,48500.0,1,0
GT-KAW-2403-BB6A6-R,723,RELIABLE,28500,0.2269,27600.0,1,1
GT-DLF-2307-9S1SW-N,769,RELIABLE,37000,0.2155,38000.0,1,0
GT-MHW-2210-CKYY1-4,732,RELIABLE,30000,0.2244,28700.0,1,0
GT-RJD-2106-2V710-1,675,RELIABLE,24000,0.243,20000.0,1,1
GT-UPW-2107-Q51ZG-X,633,EMERGING,8500,0.3,0.0,0,1
GT-TND-2309-8PE67-J,717,RELIABLE,32500,0.2287,22100.0,1,0
GT-WBC-2303-PCEV3-9,689,RELIABLE,25000,0.2379,22500.0,1,0
GT-TND-2104-VQ00F-W,664,RELIABLE,20000,0.2474,21800.0,1,0
GT-TGR-2208-E38D6-3,834,STRONG,41500,0.1743,36300.0,1,0
GT-GJR-2305-HNH7Q-4,765,RELIABLE,34500,0.2164,32200.0,1,1
GT-MHD-2302-7HA75-V,641,EMERGING,10000,0.2975,7900.0,1,0
GT-UPR-2401-ABDZ5-U,727,RELIABLE,29000,0.2258,33800.0,1,0
GT-KLD-2205-FDXJD-7,600,EMERGING,16000,0.3,0.0,0,1
GT-KLR-2104-AN72X-O,760,RELIABLE,27000,0.2175,28800.0,1,0
GT-MHC-2109-TVM96-B,600,EMERGING,12000,0.3,12400.0,1,0
GT-TGD-2212-QFCVE-E,662,RELIABLE,18000,0.2482,0.0,0,1
GT-DLR-2302-WM393-D,600,EMERGING,12000,0.3,12300.0,1,1
GT-GJC-2311-A0K4G-3,727,RELIABLE,22000,0.2258,16500.0,1,0
GT-TNR-2210-QXXH3-Y,814,STRONG,50000,0.1772,49800.0,1,0
GT-TNW-2103-6VXNX-5,566,EMERGING,6500,0.3,0.0,0,1
GT-MHR-2109-RM1CZ-Q,783,RELIABLE,31000,0.2127,27600.0,1,0
GT-WBR-2307-3EKRY-X,807,STRONG,48500,0.1783,52500.0,1,0
GT-WBD-2102-118S4-C,600,EMERGING,12000,0.3,11000.0,1,1
GT-WBD-2106-8TQMS-U,815,STRONG,49500,0.1771,36600.0,1,1
GT-TNF-2208-XGESS-K,600,EMERGING,17500,0.3,20300.0,1,0
GT-UPW-2311-1QA8P-J,758,RELIABLE,31500,0.2179,32700.0,1,1
GT-GJD-2102-R604M-S,673,RELIABLE,22000,0.2438,23300.0,1,0
GT-MHC-2210-VX712-M,524,EMERGING,8500,0.3,7500.0,1,1
GT-TNR-2209-ZFY6J-3,600,EMERGING,21000,0.3,22500.0,1,0
GT-GJR-2402-AQZ1X-8,697,RELIABLE,28000,0.235,29300.0,1,0
GT-MHC-2404-9YMQD-K,762,RELIABLE,30000,0.217,30900.0,1,0
GT-TNC-2110-YBHHG-R,648,EMERGING,7500,0.2943,6600.0,1,0
GT-RJR-2301-BVWGE-M,686,RELIABLE,18500,0.2389,15700.0,1,1
GT-TGD-2211-DEXKA-J,778,RELIABLE,27000,0.2136,25300.0,1,0
GT-WBD-2206-TN0CZ-5,688,RELIABLE,25000,0.2382,0.0,0,0
GT-GJD-2202-B02JG-O,793,RELIABLE,35500,0.2107,33200.0,1,1
GT-TNW-2403-ZBQPH-8,793,RELIABLE,28000,0.2107,26000.0,1,0
GT-RJD-2308-HX05Y-E,821,STRONG,50500,0.1761,57900.0,1,0
GT-KAF-2109-6JGFK-P,747,RELIABLE,23000,0.2205,28000.0,1,0
GT-TGD-2404-B2DBT-7,851,STRONG,65500,0.172,49800.0,1,0
GT-WBR-2402-W1KZE-O,648,EMERGING,10500,0.2943,11100.0,1,0
GT-DLR-2401-HT2QB-6,722,RELIABLE,22000,0.2272,22600.0,1,1
GT-UPR-2204-E5YPQ-N,866,STRONG,88500,0.1703,81400.0,1,0
GT-KAR-2103-FR3FB-2,884,STRONG,61500,0.1684,74400.0,1,0
GT-GJH-2106-CZ77G-I,623,EMERGING,8000,0.3,0.0,0,0
GT-GJC-2306-QQ6K8-6,748,RELIABLE,26000,0.2203,27000.0,1,0
GT-UPF-2208-KCZS4-F,870,STRONG,48500,0.1699,49800.0,1,0
GT-DLD-2312-TSCV0-R,600,EMERGING,19500,0.3,18300.0,1,0
GT-MHC-2112-6Z8HP-5,745,RELIABLE,32500,0.2211,32700.0,1,0
GT-WBC-2203-KARST-H,787,RELIABLE,48000,0.2119,57800.0,1,0
GT-KLC-2207-5ZDE9-M,693,RELIABLE,24000,0.2364,21300.0,1,1
GT-UPR-2108-TTS4V-O,766,RELIABLE,25500,0.2161,32800.0,1,0
GT-DLD-2306-5S9JB-Y,735,RELIABLE,28000,0.2236,24500.0,1,0
GT-TGW-2101-8KAPG-1,680,RELIABLE,32500,0.2411,32200.0,1,1
GT-DLR-2205-H9Q6D-R,600,EMERGING,17500,0.3,16300.0,1,0
GT-UPR-2203-HVJRP-M,690,RELIABLE,27000,0.2375,25400.0,1,0
GT-WBR-2310-D7XW7-D,600,EMERGING,22500,0.3,22100.0,1,0
GT-TGR-2311-VXWKB-K,939,PRIME,137000,0.1441,113900.0,1,0
GT-KAD-2208-BA769-4,593,EMERGING,6000,0.3,0.0,0,0
GT-GJF-2211-0HS7X-M,748,RELIABLE,26500,0.2203,28600.0,1,0
GT-TGF-2203-QADEF-V,665,RELIABLE,16500,0.247,0.0,0,1
GT-KAR-2303-87G13-2,766,RELIABLE,26500,0.2161,27400.0,1,0
GT-MHD-2403-9K1Q1-T,761,RELIABLE,22000,0.2173,14100.0,1,0
GT-UPH-2309-AH1K2-0,812,STRONG,79500,0.1775,91900.0,1,0
GT-UPR-2106-MQEYH-Z,863,STRONG,56000,0.1707,50800.0,1,0
GT-TGR-2207-YK8DE-2,773,RELIABLE,29500,0.2146,33600.0,1,0
GT-UPR-2208-D8HNP-L,842,STRONG,56500,0.1732,59800.0,1,0
GT-UPR-2401-T4RJN-K,627,EMERGING,8000,0.3,0.0,0,1
GT-GJF-2101-X8H9K-E,888,STRONG,65500,0.1681,52500.0,1,0
GT-DLD-2204-2AKF3-M,796,RELIABLE,28000,0.2102,21600.0,1,0
GT-TGC-2204-KD4G4-8,826,STRONG,69500,0.1754,69300.0,1,0
GT-RJD-2212-F3NRQ-0,626,EMERGING,8500,0.3,0.0,0,0
GT-TNH-2101-GD1V7-M,698,RELIABLE,20500,0.2347,0.0,0,0
GT-GJF-2205-Y5BG0-K,740,RELIABLE,27000,0.2223,28300.0,1,0
GT-RJD-2205-EC2QZ-I,724,RELIABLE,31000,0.2266,41100.0,1,0
GT-WBR-2103-VD471-V,750,RELIABLE,25000,0.2198,0.0,0,0
GT-WBD-2402-2M04B-C,858,STRONG,57500,0.1712,64500.0,1,0
GT-MHH-2205-G0SN3-B,591,EMERGING,9500,0.3,0.0,0,1
GT-TGW-2306-AW78F-3,832,STRONG,54500,0.1746,43900.0,1,0
GT-KAR-2210-T54NE-F,770,RELIABLE,32000,0.2153,29100.0,1,0
GT-MHR-2401-1S5FT-7,738,RELIABLE,23500,0.2229,22100.0,1,0
GT-WBH-2210-YX6VC-1,639,EMERGING,10500,0.2985,11700.0,1,1
GT-DLF-2312-6F8XJ-G,810,STRONG,38500,0.1779,35500.0,1,0
GT-TNR-2103-K90RB-3,572,EMERGING,5500,0.3,0.0,0,1
GT-TNR-2304-FE91T-D,760,RELIABLE,30000,0.2175,0.0,0,0
GT-TGD-2101-8S0Z9-0,600,EMERGING,8500,0.3,9400.0,1,1
GT-GJF-2202-2GPXX-0,784,RELIABLE,50000,0.2125,40900.0,1,0
GT-TGF-2203-4KVS7-V,783,RELIABLE,33000,0.2127,35600.0,1,0
GT-RJC-2111-0G3A4-F,844,STRONG,72500,0.1729,74200.0,1,0
GT-TGR-2109-8HYRM-9,747,RELIABLE,28500,0.2205,28900.0,1,0
GT-KLF-2304-QEFBY-J,717,RELIABLE,24000,0.2287,23300.0,1,1
GT-KLR-2109-VX4FT-3,784,RELIABLE,44000,0.2125,38300.0,1,0
GT-TGW-2112-SKD2X-B,860,STRONG,61000,0.171,58800.0,1,0
GT-UPR-2108-8CZWE-5,775,RELIABLE,36000,0.2142,30000.0,1,0
GT-TGC-2401-GF3HX-U,700,RELIABLE,34500,0.2341,41100.0,1,0
GT-RJD-2111-9WW39-Q,738,RELIABLE,24500,0.2229,29000.0,1,1
GT-UPF-2112-7DBP3-S,520,EMERGING,9000,0.3,0.0,0,1
GT-TNC-2206-YJPF3-P,803,STRONG,49000,0.179,60300.0,1,0
GT-TNW-2210-AD6ER-J,615,EMERGING,8000,0.3,0.0,0,0
GT-RJR-2208-HTW1A-T,818,STRONG,54000,0.1766,0.0,0,0
GT-WBF-2302-FFGNV-8,766,RELIABLE,28000,0.2161,28300.0,1,0
GT-GJD-2401-ZEMBJ-S,955,PRIME,132000,0.143,118500.0,1,0
GT-GJD-2306-MCMCC-U,706,RELIABLE,22500,0.2321,24600.0,1,1
GT-MHW-2307-R0C3Z-U,747,RELIABLE,32000,0.2205,28400.0,1,0
GT-DLW-2108-2A897-N,922,PRIME,94000,0.1452,98500.0,1,0
GT-KLD-2311-HCNRN-W,824,STRONG,57000,0.1757,57600.0,1,0
GT-DLH-2211-9ZVC7-P,680,RELIABLE,27000,0.2411,31200.0,1,1
GT-RJR-2210-EQ2G7-O,777,RELIABLE,25500,0.2139,24900.0,1,0
GT-TNC-2307-Q1DM2-5,750,RELIABLE,26000,0.2198,30700.0,1,0
GT-RJW-2105-8227Y-7,600,EMERGING,21500,0.3,0.0,0,0
GT-WBC-2108-N8MM5-2,707,RELIABLE,24500,0.2318,19500.0,1,0
GT-KAW-2110-3PQRC-Z,765,RELIABLE,29500,0.2164,26300.0,1,1
GT-DLH-2209-663CF-N,628,EMERGING,11000,0.3,10100.0,1,1
GT-KLF-2112-FFQ5T-0,776,RELIABLE,25000,0.214,30200.0,1,0
GT-DLD-2107-C1P3E-P,744,RELIABLE,38500,0.2213,35400.0,1,0
GT-DLR-2210-A61S5-K,721,RELIABLE,23500,0.2275,21300.0,1,0
GT-MHW-2401-K4DM9-5,570,EMERGING,7000,0.3,0.0,0,1
GT-GJD-2301-QR1EN-U,819,STRONG,65000,0.1764,60800.0,1,0
GT-RJC-2301-F05XG-M,796,RELIABLE,36500,0.2102,37700.0,1,1
GT-KLD-2105-MK2FJ-4,736,RELIABLE,20500,0.2233,22100.0,1,0
GT-RJC-2202-T0VDG-W,600,EMERGING,14000,0.3,14700.0,1,0
GT-RJR-2305-8PZ40-S,655,RELIABLE,18500,0.2512,0.0,0,0
GT-KLC-2102-E7236-5,600,EMERGING,10500,0.3,8700.0,1,1
GT-WBH-2108-QHX66-A,731,RELIABLE,28000,0.2247,28300.0,1,1
GT-RJR-2304-Z03Q2-2,837,STRONG,59000,0.1738,49900.0,1,0
GT-GJF-2201-91GSA-1,745,RELIABLE,27500,0.2211,26000.0,1,0
GT-MHD-2307-XWVE8-A,792,RELIABLE,25000,0.211,25500.0,1,0
GT-KAW-2306-AST72-A,712,RELIABLE,18500,0.2302,15500.0,1,0
GT-KAW-2206-NA679-Z,768,RELIABLE,34000,0.2157,33600.0,1,0
GT-TND-2112-G8M1Y-W,763,RELIABLE,33000,0.2168,41000.0,1,0
GT-TGD-2101-J967C-6,821,STRONG,49500,0.1761,52200.0,1,0
GT-GJR-2111-3K49P-T,710,RELIABLE,26500,0.2308,30000.0,1,0
GT-WBD-2205-P89ZK-I,600,EMERGING,7500,0.3,0.0,0,1
GT-TNW-2210-CYWFD-5,692,RELIABLE,17500,0.2368,17300.0,1,0
GT-UPD-2112-1PWR8-B,600,EMERGING,16000,0.3,11500.0,1,0
GT-RJH-2306-9PNNW-B,520,EMERGING,10500,0.3,0.0,0,1
GT-DLH-2205-5TTKW-I,798,RELIABLE,38000,0.2099,38200.0,1,1
GT-DLC-2109-8H8HT-6,702,RELIABLE,23500,0.2334,24500.0,1,0
GT-KLF-2102-XGRAY-J,922,PRIME,98000,0.1452,120500.0,1,0
GT-KLD-2403-V1PZM-3,635,EMERGING,9500,0.3,10000.0,1,0
GT-TNW-2108-CYHHA-Z,757,RELIABLE,26500,0.2182,26300.0,1,0
GT-WBF-2101-XEFHN-Z,647,EMERGING,9500,0.2948,0.0,0,1
GT-WBH-2310-68QDM-2,671,RELIABLE,24000,0.2446,0.0,0,0
GT-GJR-2201-CZCJH-O,776,RELIABLE,24500,0.214,21800.0,1,0
GT-RJD-2304-1S62R-O,608,EMERGING,11000,0.3,0.0,0,1
GT-MHH-2308-3VY9R-R,729,RELIABLE,21500,0.2253,0.0,0,0
GT-WBW-2109-XYDR9-D,932,PRIME,95000,0.1445,99500.0,1,0
GT-DLD-2211-91KQC-P,600,EMERGING,18000,0.3,14700.0,1,0
GT-UPW-2111-QQHAT-I,802,STRONG,68500,0.1792,67300.0,1,0
GT-WBD-2203-2756S-H,849,STRONG,55000,0.1723,47500.0,1,0
GT-UPR-2110-8SVFH-E,730,RELIABLE,31000,0.225,30600.0,1,0
GT-KLR-2302-QJ19H-X,747,RELIABLE,31000,0.2205,26500.0,1,0
GT-UPR-2307-94YPJ-8,578,EMERGING,6500,0.3,0.0,0,1
GT-RJD-2402-4ECKB-0,811,STRONG,51500,0.1777,35800.0,1,0
GT-RJD-2207-TS100-W,783,RELIABLE,27000,0.2127,29500.0,1,0
GT-GJR-2110-0S94F-8,657,RELIABLE,16000,0.2503,17900.0,1,0
GT-TND-2401-6ZPRD-0,520,EMERGING,17000,0.3,0.0,0,0
GT-TNR-2109-4MTB3-Q,696,RELIABLE,26000,0.2354,28700.0,1,1
GT-TNR-2112-0C2XZ-H,720,RELIABLE,20500,0.2278,19000.0,1,0
GT-GJF-2103-FSGCH-Z,801,STRONG,46000,0.1794,45800.0,1,1
GT-RJF-2311-XD5HP-0,600,EMERGING,9500,0.3,0.0,0,0
GT-TND-2212-A4S9P-9,831,STRONG,48500,0.1747,56200.0,1,0
GT-WBD-2106-P1YZH-H,602,EMERGING,8500,0.3,0.0,0,1
GT-TGW-2101-YK3KD-9,743,RELIABLE,28500,0.2215,0.0,0,1
GT-GJC-2311-ZVDV7-Z,894,STRONG,66000,0.1675,46400.0,1,0
GT-RJH-2110-PCZR8-I,815,STRONG,50500,0.1771,52800.0,1,0
GT-TGH-2112-JPNAM-W,750,RELIABLE,39000,0.2198,43800.0,1,0
GT-TNF-2304-8DPG5-5,672,RELIABLE,24000,0.2442,0.0,0,1
GT-DLC-2204-PEHFF-R,729,RELIABLE,27500,0.2253,30300.0,1,0
GT-TGR-2110-475W8-9,759,RELIABLE,32000,0.2177,31700.0,1,0
GT-TGW-2207-RVRER-5,733,RELIABLE,31500,0.2242,31300.0,1,0
GT-MHH-2204-1GQWA-7,692,RELIABLE,28000,0.2368,24500.0,1,1
GT-KLW-2306-S6PY9-B,749,RELIABLE,31500,0.22,27700.0,1,0
GT-RJR-2102-3PW6A-R,751,RELIABLE,29500,0.2196,21400.0,1,0
GT-DLR-2104-KDAJW-Z,707,RELIABLE,17000,0.2318,18300.0,1,1
GT-KLD-2310-RZ8X9-7,719,RELIABLE,26500,0.2281,27400.0,1,0
GT-DLR-2301-SP1CW-X,841,STRONG,53000,0.1733,53500.0,1,0
GT-TGW-2206-9RJD7-X,645,EMERGING,9500,0.2957,9900.0,1,1
GT-MHF-2303-M6VR0-R,734,RELIABLE,29500,0.2239,25900.0,1,0
GT-GJD-2310-ZX9BZ-4,714,RELIABLE,22500,0.2296,24300.0,1,1
GT-TGF-2207-0H0KC-R,780,RELIABLE,24000,0.2133,20900.0,1,0
GT-DLR-2309-ZKTC0-O,712,RELIABLE,25000,0.2302,24900.0,1,0
GT-DLR-2104-J90VP-R,889,STRONG,56000,0.168,49000.0,1,0
GT-KLR-2403-MTPKY-6,787,RELIABLE,33500,0.2119,32600.0,1,0
GT-GJR-2311-87NHX-3,636,EMERGING,12500,0.2999,13600.0,1,0
GT-MHW-2112-WFQRC-4,680,RELIABLE,44000,0.2411,35300.0,1,0
GT-MHW-2110-63QXQ-0,600,EMERGING,15000,0.3,16900.0,1,0
GT-KAW-2103-8KEKE-L,520,EMERGING,14500,0.3,0.0,0,1
GT-DLR-2401-MXBYG-R,807,STRONG,41000,0.1783,38500.0,1,0
GT-UPF-2103-460CV-K,681,RELIABLE,26000,0.2407,0.0,0,0
GT-KAD-2202-C4GVP-A,600,EMERGING,19500,0.3,18500.0,1,0
GT-DLR-2308-0RAGM-7,685,RELIABLE,25000,0.2393,24700.0,1,0
GT-KAF-2310-HH6GF-4,692,RELIABLE,21500,0.2368,22100.0,1,0
GT-GJF-2206-RT5CN-E,667,RELIABLE,18000,0.2462,0.0,0,1
GT-RJC-2212-VZHVA-E,715,RELIABLE,30500,0.2293,28800.0,1,0
GT-WBD-2109-2727K-X,852,STRONG,76500,0.1719,81300.0,1,0
GT-KLC-2306-MQ4DW-4,843,STRONG,57500,0.1731,43100.0,1,0
GT-GJD-2207-T5M21-J,900,PRIME,88500,0.147,73200.0,1,0
GT-UPR-2209-7CXNY-D,910,PRIME,79000,0.1462,86400.0,1,0
GT-TNW-2310-SQXN4-N,718,RELIABLE,21500,0.2284,21200.0,1,1
GT-RJW-2204-AMTNB-V,766,RELIABLE,29000,0.2161,24300.0,1,0
GT-GJC-2312-8V36W-B,667,RELIABLE,19500,0.2462,0.0,0,1
GT-KAW-2310-27H05-5,690,RELIABLE,18500,0.2375,0.0,0,1
GT-KAD-2208-KNSVH-W,724,RELIABLE,27000,0.2266,28800.0,1,0
GT-RJH-2109-MBXG2-9,663,RELIABLE,26500,0.2478,31500.0,1,1
GT-DLH-2312-ASG47-V,691,RELIABLE,27000,0.2371,28500.0,1,1
GT-TGR-2209-G9KZD-3,728,RELIABLE,18500,0.2256,20600.0,1,0
GT-UPD-2209-TATY8-Y,620,EMERGING,8500,0.3,0.0,0,1
GT-UPD-2101-HFDM2-C,802,STRONG,52500,0.1792,50500.0,1,0
GT-KAW-2403-V1GPM-0,710,RELIABLE,24500,0.2308,0.0,0,0
GT-GJH-2301-F9MGJ-U,925,PRIME,103000,0.145,109500.0,1,0
GT-KLW-2102-W2QC1-D,698,RELIABLE,21500,0.2347,22300.0,1,1
GT-TNR-2204-WXH4Y-3,806,STRONG,39000,0.1785,46600.0,1,0
GT-WBD-2303-54Q2K-Q,630,EMERGING,14500,0.3,0.0,0,1
GT-DLR-2310-APVPT-1,881,STRONG,53500,0.1687,45800.0,1,0
GT-UPR-2401-8P2DB-G,848,STRONG,49000,0.1725,47600.0,1,0
GT-MHD-2204-KY7X8-W,759,RELIABLE,26500,0.2177,22500.0,1,0
GT-WBD-2103-B49N5-P,625,EMERGING,11000,0.3,10300.0,1,1
GT-TGD-2202-E9R59-G,785,RELIABLE,29000,0.2122,27900.0,1,1
GT-GJD-2402-BFXS5-T,676,RELIABLE,24500,0.2427,32100.0,1,1
GT-TGW-2209-KVX4K-T,832,STRONG,54000,0.1746,59700.0,1,0
GT-KLR-2202-CSMF4-V,788,RELIABLE,36000,0.2117,24900.0,1,0
GT-KLR-2106-MGN3S-G,777,RELIABLE,29000,0.2139,19100.0,1,1
GT-DLF-2403-Y4J2D-R,616,EMERGING,10000,0.3,0.0,0,1
GT-KAH-2103-PD7CS-1,712,RELIABLE,29000,0.2302,28300.0,1,1
GT-TGW-2404-WHB9S-A,773,RELIABLE,32500,0.2146,33300.0,1,0
GT-WBF-2212-BWM4K-Q,842,STRONG,73500,0.1732,69400.0,1,1
GT-UPW-2212-GW9QF-O,828,STRONG,61000,0.1751,60500.0,1,0
GT-WBF-2109-HV5SX-W,588,EMERGING,10000,0.3,9700.0,1,1
GT-WBF-2403-HXYWX-6,764,RELIABLE,34500,0.2166,38000.0,1,0
GT-KAR-2202-QXP73-O,855,STRONG,69000,0.1716,64000.0,1,0
GT-UPR-2210-6A98J-A,648,EMERGING,10500,0.2943,0.0,0,1
GT-TNR-2209-3Q20G-R,754,RELIABLE,28000,0.2188,29100.0,1,0
GT-TNR-2209-21FXH-T,600,EMERGING,17500,0.3,18000.0,1,0
GT-TGD-2209-EJA19-2,759,RELIABLE,30500,0.2177,33200.0,1,0
GT-KAR-2103-QCVPJ-I,586,EMERGING,7500,0.3,5100.0,1,0
GT-TGR-2201-WG0HW-R,684,RELIABLE,22500,0.2397,0.0,0,1
GT-TNR-2206-Q3356-J,711,RELIABLE,18000,0.2305,0.0,0,0
GT-DLR-2308-Y3TG2-0,753,RELIABLE,33500,0.2191,38800.0,1,0
GT-DLD-2202-231CC-J,723,RELIABLE,31000,0.2269,31400.0,1,0
GT-KAD-2306-QC7BA-1,692,RELIABLE,18500,0.2368,17000.0,1,0
GT-RJR-2101-W5BW1-O,729,RELIABLE,25000,0.2253,24700.0,1,0
GT-DLF-2404-0JW5R-M,792,RELIABLE,36500,0.211,41100.0,1,0
GT-RJD-2110-HBSHM-Z,724,RELIABLE,27500,0.2266,30700.0,1,0
GT-RJD-2202-M5RST-6,738,RELIABLE,24500,0.2229,27500.0,1,0
GT-TGD-2204-TK1H2-R,600,EMERGING,19000,0.3,14200.0,1,0
GT-RJR-2208-QVHKS-J,637,EMERGING,8500,0.2995,0.0,0,1
GT-DLD-2201-HPKE6-B,826,STRONG,56500,0.1754,44800.0,1,0
GT-MHR-2108-ZSGVR-8,726,RELIABLE,21500,0.2261,19400.0,1,0
GT-RJR-2105-YNJBA-K,732,RELIABLE,29000,0.2244,21400.0,1,0
GT-GJH-2308-7CA5Q-M,806,STRONG,39000,0.1785,47000.0,1,0
GT-GJF-2201-T3XNX-P,602,EMERGING,7000,0.3,0.0,0,1
GT-KLD-2309-1MQWN-1,578,EMERGING,7000,0.3,7900.0,1,1
GT-KAR-2311-VT45N-K,772,RELIABLE,32500,0.2149,34500.0,1,0
GT-MHW-2302-4A8ZP-W,790,RELIABLE,29000,0.2113,30200.0,1,0
GT-KLD-2106-YPPZY-L,759,RELIABLE,28000,0.2177,33600.0,1,0
GT-MHC-2112-8RZJ9-L,693,RELIABLE,28500,0.2364,22400.0,1,0
GT-TGR-2306-4JS27-C,833,STRONG,49000,0.1744,49400.0,1,0
GT-KAD-2203-YNFA7-5,829,STRONG,63000,0.175,49200.0,1,0
GT-TND-2208-M26A6-T,755,RELIABLE,27500,0.2186,30400.0,1,0
GT-MHC-2306-7QHJ7-P,749,RELIABLE,37000,0.22,42200.0,1,1
GT-DLH-2310-P0KN3-A,580,EMERGING,10000,0.3,9700.0,1,1
GT-RJC-2107-8GR2B-C,861,STRONG,65000,0.1709,55000.0,1,1
GT-DLD-2101-F14PJ-Z,894,STRONG,63000,0.1675,66000.0,1,0
GT-RJW-2106-C5XZB-N,815,STRONG,59500,0.1771,47200.0,1,0
GT-RJD-2212-KMAXQ-R,659,RELIABLE,23000,0.2495,19200.0,1,0
GT-WBR-2211-EFEKB-A,772,RELIABLE,26500,0.2149,27100.0,1,0
GT-WBF-2112-3Z921-0,825,STRONG,52000,0.1755,60100.0,1,0
GT-TNH-2104-B2F6M-6,911,PRIME,88500,0.1461,85400.0,1,0
GT-GJR-2101-1HV4F-9,678,RELIABLE,18000,0.2419,18500.0,1,0
GT-RJR-2401-TPSX4-1,753,RELIABLE,37500,0.2191,30900.0,1,1
GT-RJD-2306-PQ91T-2,784,RELIABLE,40000,0.2125,39300.0,1,0
GT-MHR-2402-0WB2X-X,779,RELIABLE,38000,0.2134,33900.0,1,1
GT-GJD-2208-1GZY0-8,715,RELIABLE,26000,0.2293,25200.0,1,0
GT-MHC-2103-BR1PS-4,772,RELIABLE,23500,0.2149,20800.0,1,0
GT-TGD-2312-JFVCM-Q,812,STRONG,56000,0.1775,72700.0,1,0
GT-KAF-2112-AKCX6-4,794,RELIABLE,30500,0.2106,35000.0,1,0
GT-WBD-2302-F3RMD-1,749,RELIABLE,38000,0.22,31900.0,1,0
GT-RJR-2308-K3CZ8-M,742,RELIABLE,32000,0.2218,26000.0,1,0
GT-RJD-2205-CH5RW-G,894,STRONG,93000,0.1675,120500.0,1,0
GT-UPR-2212-2G7MV-C,717,RELIABLE,27500,0.2287,28900.0,1,0
GT-WBR-2305-VBE8G-E,753,RELIABLE,25500,0.2191,28200.0,1,1
GT-GJF-2310-HSHEY-R,753,RELIABLE,29500,0.2191,0.0,0,1
GT-KAH-2109-N9VK3-X,848,STRONG,75500,0.1725,79700.0,1,0
GT-UPD-2303-FX33N-Q,626,EMERGING,11000,0.3,0.0,0,0
GT-GJF-2111-W2163-I,671,RELIABLE,17000,0.2446,21400.0,1,1
GT-MHC-2305-6VMDH-Y,610,EMERGING,9500,0.3,7000.0,1,1
GT-GJD-2102-SFEGF-S,762,RELIABLE,36000,0.217,36400.0,1,0
GT-TNC-2402-8BB96-9,645,EMERGING,12000,0.2957,0.0,0,1
GT-WBH-2310-WPVV5-B,728,RELIABLE,20000,0.2256,20300.0,1,0
GT-RJC-2308-0TQ73-P,828,STRONG,63000,0.1751,73400.0,1,0
GT-TNR-2402-W6KHG-B,692,RELIABLE,24000,0.2368,23700.0,1,0
GT-KLW-2209-T4VDR-H,766,RELIABLE,29000,0.2161,36100.0,1,0
GT-TGR-2309-WFRWZ-F,720,RELIABLE,21500,0.2278,23400.0,1,0
GT-WBF-2307-PQ76Y-0,808,STRONG,73000,0.1782,57200.0,1,0
GT-KAH-2310-747CH-X,769,RELIABLE,47500,0.2155,39100.0,1,0
GT-MHD-2304-GE1XJ-D,663,RELIABLE,28000,0.2478,30600.0,1,0
GT-DLW-2401-397Y4-9,738,RELIABLE,22500,0.2229,22600.0,1,0
GT-KLR-2402-ANBKZ-T,834,STRONG,52000,0.1743,50000.0,1,0
GT-DLD-2105-BBH60-P,812,STRONG,45500,0.1775,46600.0,1,0
GT-TNF-2201-RN5N0-4,675,RELIABLE,23500,0.243,0.0,0,0
GT-RJW-2210-G5CKZ-R,817,STRONG,65000,0.1767,58700.0,1,0
GT-TNR-2312-BHSBN-H,697,RELIABLE,22000,0.235,22900.0,1,0
GT-RJW-2302-3F6F0-M,871,STRONG,61000,0.1698,51400.0,1,1
GT-MHR-2210-DJ4ME-J,846,STRONG,70000,0.1727,55000.0,1,0
GT-MHC-2301-C02RH-C,825,STRONG,48000,0.1755,40500.0,1,0
GT-KAF-2203-FFV7A-E,742,RELIABLE,38500,0.2218,41800.0,1,0
GT-MHW-2309-KQT65-3,757,RELIABLE,35000,0.2182,34500.0,1,0
GT-GJD-2212-19WDP-V,818,STRONG,61500,0.1766,82300.0,1,0
GT-KAR-2103-Z1SG8-D,696,RELIABLE,20500,0.2354,0.0,0,1
GT-GJC-2305-4NJ9S-Y,600,EMERGING,13500,0.3,14000.0,1,0
GT-WBD-2311-2R7ES-K,842,STRONG,44000,0.1732,34100.0,1,0
GT-DLR-2205-EWNRK-G,727,RELIABLE,24000,0.2258,25000.0,1,1
GT-KAW-2309-8EJ42-C,721,RELIABLE,21000,0.2275,20100.0,1,0
GT-MHW-2112-R8BB9-2,678,RELIABLE,24500,0.2419,23400.0,1,0
GT-MHC-2209-D4S0E-F,665,RELIABLE,23000,0.247,0.0,0,0
GT-WBW-2104-FZ1CG-7,575,EMERGING,8500,0.3,0.0,0,1
GT-KLH-2404-3QXDQ-S,848,STRONG,65500,0.1725,76700.0,1,0
GT-TGR-2108-YVKEY-W,905,PRIME,80000,0.1466,91500.0,1,0
GT-GJF-2301-SE13Q-6,855,STRONG,52500,0.1716,59000.0,1,0
GT-TNC-2109-3B9F5-F,575,EMERGING,8000,0.3,8700.0,1,1
GT-KAF-2311-2FKPX-W,799,RELIABLE,42000,0.2097,39000.0,1,0
GT-DLD-2304-F4ENM-3,918,PRIME,120500,0.1455,140300.0,1,0
GT-TGR-2211-4AYYQ-E,719,RELIABLE,34000,0.2281,30100.0,1,0
GT-RJR-2111-098X4-A,752,RELIABLE,31500,0.2193,34900.0,1,0
GT-DLW-2208-62S5X-4,602,EMERGING,11000,0.3,12400.0,1,1
GT-KLR-2208-0SQ4T-1,600,EMERGING,15500,0.3,16000.0,1,1
GT-GJW-2303-W0SZB-9,669,RELIABLE,25000,0.2454,22400.0,1,0
GT-TNW-2309-6CPHY-0,760,RELIABLE,31500,0.2175,35800.0,1,0
GT-GJD-2209-5H824-5,588,EMERGING,10000,0.3,0.0,0,1
GT-GJF-2305-40DJW-D,795,RELIABLE,24000,0.2104,26500.0,1,0
GT-GJR-2103-DHFZY-I,899,STRONG,69000,0.1671,79200.0,1,0
GT-RJD-2209-X8F3V-K,673,RELIABLE,27500,0.2438,31800.0,1,0
GT-GJR-2202-HM418-6,655,RELIABLE,20000,0.2512,23300.0,1,0
GT-KAR-2103-AEQCR-K,557,EMERGING,7500,0.3,0.0,0,1
GT-TNW-2303-CDHX4-J,733,RELIABLE,23500,0.2242,0.0,0,1
GT-KLR-2312-JPBZF-X,745,RELIABLE,20500,0.2211,21900.0,1,0
GT-DLD-2202-49NK4-8,626,EMERGING,9500,0.3,0.0,0,1
GT-TGR-2207-Y9BWR-X,764,RELIABLE,24500,0.2166,27900.0,1,0
GT-WBW-2404-D7Q5G-S,730,RELIABLE,29000,0.225,27000.0,1,0
GT-WBR-2209-24H8M-M,675,RELIABLE,24500,0.243,23600.0,1,1
GT-RJD-2404-KQVNC-H,682,RELIABLE,20500,0.2404,20900.0,1,1
GT-WBC-2203-TE71Z-F,809,STRONG,60000,0.178,55100.0,1,0
GT-KAD-2402-FBP01-K,826,STRONG,52000,0.1754,54500.0,1,1
GT-DLD-2211-D186W-L,734,RELIABLE,29500,0.2239,34000.0,1,0
GT-GJR-2205-1ZZTQ-2,760,RELIABLE,38500,0.2175,34200.0,1,0
GT-UPW-2311-M0N3J-S,632,EMERGING,12000,0.3,15600.0,1,1
GT-GJW-2105-EBPDY-G,772,RELIABLE,39000,0.2149,34500.0,1,1
GT-UPD-2103-8C9X2-S,755,RELIABLE,32000,0.2186,25700.0,1,0
GT-DLW-2206-TBKW3-0,600,EMERGING,15000,0.3,0.0,0,1
GT-KAW-2203-PG7V3-E,804,STRONG,47000,0.1788,50300.0,1,0
GT-KLC-2303-P6N4R-1,674,RELIABLE,22500,0.2434,20200.0,1,0
GT-WBC-2107-MEG0V-H,779,RELIABLE,36500,0.2134,29200.0,1,0
GT-UPW-2402-VK62Y-W,778,RELIABLE,31500,0.2136,27600.0,1,0
GT-KLD-2109-M9MPS-E,522,EMERGING,7500,0.3,0.0,0,1
GT-MHD-2207-BZXV2-8,845,STRONG,53000,0.1728,51700.0,1,0
GT-RJH-2306-6F5Z9-R,500,EMERGING,4000,0.3,0.0,0,1
GT-TNF-2210-3X4HK-9,687,RELIABLE,22500,0.2386,26400.0,1,1
GT-GJR-2304-D6GVF-V,600,EMERGING,19500,0.3,19500.0,1,1
GT-TNC-2401-60YEA-1,745,RELIABLE,37500,0.2211,29300.0,1,1
GT-MHC-2401-TT91K-O,614,EMERGING,8500,0.3,7400.0,1,1
GT-RJW-2206-SRW4F-S,720,RELIABLE,26500,0.2278,24800.0,1,0
GT-TNC-2301-1BW11-0,843,STRONG,51000,0.1731,41500.0,1,0
GT-KAD-2208-XPQ6A-B,636,EMERGING,9500,0.2999,10100.0,1,1
GT-MHW-2201-K05FE-O,776,RELIABLE,32500,0.214,39100.0,1,0
GT-KLH-2207-V3CRE-B,778,RELIABLE,26000,0.2136,31600.0,1,0
GT-RJD-2102-3R7QJ-F,685,RELIABLE,21500,0.2393,21600.0,1,1
GT-GJD-2302-XPKEH-R,711,RELIABLE,20500,0.2305,20300.0,1,0
GT-UPW-2204-8273F-P,600,EMERGING,12500,0.3,0.0,0,0
GT-GJR-2103-48YP7-Z,850,STRONG,70500,0.1722,75000.0,1,0
GT-KLD-2205-MCS6E-E,797,RELIABLE,25000,0.2101,23200.0,1,0
GT-KAD-2301-1A3W4-M,620,EMERGING,11000,0.3,11900.0,1,1
GT-KAD-2108-E98FB-L,738,RELIABLE,24000,0.2229,24800.0,1,1
GT-GJD-2208-CFD73-H,520,EMERGING,10000,0.3,0.0,0,1
GT-KLC-2311-GV966-T,847,STRONG,46000,0.1726,50000.0,1,0
GT-WBF-2112-1JFE6-M,652,RELIABLE,13500,0.2526,13800.0,1,1
GT-KLW-2307-7KR53-4,903,PRIME,64000,0.1468,64100.0,1,0
GT-TGD-2112-MB34G-W,715,RELIABLE,26000,0.2293,27800.0,1,0
GT-GJR-2310-B1EZR-H,657,RELIABLE,18500,0.2503,21500.0,1,1
GT-WBD-2308-VT1KX-M,520,EMERGING,11000,0.3,0.0,0,1
GT-RJC-2101-J1JYX-L,600,EMERGING,8000,0.3,0.0,0,1
GT-GJH-2401-GKZXV-L,662,RELIABLE,15000,0.2482,0.0,0,0
GT-TGR-2312-XJ2CK-7,680,RELIABLE,26500,0.2411,22200.0,1,0
GT-DLH-2311-YW3JT-H,656,RELIABLE,23000,0.2508,0.0,0,1
GT-TND-2101-S1PJ0-Q,520,EMERGING,9500,0.3,0.0,0,1
GT-KAD-2212-4QNWJ-Y,740,RELIABLE,35000,0.2223,40000.0,1,0
GT-MHW-2208-ZTHYB-T,573,EMERGING,8000,0.3,0.0,0,0
GT-WBR-2103-YFHAP-H,600,EMERGING,13500,0.3,12600.0,1,0
GT-KAC-2307-8PFEY-T,672,RELIABLE,20000,0.2442,0.0,0,0
GT-TGD-2204-P0XSS-Y,645,EMERGING,9500,0.2957,7600.0,1,0
GT-KAW-2106-K6QW1-W,882,STRONG,69000,0.1687,76600.0,1,0
GT-MHD-2311-26DRR-G,760,RELIABLE,32000,0.2175,25500.0,1,0
GT-GJD-2308-Z7J9M-V,794,RELIABLE,40000,0.2106,38100.0,1,0
GT-KAR-2404-MVAP0-D,630,EMERGING,9000,0.3,9400.0,1,0
GT-TNH-2209-T23YT-H,747,RELIABLE,32000,0.2205,31000.0,1,0
GT-MHF-2105-3A9QJ-X,823,STRONG,48500,0.1758,50200.0,1,0
GT-KAF-2103-CJKYF-2,713,RELIABLE,21500,0.2299,0.0,0,1
GT-DLD-2104-H11Q9-I,872,STRONG,79500,0.1697,88400.0,1,0
GT-MHD-2301-KE4WQ-O,600,EMERGING,8500,0.3,6100.0,1,0
GT-KAD-2108-7JW4Y-C,738,RELIABLE,33000,0.2229,35900.0,1,0
GT-GJW-2306-Q11M0-Z,653,RELIABLE,18000,0.2521,18100.0,1,1
GT-MHD-2403-05SBM-F,767,RELIABLE,28500,0.2159,35300.0,1,0
GT-KLD-2108-7PPRT-K,718,RELIABLE,18000,0.2284,18400.0,1,0
GT-TGF-2310-7JY4K-H,713,RELIABLE,25000,0.2299,23100.0,1,0
GT-TGF-2212-3R933-V,729,RELIABLE,32000,0.2253,34400.0,1,0
GT-RJR-2311-VJSFM-J,650,RELIABLE,18000,0.2534,19100.0,1,0
GT-UPD-2112-XR5N5-9,680,RELIABLE,28000,0.2411,27900.0,1,1
GT-TGR-2401-W6BVC-4,743,RELIABLE,27500,0.2215,25600.0,1,0
GT-KLW-2303-Z5NDZ-9,770,RELIABLE,28500,0.2153,23100.0,1,1
GT-WBD-2303-8JP1C-P,718,RELIABLE,20500,0.2284,19200.0,1,0
GT-UPF-2106-RYC84-D,822,STRONG,52500,0.176,52000.0,1,1
GT-KLD-2211-BJ3MM-E,755,RELIABLE,38500,0.2186,44700.0,1,0
GT-UPC-2111-VJNHT-F,737,RELIABLE,27000,0.2231,24200.0,1,0
GT-WBH-2201-CXTB4-0,771,RELIABLE,28500,0.2151,27400.0,1,0
GT-GJD-2105-8VBT3-V,907,PRIME,89500,0.1464,75300.0,1,0
GT-GJR-2309-QA8WP-P,640,EMERGING,9000,0.298,8800.0,1,0
GT-KLR-2110-PS73Y-N,820,STRONG,50000,0.1763,40000.0,1,0
GT-UPC-2307-E4GBH-X,585,EMERGING,7500,0.3,0.0,0,0
GT-DLR-2207-21WFJ-T,783,RELIABLE,35000,0.2127,32900.0,1,1
GT-KAF-2308-MWA12-5,869,STRONG,65000,0.17,58100.0,1,0
GT-UPD-2103-VBK0E-4,792,RELIABLE,25000,0.211,24400.0,1,0
GT-TGD-2102-EKZAT-G,794,RELIABLE,23000,0.2106,25800.0,1,0
GT-TGF-2108-2RFSQ-I,697,RELIABLE,17000,0.235,0.0,0,0
GT-KLF-2311-WMB11-D,790,RELIABLE,25500,0.2113,26300.0,1,1
GT-MHW-2104-RCYS4-G,769,RELIABLE,32000,0.2155,25900.0,1,1
GT-KAC-2304-BGS84-3,671,RELIABLE,19000,0.2446,15500.0,1,0
GT-UPF-2103-JQAJE-D,728,RELIABLE,23500,0.2256,23600.0,1,0
GT-KLR-2312-1XJ6F-2,781,RELIABLE,28500,0.213,27700.0,1,0
GT-RJC-2303-0GP82-A,699,RELIABLE,20000,0.2344,0.0,0,0
GT-RJW-2210-JQYXC-O,702,RELIABLE,30000,0.2334,27900.0,1,0
GT-RJC-2209-CWQB5-Q,637,EMERGING,9000,0.2995,10000.0,1,0
GT-GJH-2208-SYE1C-J,812,STRONG,39000,0.1775,45800.0,1,0
GT-KLR-2302-XJTCX-Y,764,RELIABLE,27000,0.2166,26300.0,1,0
GT-TNF-2206-F94RZ-1,743,RELIABLE,31500,0.2215,26200.0,1,1
GT-UPF-2102-Q31QY-T,829,STRONG,45500,0.175,47500.0,1,0
GT-KAD-2201-CAMV0-7,744,RELIABLE,29000,0.2213,30100.0,1,1
GT-WBF-2402-4AW5F-G,600,EMERGING,14000,0.3,13800.0,1,1
GT-DLR-2211-AWEW5-Z,784,RELIABLE,32000,0.2125,30400.0,1,0
GT-KLR-2110-B72H8-E,785,RELIABLE,27000,0.2122,28800.0,1,0
GT-TGD-2209-A26WW-T,723,RELIABLE,26500,0.2269,23700.0,1,0
GT-DLW-2204-8TGV5-X,917,PRIME,107000,0.1456,108500.0,1,0
GT-WBF-2308-B4VT8-V,731,RELIABLE,31000,0.2247,29200.0,1,0
GT-KAR-2203-SFNJ5-P,600,EMERGING,15000,0.3,15900.0,1,0
GT-MHD-2302-6BGJE-X,770,RELIABLE,24000,0.2153,0.0,0,0
GT-TGR-2207-NJNRT-L,798,RELIABLE,24500,0.2099,0.0,0,1
GT-GJD-2403-SGE2F-1,640,EMERGING,9000,0.298,9100.0,1,0
GT-WBD-2101-P1FY4-G,844,STRONG,57500,0.1729,51800.0,1,0
GT-KAR-2109-14AS2-2,739,RELIABLE,22000,0.2226,24200.0,1,1
GT-GJC-2308-Y342G-H,600,EMERGING,9000,0.3,7800.0,1,1
GT-KAR-2302-YKXAH-9,898,STRONG,74000,0.1672,75500.0,1,0
GT-RJF-2211-06V50-D,826,STRONG,62500,0.1754,65400.0,1,0
GT-KAC-2307-5D9PQ-S,680,RELIABLE,24500,0.2411,22400.0,1,0
GT-KAR-2103-SM07R-X,886,STRONG,84000,0.1683,82100.0,1,0
GT-WBC-2110-E0YJ9-6,801,STRONG,39500,0.1794,30600.0,1,0
GT-RJD-2204-4Z66X-W,801,STRONG,44000,0.1794,29400.0,1,1
GT-UPR-2402-4C0QQ-W,890,STRONG,87000,0.1679,69000.0,1,0
GT-GJD-2402-3M5YW-Y,724,RELIABLE,31500,0.2266,38900.0,1,1
GT-MHR-2205-NNEJC-E,731,RELIABLE,32000,0.2247,36100.0,1,1
GT-KLH-2101-C22QE-7,725,RELIABLE,27000,0.2264,23300.0,1,1
GT-KAF-2301-F4YZG-G,839,STRONG,51500,0.1736,43100.0,1,0
GT-TNF-2209-DKXHX-I,796,RELIABLE,37500,0.2102,29600.0,1,0
GT-UPD-2306-CRZ20-I,764,RELIABLE,28500,0.2166,0.0,0,0
GT-GJH-2210-Q2ESQ-5,699,RELIABLE,27500,0.2344,28400.0,1,1
GT-UPR-2104-2H2HD-S,737,RELIABLE,35500,0.2231,30900.0,1,0
GT-UPD-2301-J5SQW-R,600,EMERGING,23000,0.3,23400.0,1,1
GT-KLH-2104-T5N75-W,615,EMERGING,11500,0.3,0.0,0,1
GT-WBR-2206-FZ1SX-U,682,RELIABLE,22000,0.2404,24500.0,1,0
GT-RJR-2110-V39ZE-2,779,RELIABLE,41000,0.2134,43100.0,1,0
GT-MHD-2107-3VSDS-4,566,EMERGING,5500,0.3,0.0,0,1
GT-MHD-2210-KDXP9-8,802,STRONG,61500,0.1792,50100.0,1,0
GT-KAW-2310-QBEN7-3,688,RELIABLE,23500,0.2382,0.0,0,0
GT-DLR-2108-RTHM8-X,879,STRONG,67000,0.169,69300.0,1,0
GT-MHH-2206-887ME-4,700,RELIABLE,21500,0.2341,20700.0,1,0
GT-RJD-2210-CDA1Q-F,750,RELIABLE,26500,0.2198,24600.0,1,0
GT-TGF-2105-N46GG-G,733,RELIABLE,30000,0.2242,28500.0,1,0
GT-TGF-2210-E0QM1-O,727,RELIABLE,32000,0.2258,34000.0,1,0
GT-GJF-2309-JQQ9P-L,828,STRONG,49000,0.1751,43300.0,1,1
GT-TNR-2112-JZKAS-R,717,RELIABLE,24500,0.2287,27100.0,1,0
GT-WBR-2211-CXZZ5-M,825,STRONG,54000,0.1755,65400.0,1,0
GT-KAF-2209-Y5KP2-Z,600,EMERGING,7500,0.3,0.0,0,0
GT-UPC-2311-TMWTM-Y,798,RELIABLE,29500,0.2099,28400.0,1,1
GT-RJD-2103-2S62Q-R,844,STRONG,41000,0.1729,50000.0,1,0
GT-KAR-2402-KKGAE-5,810,STRONG,50500,0.1779,48400.0,1,0
GT-KAF-2102-VSZ6T-W,907,PRIME,117500,0.1464,140200.0,1,0
GT-MHD-2210-0F31P-R,702,RELIABLE,19500,0.2334,20600.0,1,0
GT-GJD-2305-P7TQ3-K,600,EMERGING,11500,0.3,13200.0,1,1
GT-UPH-2403-8T8HZ-R,645,EMERGING,10000,0.2957,0.0,0,1
GT-RJD-2312-XW8D3-P,783,RELIABLE,33500,0.2127,35900.0,1,0
GT-UPD-2106-T1B1F-V,771,RELIABLE,30000,0.2151,31300.0,1,0
GT-WBF-2111-7DJKH-G,738,RELIABLE,32000,0.2229,0.0,0,0
GT-UPD-2309-RDWAF-2,629,EMERGING,13000,0.3,0.0,0,0
GT-DLD-2112-ZY54W-N,820,STRONG,55000,0.1763,48200.0,1,0
GT-UPD-2311-H5FS3-6,520,EMERGING,12000,0.3,0.0,0,0
GT-MHD-2104-J50G2-Z,826,STRONG,59000,0.1754,58000.0,1,0
GT-KLR-2305-60MK0-Y,964,PRIME,130500,0.1426,144600.0,1,0
GT-KAW-2201-YGFET-I,808,STRONG,54500,0.1782,55000.0,1,0
GT-KLR-2307-HYHCY-Y,794,RELIABLE,30500,0.2106,27400.0,1,0
GT-TGR-2311-MQT3J-F,670,RELIABLE,18000,0.245,20800.0,1,1
GT-GJF-2109-DV5DM-4,640,EMERGING,7500,0.298,7200.0,1,1
GT-MHD-2310-5FE5M-W,769,RELIABLE,26000,0.2155,0.0,0,0
GT-TNR-2402-3SR25-Z,650,RELIABLE,17500,0.2534,13900.0,1,1
GT-RJR-2108-2SCRM-F,611,EMERGING,9000,0.3,9300.0,1,1
GT-KAR-2308-8MGVK-P,914,PRIME,91000,0.1459,83500.0,1,0
GT-MHR-2106-VKQ3D-Q,762,RELIABLE,30000,0.217,35200.0,1,0
GT-GJD-2203-PARCF-E,805,STRONG,56500,0.1787,60900.0,1,0
GT-RJC-2304-9AEK7-Y,720,RELIABLE,34000,0.2278,37200.0,1,0
GT-TGH-2206-CVYQS-O,678,RELIABLE,20000,0.2419,20900.0,1,0
GT-KAC-2307-3GYY4-E,778,RELIABLE,43500,0.2136,36600.0,1,0
GT-MHD-2104-627D0-M,782,RELIABLE,33500,0.2128,33900.0,1,0
GT-RJW-2207-FNKZR-Q,748,RELIABLE,24500,0.2203,22500.0,1,0
GT-DLR-2105-1Z0QT-Y,722,RELIABLE,28500,0.2272,28700.0,1,0
GT-WBD-2204-T6QE6-S,740,RELIABLE,36500,0.2223,26400.0,1,0
GT-KLH-2306-24FVB-T,580,EMERGING,8000,0.3,0.0,0,1
GT-TNW-2204-RDWXG-5,577,EMERGING,8000,0.3,0.0,0,1
GT-KAD-2202-2RDR5-M,710,RELIABLE,20500,0.2308,20600.0,1,0
GT-RJH-2204-WQSRH-J,769,RELIABLE,29000,0.2155,0.0,0,0
GT-UPD-2105-04YDT-0,646,EMERGING,10500,0.2953,11400.0,1,1
GT-GJR-2306-QX4K9-M,760,RELIABLE,39500,0.2175,0.0,0,0
GT-KLD-2206-488Z8-6,600,EMERGING,12500,0.3,0.0,0,0
GT-UPD-2103-4ATKZ-F,520,EMERGING,9500,0.3,0.0,0,1
GT-GJH-2301-YYV0S-I,679,RELIABLE,22500,0.2415,0.0,0,1
GT-TNR-2308-Z3HEN-Y,855,STRONG,77500,0.1716,72900.0,1,0
GT-KAD-2403-J81T7-L,767,RELIABLE,36000,0.2159,32000.0,1,0
GT-UPW-2207-QQY1X-F,655,RELIABLE,18500,0.2512,0.0,0,1
GT-RJC-2403-ZT344-6,784,RELIABLE,35500,0.2125,37900.0,1,0
GT-GJC-2206-Z62C2-1,821,STRONG,55500,0.1761,66600.0,1,0
GT-GJH-2402-6CP7J-A,770,RELIABLE,39500,0.2153,41300.0,1,1
GT-UPC-2312-H60P8-S,748,RELIABLE,29500,0.2203,33000.0,1,0
GT-DLF-2212-TYV4P-T,708,RELIABLE,17000,0.2314,14600.0,1,1
GT-MHR-2106-HR0FA-N,726,RELIABLE,27000,0.2261,22800.0,1,0
GT-GJC-2307-HCM9P-H,819,STRONG,57500,0.1764,50800.0,1,0
GT-KLD-2109-DE27P-L,842,STRONG,41000,0.1732,37700.0,1,0
GT-MHD-2206-RRJ5F-C,807,STRONG,49500,0.1783,48700.0,1,0
GT-KAR-2203-G5XA1-L,758,RELIABLE,22500,0.2179,24000.0,1,1
GT-UPD-2311-BXJAV-E,795,RELIABLE,37000,0.2104,0.0,0,0
GT-TGF-2102-772V1-0,785,RELIABLE,37500,0.2122,37400.0,1,0
GT-KLC-2202-V3B1H-7,848,STRONG,63500,0.1725,69400.0,1,0
GT-TGR-2202-1D6HW-8,825,STRONG,59000,0.1755,55700.0,1,0
GT-WBR-2203-G6KY7-W,682,RELIABLE,18500,0.2404,17500.0,1,0
GT-KAR-2108-DWRY5-C,572,EMERGING,7000,0.3,0.0,0,0
GT-KLF-2208-7JN91-U,887,STRONG,76000,0.1682,76000.0,1,0
GT-TND-2310-4JQK3-9,793,RELIABLE,36500,0.2107,35300.0,1,0
GT-TGD-2104-PA8FD-C,649,EMERGING,9500,0.2939,0.0,0,0
GT-GJF-2103-RSPQK-6,705,RELIABLE,30000,0.2324,25100.0,1,0
GT-RJR-2306-VX2C0-V,791,RELIABLE,27000,0.2112,28700.0,1,0
GT-UPR-2304-W93VH-L,600,EMERGING,19500,0.3,20700.0,1,0
GT-UPD-2203-FB7DA-M,671,RELIABLE,20500,0.2446,15400.0,1,0
GT-MHD-2309-GK1PQ-W,861,STRONG,69500,0.1709,69500.0,1,0
GT-KAF-2108-KREKG-X,661,RELIABLE,20000,0.2487,23500.0,1,1
GT-RJR-2111-6ZWHY-M,671,RELIABLE,20500,0.2446,23700.0,1,0
GT-KLR-2102-QEBPH-4,793,RELIABLE,26500,0.2107,20600.0,1,0
GT-GJC-2312-PEDMN-B,792,RELIABLE,29000,0.211,0.0,0,0
GT-KLW-2402-DW5FE-X,600,EMERGING,23000,0.3,17900.0,1,0
GT-TND-2211-YXCDP-X,805,STRONG,52000,0.1787,61500.0,1,0
GT-TNF-2401-MQXMW-W,775,RELIABLE,39000,0.2142,31500.0,1,0
GT-MHD-2208-6YGHN-O,772,RELIABLE,30000,0.2149,24600.0,1,0
GT-UPD-2403-GGPM6-B,520,EMERGING,16500,0.3,0.0,0,1
GT-GJF-2305-Z4NZ5-0,766,RELIABLE,27500,0.2161,24100.0,1,0
GT-DLD-2207-4TESN-R,779,RELIABLE,35000,0.2134,41400.0,1,0
GT-KLD-2302-CR53X-X,600,EMERGING,19000,0.3,12600.0,1,0
GT-KAC-2108-D7DHQ-J,813,STRONG,49500,0.1774,54600.0,1,0
GT-UPW-2106-SAP9W-5,794,RELIABLE,34000,0.2106,36600.0,1,0
GT-DLC-2207-5C18M-J,783,RELIABLE,34500,0.2127,40600.0,1,0
GT-UPC-2206-67MFG-X,687,RELIABLE,26500,0.2386,26000.0,1,0
GT-TGD-2202-6S409-T,755,RELIABLE,37000,0.2186,46100.0,1,0
GT-DLF-2102-TWDHS-G,788,RELIABLE,29000,0.2117,27000.0,1,0
GT-KAR-2312-8S8ZB-I,728,RELIABLE,25000,0.2256,29100.0,1,0
GT-GJF-2203-30M3M-Z,916,PRIME,110500,0.1457,96500.0,1,0
GT-MHR-2308-8Z59Q-S,715,RELIABLE,18500,0.2293,17200.0,1,0
GT-TGD-2212-316J2-F,784,RELIABLE,43500,0.2125,34600.0,1,0
GT-KLD-2310-V45MA-9,821,STRONG,46000,0.1761,47700.0,1,0
GT-RJW-2201-DEY4J-S,759,RELIABLE,26000,0.2177,23700.0,1,0
GT-TGD-2310-9RHPF-W,954,PRIME,109500,0.1431,124700.0,1,0
GT-UPF-2107-ZXPGP-R,722,RELIABLE,18500,0.2272,18200.0,1,0
GT-RJC-2305-ZM2TN-M,772,RELIABLE,28000,0.2149,25000.0,1,0
GT-GJW-2203-DWVMS-P,655,RELIABLE,15000,0.2512,14500.0,1,1
GT-DLR-2310-96H28-9,711,RELIABLE,29500,0.2305,34200.0,1,0
GT-RJD-2311-PVWDG-4,764,RELIABLE,31000,0.2166,39900.0,1,0
GT-KAC-2211-RA46G-5,818,STRONG,53500,0.1766,41300.0,1,1
GT-WBR-2101-H7WBW-G,800,STRONG,45000,0.1795,40000.0,1,0
GT-UPR-2307-ZJ7Q2-T,829,STRONG,59500,0.175,64100.0,1,0
GT-WBH-2102-D5D8X-3,767,RELIABLE,25000,0.2159,25200.0,1,0
GT-TND-2309-5VF9Y-V,729,RELIABLE,30500,0.2253,29900.0,1,0
GT-TGR-2105-AF044-W,951,PRIME,94500,0.1433,119800.0,1,0
GT-TGD-2301-9539J-I,813,STRONG,35000,0.1774,27300.0,1,0
GT-UPD-2203-7TJD1-D,729,RELIABLE,33000,0.2253,29000.0,1,0
GT-KLR-2209-FFC85-L,705,RELIABLE,25000,0.2324,0.0,0,1
GT-UPF-2311-TP8GE-Z,674,RELIABLE,14500,0.2434,0.0,0,0
GT-TND-2109-P76SX-H,794,RELIABLE,38000,0.2106,38700.0,1,0
GT-MHF-2210-K8H3X-H,708,RELIABLE,20500,0.2314,18900.0,1,1
GT-TGW-2109-ZSWMQ-B,750,RELIABLE,36500,0.2198,38300.0,1,0
GT-RJC-2102-V61DY-B,770,RELIABLE,36000,0.2153,38700.0,1,1
GT-GJD-2306-C8YPN-V,856,STRONG,69500,0.1714,71400.0,1,0
GT-TNW-2307-9YHV4-2,721,RELIABLE,20500,0.2275,0.0,0,0
GT-KAD-2108-65FPY-6,656,RELIABLE,15500,0.2508,13800.0,1,0
GT-DLF-2302-TYXFT-7,748,RELIABLE,29500,0.2203,26600.0,1,0
GT-UPR-2206-XCS16-G,777,RELIABLE,36000,0.2139,30300.0,1,0
GT-GJF-2307-6JPV6-4,808,STRONG,47000,0.1782,47900.0,1,0
GT-TGD-2403-X3WY6-J,520,EMERGING,8500,0.3,0.0,0,0
GT-TNF-2305-2RGWZ-G,835,STRONG,46000,0.1741,47700.0,1,0
GT-MHD-2105-WKW5R-W,520,EMERGING,10000,0.3,0.0,0,0
GT-KLD-2102-YHXC4-T,747,RELIABLE,25000,0.2205,19200.0,1,0
GT-TGF-2306-HNKE3-6,719,RELIABLE,27000,0.2281,23700.0,1,1
GT-UPD-2105-1HVPJ-Z,878,STRONG,75000,0.169,73600.0,1,0
GT-TGF-2403-NBXP4-4,778,RELIABLE,36500,0.2136,24200.0,1,0
GT-WBF-2304-0JHR9-Z,759,RELIABLE,35500,0.2177,39200.0,1,0
GT-GJF-2202-DZJA3-J,821,STRONG,51500,0.1761,52100.0,1,0
GT-TNW-2308-5YWE5-T,969,PRIME,131500,0.1423,139600.0,1,0
GT-KLW-2108-ZQPN5-W,599,EMERGING,6500,0.3,6600.0,1,1
GT-TGC-2203-9KDYF-3,680,RELIABLE,17000,0.2411,0.0,0,0
GT-UPD-2306-M6WEA-S,690,RELIABLE,26000,0.2375,0.0,0,1
GT-KLR-2402-QEQTF-6,663,RELIABLE,17000,0.2478,19800.0,1,1
GT-TNW-2308-PH8Q8-0,686,RELIABLE,25000,0.2389,21000.0,1,0
GT-DLD-2401-ZAFKX-9,696,RELIABLE,25500,0.2354,28500.0,1,1
GT-KLD-2305-CYX12-V,623,EMERGING,11000,0.3,9000.0,1,1
GT-UPD-2209-E4AR0-P,775,RELIABLE,26500,0.2142,24600.0,1,0
GT-UPR-2210-PEEW1-6,762,RELIABLE,32500,0.217,38400.0,1,0
GT-KLR-2108-KKRE1-E,802,STRONG,55500,0.1792,67100.0,1,0
GT-KAF-2103-REWSE-W,780,RELIABLE,26000,0.2133,17400.0,1,0
GT-KLF-2202-2RZV7-G,813,STRONG,43500,0.1774,49900.0,1,1
GT-MHF-2311-Y24D2-0,735,RELIABLE,22500,0.2236,23600.0,1,0
GT-MHD-2101-KCJJ5-H,886,STRONG,76000,0.1683,80800.0,1,0
GT-DLW-2102-GDW9F-5,793,RELIABLE,31500,0.2107,24800.0,1,0
GT-MHF-2212-NMSDA-9,576,EMERGING,8500,0.3,0.0,0,0
GT-KAD-2110-7H4JW-U,684,RELIABLE,22500,0.2397,19600.0,1,0
GT-MHD-2108-3BJR8-W,597,EMERGING,8500,0.3,0.0,0,1
GT-TGD-2105-VN6Q9-N,755,RELIABLE,21500,0.2186,21000.0,1,1
GT-TNH-2112-GFQFA-C,764,RELIABLE,38000,0.2166,45700.0,1,0
GT-TND-2302-EZ809-I,729,RELIABLE,33000,0.2253,34200.0,1,0
GT-MHD-2401-5H254-J,929,PRIME,81000,0.1447,73800.0,1,0
GT-KLD-2301-8S87J-N,810,STRONG,54000,0.1779,49200.0,1,0
GT-TND-2312-Y72EA-Z,861,STRONG,66500,0.1709,63000.0,1,0
GT-TGR-2102-RWD2P-O,712,RELIABLE,21500,0.2302,22300.0,1,1
GT-MHW-2210-G7VSY-Q,675,RELIABLE,22500,0.243,25500.0,1,1
GT-DLR-2208-9PCQV-W,776,RELIABLE,34500,0.214,38100.0,1,1
GT-DLW-2102-NNRGD-N,779,RELIABLE,32500,0.2134,36100.0,1,0
GT-KLD-2101-DP3B3-L,634,EMERGING,11500,0.3,10500.0,1,0
GT-MHR-2208-99FM2-X,766,RELIABLE,28500,0.2161,28800.0,1,0
GT-WBW-2308-QKG8P-K,796,RELIABLE,33500,0.2102,38100.0,1,0
GT-WBF-2202-F9SP3-9,751,RELIABLE,25000,0.2196,27700.0,1,0
GT-KAC-2203-NX16G-W,655,RELIABLE,19500,0.2512,0.0,0,1
GT-TND-2202-MCYEA-S,729,RELIABLE,20500,0.2253,18700.0,1,1
GT-KAR-2111-TD5PA-B,758,RELIABLE,22000,0.2179,17100.0,1,0
GT-MHF-2309-VT3YX-Z,743,RELIABLE,26000,0.2215,0.0,0,0
GT-GJD-2311-AK8W2-7,761,RELIABLE,33500,0.2173,36200.0,1,0
GT-WBW-2205-QKXJK-O,862,STRONG,67000,0.1708,55100.0,1,0
GT-TGD-2204-FT6NE-7,735,RELIABLE,26000,0.2236,0.0,0,0
GT-DLD-2104-EG3T3-E,772,RELIABLE,29000,0.2149,23300.0,1,0
GT-GJW-2206-Q4P4D-C,874,STRONG,73500,0.1695,77600.0,1,0
GT-KLF-2307-NPWRJ-Q,786,RELIABLE,42500,0.2121,0.0,0,0
GT-RJC-2106-Q4GXR-J,708,RELIABLE,19500,0.2314,0.0,0,0
GT-MHC-2210-R0B4X-P,825,STRONG,63000,0.1755,56000.0,1,1
GT-GJD-2308-6YYP6-E,817,STRONG,45000,0.1767,36000.0,1,0
GT-DLF-2208-2B67E-U,857,STRONG,64500,0.1713,61400.0,1,1
GT-RJH-2403-ZZ197-O,873,STRONG,55000,0.1696,54500.0,1,0
GT-TGD-2303-0FZ0F-D,721,RELIABLE,21500,0.2275,25400.0,1,0
GT-UPR-2203-H5TJN-4,740,RELIABLE,32500,0.2223,35900.0,1,0
GT-WBC-2306-CQR7N-B,771,RELIABLE,27500,0.2151,29800.0,1,1
GT-GJD-2202-DCRBQ-G,728,RELIABLE,23000,0.2256,25100.0,1,1
GT-KLC-2106-1RMCY-8,714,RELIABLE,19000,0.2296,17800.0,1,0
GT-MHR-2210-SSM42-K,641,EMERGING,9000,0.2975,9100.0,1,1
GT-KLC-2303-WJV3R-V,600,EMERGING,17000,0.3,21700.0,1,1
GT-TGF-2307-SXGJK-D,698,RELIABLE,27000,0.2347,27700.0,1,0
GT-MHF-2104-5TNW9-X,765,RELIABLE,28000,0.2164,28600.0,1,0
GT-TGW-2303-6W0AF-Q,699,RELIABLE,24500,0.2344,0.0,0,1
GT-KAD-2108-9NAG2-U,708,RELIABLE,20500,0.2314,18400.0,1,0
GT-WBF-2104-TETAS-8,760,RELIABLE,32500,0.2175,29800.0,1,0
GT-TGC-2307-KVHFH-7,774,RELIABLE,38500,0.2145,40100.0,1,0
GT-TNH-2106-MDAS1-1,827,STRONG,53000,0.1752,66000.0,1,0
GT-TGH-2402-5X7DW-Q,920,PRIME,112000,0.1454,126600.0,1,0
GT-GJF-2103-40V3T-2,762,RELIABLE,26500,0.217,25600.0,1,1
GT-RJF-2305-79A0B-J,779,RELIABLE,32000,0.2134,39100.0,1,0
GT-TNR-2109-8FW6R-B,686,RELIABLE,19500,0.2389,20600.0,1,1
GT-KAF-2310-B3GJ3-V,707,RELIABLE,21500,0.2318,19100.0,1,0
GT-WBF-2108-CEQDN-G,878,STRONG,68000,0.169,74200.0,1,0
GT-KLD-2104-KDGAN-L,683,RELIABLE,24000,0.24,21700.0,1,1
GT-TND-2302-AWDNN-3,699,RELIABLE,19500,0.2344,0.0,0,1
GT-MHF-2211-RWSE4-3,600,EMERGING,16000,0.3,0.0,0,0
GT-KLD-2211-J0E40-L,748,RELIABLE,34000,0.2203,33700.0,1,0
GT-TGD-2311-QM10J-D,600,EMERGING,9500,0.3,9900.0,1,1
GT-TND-2206-XZSK4-X,600,EMERGING,10000,0.3,10900.0,1,0
GT-DLW-2104-R1BCF-W,808,STRONG,48000,0.1782,43800.0,1,0
GT-UPH-2203-54BCY-P,600,EMERGING,14000,0.3,0.0,0,1
GT-MHF-2108-B7PMG-V,623,EMERGING,10500,0.3,0.0,0,1
GT-GJH-2402-1FAAW-J,600,EMERGING,20500,0.3,24300.0,1,0
GT-TNC-2103-G1ZYD-P,833,STRONG,49500,0.1744,50200.0,1,1
GT-TND-2208-RR8RA-1,681,RELIABLE,23000,0.2407,19800.0,1,1
GT-DLD-2107-K8HXC-S,633,EMERGING,6500,0.3,0.0,0,1
GT-RJD-2212-1638B-8,689,RELIABLE,20000,0.2379,0.0,0,0
GT-TGD-2206-0SV7Y-W,771,RELIABLE,33000,0.2151,0.0,0,0
GT-KLF-2402-0FP4Z-K,680,RELIABLE,35500,0.2411,26600.0,1,0
GT-RJD-2103-GCQAK-E,645,EMERGING,8500,0.2957,7700.0,1,0
GT-UPC-2106-1DRWA-N,752,RELIABLE,35000,0.2193,29100.0,1,0
GT-TGF-2204-EF9TN-Q,764,RELIABLE,28500,0.2166,0.0,0,0
GT-KLR-2103-A2FQ6-P,518,EMERGING,7000,0.3,6100.0,1,1
GT-WBH-2309-48T0T-S,804,STRONG,60000,0.1788,75600.0,1,0
GT-TGH-2309-AYW72-P,677,RELIABLE,23500,0.2422,26900.0,1,0
GT-TNW-2110-SV51S-E,769,RELIABLE,28500,0.2155,34100.0,1,0
GT-KLW-2203-WPH4R-Y,745,RELIABLE,21000,0.2211,17400.0,1,0
GT-DLH-2202-DGTPV-F,823,STRONG,67000,0.1758,63000.0,1,0
GT-RJF-2301-EWSHS-5,798,RELIABLE,29000,0.2099,33700.0,1,0
GT-DLC-2402-0C7DZ-P,567,EMERGING,8500,0.3,8400.0,1,1
GT-UPD-2105-BZRJN-3,666,RELIABLE,24500,0.2466,15400.0,1,1
GT-DLR-2112-TD2GW-0,745,RELIABLE,21500,0.2211,20800.0,1,0
GT-RJR-2203-VBDQ0-L,747,RELIABLE,21000,0.2205,21100.0,1,0
GT-RJD-2203-PMR87-B,796,RELIABLE,30500,0.2102,23900.0,1,0
GT-UPD-2304-PSXM0-C,870,STRONG,66000,0.1699,60800.0,1,0
GT-KLD-2403-RD2MV-5,796,RELIABLE,29000,0.2102,31700.0,1,0
GT-WBD-2306-Y4WK9-T,788,RELIABLE,31000,0.2117,24500.0,1,0
GT-RJD-2101-YKBGV-A,505,EMERGING,7000,0.3,0.0,0,1
GT-WBR-2401-2NC5Z-W,673,RELIABLE,26000,0.2438,0.0,0,0
GT-KAW-2211-FBA3T-9,774,RELIABLE,28500,0.2145,21600.0,1,0
GT-TGF-2203-4YNT9-S,600,EMERGING,10500,0.3,10600.0,1,0
GT-KAF-2307-HFQY4-0,789,RELIABLE,29500,0.2115,24500.0,1,0
GT-GJD-2209-48N98-6,809,STRONG,41000,0.178,43800.0,1,0
GT-MHW-2107-WDS8C-I,775,RELIABLE,41000,0.2142,38800.0,1,0
GT-TND-2108-7K302-V,473,BUILDING,0,0.3,0.0,0,1
GT-RJD-2112-3MAQ2-B,617,EMERGING,9000,0.3,8500.0,1,0
GT-UPR-2103-5YA87-B,860,STRONG,57500,0.171,59300.0,1,0
GT-TNC-2302-059K2-X,600,EMERGING,13000,0.3,0.0,0,0
GT-WBH-2101-G8BGA-2,569,EMERGING,6500,0.3,0.0,0,0
GT-WBW-2304-Q54S6-A,865,STRONG,56500,0.1704,63900.0,1,0
GT-TNW-2402-FZMGT-I,745,RELIABLE,28500,0.2211,35700.0,1,0
GT-UPR-2203-SCVVD-F,856,STRONG,66000,0.1714,65600.0,1,0
GT-MHF-2402-JRJHE-I,738,RELIABLE,24500,0.2229,25600.0,1,0
GT-TGD-2109-JR17Y-H,830,STRONG,50000,0.1748,51600.0,1,0
GT-DLD-2112-G8WQM-V,772,RELIABLE,35000,0.2149,26000.0,1,0
GT-GJH-2110-NDECM-P,792,RELIABLE,32500,0.211,37200.0,1,0
GT-GJH-2209-4VRXZ-0,906,PRIME,87000,0.1465,97000.0,1,0
GT-RJD-2308-ZPMVR-0,803,STRONG,60500,0.179,58500.0,1,0
GT-TND-2209-5BJRG-Q,648,EMERGING,10500,0.2943,9300.0,1,1
GT-DLD-2203-VZR0A-Y,782,RELIABLE,30500,0.2128,23000.0,1,0
GT-KAR-2108-4AVFY-4,898,STRONG,72000,0.1672,64800.0,1,0
GT-RJD-2107-3XC2W-S,815,STRONG,53000,0.1771,55300.0,1,0
GT-TNF-2105-6CS7S-3,695,RELIABLE,25000,0.2358,26200.0,1,0
GT-UPD-2109-AVVDM-5,834,STRONG,41000,0.1743,39600.0,1,0
GT-TND-2202-2C62F-K,783,RELIABLE,31500,0.2127,30300.0,1,0
GT-TND-2403-YX11M-Z,936,PRIME,142000,0.1442,168500.0,1,0
GT-DLW-2311-AYJDV-I,665,RELIABLE,17000,0.247,20100.0,1,1
GT-UPD-2112-9GCHX-4,715,RELIABLE,23000,0.2293,19700.0,1,0
GT-DLR-2304-KY4BB-3,728,RELIABLE,33000,0.2256,39300.0,1,0
GT-DLF-2105-1FYC5-O,710,RELIABLE,31000,0.2308,33400.0,1,0
GT-UPW-2308-0QE9H-O,708,RELIABLE,26000,0.2314,28400.0,1,0
GT-WBD-2211-54XNM-O,498,BUILDING,0,0.3,0.0,0,0
GT-UPW-2205-8ES5D-7,745,RELIABLE,21500,0.2211,22100.0,1,0
GT-MHD-2310-17FYE-Y,767,RELIABLE,34000,0.2159,33900.0,1,1
GT-KLF-2212-WJ7XJ-R,714,RELIABLE,27500,0.2296,30100.0,1,0
GT-DLR-2403-TP86T-Q,907,PRIME,109000,0.1464,87900.0,1,0
GT-MHC-2302-7HSW3-A,724,RELIABLE,28000,0.2266,33300.0,1,0
GT-MHH-2305-AKZ4W-K,828,STRONG,50000,0.1751,45800.0,1,0
GT-TNW-2401-Z52NJ-Q,813,STRONG,48500,0.1774,45200.0,1,0
GT-TGC-2403-M4ZX9-U,812,STRONG,58000,0.1775,46600.0,1,0
GT-KAD-2102-T2GAK-9,788,RELIABLE,33000,0.2117,34800.0,1,0
GT-GJF-2106-TM6VE-G,840,STRONG,55500,0.1735,59400.0,1,0
GT-GJD-2205-SBNRV-1,731,RELIABLE,23500,0.2247,23900.0,1,0
GT-UPD-2205-9TYQE-A,832,STRONG,63000,0.1746,68500.0,1,0
GT-KAR-2210-7TKWY-P,785,RELIABLE,28000,0.2122,32800.0,1,0
GT-KAW-2209-YB8V2-V,719,RELIABLE,25500,0.2281,25000.0,1,0
GT-DLW-2309-6MF5Q-N,777,RELIABLE,26500,0.2139,29600.0,1,0
GT-TGC-2304-7W06K-0,925,PRIME,98500,0.145,108600.0,1,0
GT-WBR-2304-NC5RQ-8,708,RELIABLE,26000,0.2314,24600.0,1,0
GT-DLC-2403-ZCGA0-9,776,RELIABLE,26500,0.214,0.0,0,0
GT-TNC-2103-1CRGZ-X,827,STRONG,44500,0.1752,46200.0,1,0
GT-WBC-2112-6S2Q4-O,858,STRONG,76000,0.1712,64600.0,1,0
GT-WBD-2103-63DQB-D,763,RELIABLE,30500,0.2168,31600.0,1,0
GT-WBR-2205-5X1MQ-1,556,EMERGING,7500,0.3,0.0,0,1
GT-GJW-2105-C9HWV-Q,837,STRONG,44000,0.1738,42000.0,1,0
GT-UPH-2302-GZKC7-8,582,EMERGING,8000,0.3,0.0,0,1
GT-RJD-2303-7MA5H-T,826,STRONG,63000,0.1754,60900.0,1,0
GT-KLD-2209-HMK4H-N,776,RELIABLE,28500,0.214,25600.0,1,0
GT-TNR-2104-PBQ34-B,865,STRONG,61500,0.1704,70200.0,1,0
GT-TND-2302-K2YQV-M,600,EMERGING,9000,0.3,0.0,0,0
GT-DLW-2105-W5GP0-O,610,EMERGING,7000,0.3,0.0,0,1
GT-TND-2103-TVEB2-J,804,STRONG,51000,0.1788,59200.0,1,0
GT-WBR-2107-CVZ8B-0,776,RELIABLE,31500,0.214,39100.0,1,1
GT-GJF-2301-FFMBV-7,758,RELIABLE,29000,0.2179,30100.0,1,0
GT-KAR-2302-S6G76-N,770,RELIABLE,35500,0.2153,31700.0,1,0
GT-KLD-2204-142MM-E,962,PRIME,140000,0.1427,152800.0,1,0
GT-KAF-2104-7474J-2,810,STRONG,65000,0.1779,0.0,0,0
GT-TGR-2303-H5JBB-4,813,STRONG,68500,0.1774,76900.0,1,0
GT-TGH-2207-BQ2EE-S,520,EMERGING,21000,0.3,0.0,0,0
GT-TNW-2112-082EP-J,858,STRONG,62000,0.1712,62200.0,1,0
GT-DLH-2211-7FYPS-N,740,RELIABLE,26500,0.2223,25500.0,1,0
GT-WBD-2101-8H3CZ-I,549,EMERGING,6000,0.3,0.0,0,1
GT-KAW-2201-15RGF-Q,600,EMERGING,17500,0.3,0.0,0,0
GT-UPR-2107-QB8SD-V,832,STRONG,65500,0.1746,56000.0,1,0
GT-GJF-2104-HASR7-S,621,EMERGING,8000,0.3,8100.0,1,0
GT-UPR-2208-ZMVF0-S,746,RELIABLE,33000,0.2208,35400.0,1,0
GT-RJD-2101-1HFH8-A,600,EMERGING,10500,0.3,10500.0,1,0
GT-RJD-2210-P3RV7-8,902,PRIME,81000,0.1468,96800.0,1,1
GT-MHW-2404-6N9EY-D,864,STRONG,56500,0.1705,66600.0,1,1
GT-RJW-2306-P5SQQ-I,811,STRONG,46500,0.1777,47100.0,1,0
GT-WBD-2109-VPDST-3,849,STRONG,76000,0.1723,58600.0,1,1
GT-MHF-2103-GN8NW-B,737,RELIABLE,26500,0.2231,0.0,0,0
GT-KLW-2201-TQFP7-T,761,RELIABLE,30500,0.2173,24500.0,1,0
GT-RJR-2202-KD00D-W,607,EMERGING,10000,0.3,8100.0,1,0
GT-DLD-2306-2GQXT-2,558,EMERGING,7000,0.3,7400.0,1,1
GT-RJC-2311-06N01-Y,744,RELIABLE,31000,0.2213,32500.0,1,0
GT-UPF-2305-96GR4-E,770,RELIABLE,29500,0.2153,35600.0,1,0
GT-TGW-2210-78Q74-M,861,STRONG,69000,0.1709,51400.0,1,0
GT-MHF-2107-D66X3-B,889,STRONG,56000,0.168,57600.0,1,0
GT-UPW-2102-H3565-U,871,STRONG,57500,0.1698,62000.0,1,0
GT-KLD-2101-D6FG0-H,609,EMERGING,9000,0.3,9000.0,1,0
GT-MHC-2311-SVM2W-7,757,RELIABLE,25000,0.2182,32800.0,1,1
GT-KAD-2310-XTBJQ-X,793,RELIABLE,24000,0.2107,24300.0,1,0
GT-DLW-2307-YJMKH-W,911,PRIME,69500,0.1461,65800.0,1,0
GT-DLC-2212-A36CX-L,877,STRONG,58500,0.1692,52800.0,1,0
GT-TNF-2402-4CRDF-U,856,STRONG,49500,0.1714,40500.0,1,1
GT-KLF-2106-713ES-W,776,RELIABLE,39500,0.214,42900.0,1,0
GT-KLD-2302-TE05Q-X,694,RELIABLE,19500,0.2361,21500.0,1,0
GT-GJR-2205-VRW18-K,798,RELIABLE,39500,0.2099,38300.0,1,0
GT-DLF-2107-7HN6A-Q,600,EMERGING,11500,0.3,0.0,0,0
GT-DLD-2309-VNGGV-3,690,RELIABLE,20500,0.2375,23200.0,1,0
GT-KAD-2208-G4PZY-R,750,RELIABLE,26500,0.2198,29300.0,1,1
GT-UPH-2110-540KR-J,879,STRONG,75000,0.169,84300.0,1,0
GT-DLD-2208-CZDD9-E,730,RELIABLE,30500,0.225,32600.0,1,0
GT-RJR-2301-RB8G4-6,525,EMERGING,8000,0.3,7900.0,1,1
GT-GJD-2312-WC4VN-7,600,EMERGING,19000,0.3,0.0,0,0
GT-TGF-2204-ARB93-7,694,RELIABLE,23000,0.2361,17700.0,1,0
GT-KLR-2210-CEC9V-H,732,RELIABLE,25500,0.2244,0.0,0,0
GT-MHW-2101-S1WFY-K,830,STRONG,53000,0.1748,45700.0,1,0
GT-TGR-2102-V1SQE-F,762,RELIABLE,33000,0.217,27500.0,1,0
GT-DLD-2107-AX6J8-W,835,STRONG,39500,0.1741,36100.0,1,0
GT-MHR-2205-RRDWA-V,686,RELIABLE,19000,0.2389,21200.0,1,0
GT-KLD-2311-1Q9PB-Y,665,RELIABLE,18000,0.247,18900.0,1,1
GT-GJW-2305-STVDJ-L,838,STRONG,57500,0.1737,58700.0,1,0
GT-MHD-2208-9BRDX-2,647,EMERGING,9500,0.2948,9400.0,1,0
GT-MHD-2312-TJ7J1-K,595,EMERGING,9000,0.3,0.0,0,1
GT-TNR-2307-6TPVA-P,844,STRONG,64500,0.1729,61800.0,1,0
GT-RJD-2403-DZYQG-7,820,STRONG,54500,0.1763,60000.0,1,0
GT-MHR-2201-Z19GY-K,707,RELIABLE,30500,0.2318,29900.0,1,1
GT-UPR-2107-K0Z2S-U,601,EMERGING,8500,0.3,0.0,0,1
GT-MHH-2107-CG3C4-Q,833,STRONG,70000,0.1744,72100.0,1,0
GT-TND-2401-1V6Y6-O,631,EMERGING,7000,0.3,0.0,0,1
GT-WBR-2104-C7KPJ-N,600,EMERGING,15500,0.3,16700.0,1,0
GT-MHW-2303-BX1RQ-E,600,EMERGING,9000,0.3,0.0,0,0
GT-TND-2401-K2ZM0-F,676,RELIABLE,18500,0.2427,15300.0,1,0
GT-DLF-2312-NPZRT-A,749,RELIABLE,23000,0.22,25600.0,1,1
GT-KAC-2310-GM7ER-F,752,RELIABLE,22500,0.2193,26600.0,1,0
GT-KAW-2302-X17VA-Z,701,RELIABLE,18500,0.2337,0.0,0,0
GT-MHH-2110-72M2G-2,869,STRONG,47000,0.17,43000.0,1,0
GT-UPW-2109-8SVDF-8,691,RELIABLE,23500,0.2371,26700.0,1,1
GT-KAR-2109-G1GCX-O,854,STRONG,59000,0.1717,57300.0,1,0
GT-WBC-2104-TP4WY-H,600,EMERGING,23500,0.3,19500.0,1,0
GT-KAD-2303-3FVF6-3,651,RELIABLE,26000,0.253,24900.0,1,0
GT-DLF-2208-SKB31-O,677,RELIABLE,17500,0.2422,15500.0,1,1
GT-MHW-2206-DCPR3-R,630,EMERGING,7500,0.3,0.0,0,0
GT-TNC-2310-0RYW9-6,761,RELIABLE,31000,0.2173,28100.0,1,0
GT-UPC-2312-P71YV-O,735,RELIABLE,29000,0.2236,30900.0,1,0
GT-TGD-2104-8RF4C-T,584,EMERGING,10500,0.3,11200.0,1,1
GT-KAW-2307-QP8A9-5,704,RELIABLE,26000,0.2328,30800.0,1,0
GT-MHD-2301-48T39-4,641,EMERGING,12000,0.2975,0.0,0,1
GT-TNW-2307-M99TK-L,869,STRONG,64000,0.17,63000.0,1,0
GT-DLF-2206-S6X7K-O,612,EMERGING,9500,0.3,0.0,0,1
GT-WBD-2105-TN532-1,622,EMERGING,10000,0.3,6400.0,1,1
GT-TNW-2204-2NYBZ-P,851,STRONG,62000,0.172,52900.0,1,0
GT-UPR-2301-KHSRG-V,819,STRONG,50000,0.1764,51100.0,1,0
GT-DLR-2209-E9GFV-4,663,RELIABLE,22000,0.2478,20900.0,1,0
GT-GJH-2203-VV2VR-K,686,RELIABLE,27000,0.2389,0.0,0,0
GT-MHF-2303-072QM-E,815,STRONG,45500,0.1771,59300.0,1,0
GT-KLF-2212-BF660-Y,585,EMERGING,5000,0.3,0.0,0,1
GT-KLD-2111-ZW1QH-0,598,EMERGING,9500,0.3,0.0,0,1
GT-DLD-2112-SC2GE-I,795,RELIABLE,31500,0.2104,24900.0,1,0
GT-DLD-2107-2D74H-R,887,STRONG,57000,0.1682,52100.0,1,0
GT-KAD-2109-AAPS5-R,750,RELIABLE,29500,0.2198,27200.0,1,0
GT-KLR-2201-X2NBP-A,773,RELIABLE,27000,0.2146,25400.0,1,0
GT-KAR-2202-1AJ6Q-S,826,STRONG,53000,0.1754,56200.0,1,0
GT-KAF-2204-FWC82-E,874,STRONG,74000,0.1695,92400.0,1,0
GT-KAD-2108-ZQ62X-5,720,RELIABLE,21500,0.2278,21700.0,1,0
GT-DLF-2203-2N0VD-D,761,RELIABLE,38500,0.2173,38700.0,1,0
GT-KLC-2404-3SK1N-3,912,PRIME,103000,0.146,111200.0,1,0
GT-MHD-2301-5AEKA-C,615,EMERGING,8500,0.3,0.0,0,0
GT-WBF-2104-FZDM9-4,834,STRONG,53000,0.1743,70700.0,1,0
GT-GJD-2303-A7RV4-E,677,RELIABLE,27500,0.2422,25800.0,1,1
GT-UPR-2311-9E6HG-2,680,RELIABLE,32000,0.2411,26300.0,1,0
GT-GJW-2209-D0ANC-I,759,RELIABLE,21000,0.2177,20800.0,1,0
GT-KLD-2106-6F6M5-J,714,RELIABLE,27000,0.2296,25500.0,1,1
GT-GJD-2212-RXE0S-Y,675,RELIABLE,10500,0.243,12200.0,1,0
GT-RJC-2101-BPNY0-1,600,EMERGING,19000,0.3,19600.0,1,0
GT-TND-2309-0864G-G,850,STRONG,46500,0.1722,55600.0,1,0
GT-TGW-2309-52V3Q-9,775,RELIABLE,30500,0.2142,0.0,0,0
GT-UPF-2204-ZHWR4-R,758,RELIABLE,34000,0.2179,30200.0,1,0
GT-RJD-2311-3TK6K-1,789,RELIABLE,34500,0.2115,40900.0,1,0
GT-KAW-2103-8D7ZZ-K,650,RELIABLE,21000,0.2534,20200.0,1,0
GT-TGR-2212-VH4RP-L,787,RELIABLE,33000,0.2119,29800.0,1,0
GT-RJD-2303-S9Y23-H,809,STRONG,45000,0.178,58500.0,1,0
GT-MHH-2202-WEH1Q-1,940,PRIME,123500,0.144,144600.0,1,0
GT-TNR-2310-8AC9E-E,739,RELIABLE,27500,0.2226,29600.0,1,1
GT-WBW-2308-NDXHN-T,752,RELIABLE,21000,0.2193,20800.0,1,1
GT-KAD-2106-KNTCC-Q,813,STRONG,45500,0.1774,36800.0,1,0
GT-KLD-2308-P0Q43-8,800,STRONG,47000,0.1795,46800.0,1,0
GT-TNW-2307-PT5F2-I,686,RELIABLE,22500,0.2389,0.0,0,0
GT-UPF-2110-YRW1Z-L,741,RELIABLE,27000,0.2221,21300.0,1,0
GT-TGD-2312-DG11E-J,787,RELIABLE,33000,0.2119,36900.0,1,0
GT-TGW-2109-QJ05D-3,697,RELIABLE,27500,0.235,24300.0,1,1
GT-KLR-2311-7TEPD-R,747,RELIABLE,28000,0.2205,25700.0,1,0
GT-RJR-2203-RMTCH-1,752,RELIABLE,20000,0.2193,20200.0,1,0
GT-WBW-2203-R2BCR-8,805,STRONG,52000,0.1787,54700.0,1,0
GT-TGF-2206-HFW9Z-3,705,RELIABLE,22000,0.2324,16000.0,1,1
GT-UPR-2109-F34X1-F,613,EMERGING,8000,0.3,0.0,0,1
GT-GJW-2303-ME3S7-9,520,EMERGING,8500,0.3,0.0,0,1
GT-KLR-2309-38WCA-W,649,EMERGING,11000,0.2939,10900.0,1,0
GT-TNH-2209-YD84X-8,670,RELIABLE,22000,0.245,17900.0,1,0
GT-MHW-2301-X1C99-Y,677,RELIABLE,26000,0.2422,0.0,0,1
GT-MHR-2105-J905B-9,650,RELIABLE,25000,0.2534,0.0,0,0
GT-WBR-2210-87YWE-8,726,RELIABLE,19500,0.2261,20500.0,1,0
GT-TNH-2102-BQ7WA-Z,669,RELIABLE,25500,0.2454,0.0,0,1
GT-RJC-2204-APRAP-0,699,RELIABLE,31500,0.2344,28000.0,1,0
GT-RJD-2201-2VTXR-H,882,STRONG,68500,0.1687,64400.0,1,0
GT-MHD-2402-8FY43-O,881,STRONG,61000,0.1687,66900.0,1,0
GT-KLR-2309-WZ2EB-3,733,RELIABLE,34500,0.2242,39100.0,1,0
GT-GJC-2307-4Q20R-3,702,RELIABLE,23000,0.2334,0.0,0,1
GT-DLC-2212-DC560-9,727,RELIABLE,25500,0.2258,27900.0,1,0
GT-DLW-2307-SFMT2-X,771,RELIABLE,27000,0.2151,24900.0,1,0
GT-MHD-2403-HG1MV-W,774,RELIABLE,34000,0.2145,34600.0,1,0
GT-TGC-2205-H2792-U,686,RELIABLE,21000,0.2389,0.0,0,1
GT-KAD-2110-9RV7M-T,729,RELIABLE,24000,0.2253,0.0,0,1
GT-MHR-2110-KXS0F-Y,611,EMERGING,6500,0.3,5800.0,1,0
GT-UPR-2302-YZ0DJ-C,779,RELIABLE,25500,0.2134,0.0,0,0
GT-TGR-2304-SE0RJ-D,787,RELIABLE,30000,0.2119,32400.0,1,0
GT-WBR-2308-T4W4P-6,600,EMERGING,11500,0.3,11600.0,1,0
GT-TND-2311-WDZX9-M,877,STRONG,68000,0.1692,0.0,0,0
GT-WBD-2302-ED86N-R,657,RELIABLE,18000,0.2503,19800.0,1,0
GT-TNW-2203-FWAKJ-R,774,RELIABLE,34500,0.2145,37700.0,1,0
GT-KAD-2102-3ZBYV-T,520,EMERGING,22000,0.3,0.0,0,0
GT-WBR-2207-CPJ67-B,600,EMERGING,20500,0.3,20000.0,1,0
GT-KAD-2104-8QEKP-A,738,RELIABLE,22500,0.2229,21700.0,1,0
GT-GJD-2310-D0KA8-7,765,RELIABLE,30000,0.2164,31800.0,1,0
GT-KLD-2401-S2BRZ-L,841,STRONG,40500,0.1733,53900.0,1,0
GT-GJF-2101-XMT9E-O,680,RELIABLE,41500,0.2411,35200.0,1,0
GT-WBR-2311-X2SCV-T,747,RELIABLE,28500,0.2205,32500.0,1,0
GT-KLD-2212-2VKE9-J,817,STRONG,53500,0.1767,56700.0,1,0
GT-DLW-2206-RS6XV-U,600,EMERGING,11000,0.3,10600.0,1,1
GT-UPD-2303-3EYHW-A,776,RELIABLE,31000,0.214,34600.0,1,1
GT-DLW-2112-71A3B-K,600,EMERGING,15000,0.3,0.0,0,0
GT-KAD-2109-8JRQX-Z,816,STRONG,58500,0.1769,62400.0,1,1
GT-DLC-2211-H5GAD-T,916,PRIME,78000,0.1457,85400.0,1,0
GT-WBD-2206-S8ZCE-U,757,RELIABLE,22500,0.2182,22300.0,1,1
GT-KAR-2305-37MJH-N,602,EMERGING,8000,0.3,0.0,0,1
GT-DLF-2102-T6KEG-J,758,RELIABLE,26500,0.2179,27300.0,1,1
GT-KAR-2404-AD3WV-0,854,STRONG,45000,0.1717,51000.0,1,0
GT-DLW-2107-M4N9F-E,846,STRONG,51000,0.1727,43900.0,1,0
GT-UPD-2208-5ZHYH-U,725,RELIABLE,26000,0.2264,19900.0,1,1
GT-MHR-2209-RG6NR-Q,872,STRONG,56000,0.1697,48000.0,1,0
GT-DLC-2108-Z6T6Y-T,793,RELIABLE,30500,0.2107,29800.0,1,0
GT-MHC-2304-SY80S-6,842,STRONG,59500,0.1732,49300.0,1,0
GT-TNR-2102-M95RJ-9,848,STRONG,56000,0.1725,50300.0,1,0
GT-UPR-2105-80J52-V,897,STRONG,84500,0.1672,77300.0,1,0
GT-WBW-2103-9HA3E-X,600,EMERGING,20500,0.3,19200.0,1,0
GT-DLW-2111-HB066-I,827,STRONG,57000,0.1752,57600.0,1,0
GT-TNC-2303-2Z0DB-5,721,RELIABLE,18500,0.2275,19400.0,1,1
GT-GJC-2311-CSAF3-7,691,RELIABLE,25000,0.2371,25800.0,1,1
GT-TGR-2206-QKB62-8,883,STRONG,65500,0.1686,57200.0,1,0
GT-TGF-2110-RMAMD-L,778,RELIABLE,39000,0.2136,35700.0,1,0
GT-RJR-2303-BVHPQ-H,816,STRONG,51500,0.1769,54100.0,1,0
GT-RJD-2404-8QR3W-T,776,RELIABLE,37500,0.214,37000.0,1,1
GT-DLW-2308-BA0Y4-0,706,RELIABLE,20500,0.2321,23000.0,1,1
GT-UPF-2105-WJW86-A,716,RELIABLE,25000,0.229,19100.0,1,1
GT-UPD-2211-18FAX-T,855,STRONG,70000,0.1716,66600.0,1,0
GT-RJF-2207-50NCT-R,782,RELIABLE,31500,0.2128,31900.0,1,0
GT-DLD-2201-BQHXB-0,663,RELIABLE,15500,0.2478,15000.0,1,0
GT-UPD-2112-DWX84-5,757,RELIABLE,29000,0.2182,26900.0,1,0
GT-MHF-2106-F42KB-F,917,PRIME,85500,0.1456,89700.0,1,0
GT-TGW-2110-2D7TN-6,756,RELIABLE,28500,0.2184,32600.0,1,0
GT-KAR-2208-0B8XP-L,619,EMERGING,6000,0.3,6700.0,1,0
GT-GJD-2210-B7REM-U,874,STRONG,71000,0.1695,67700.0,1,0
GT-GJR-2211-Z7JWP-U,836,STRONG,54000,0.174,62800.0,1,0
GT-TGD-2304-HJQ2K-F,761,RELIABLE,26500,0.2173,32100.0,1,0
GT-TGC-2308-WPSC4-U,764,RELIABLE,33000,0.2166,26100.0,1,1
GT-DLD-2309-A65C6-W,804,STRONG,51000,0.1788,46600.0,1,0
GT-UPC-2403-8JMP7-Q,744,RELIABLE,26000,0.2213,26700.0,1,1
GT-KLD-2110-8GE8S-5,886,STRONG,60000,0.1683,50900.0,1,1
GT-MHD-2206-S2D66-T,813,STRONG,53500,0.1774,35100.0,1,0
GT-DLR-2108-41S32-8,737,RELIABLE,23500,0.2231,23400.0,1,0
GT-GJW-2203-QB2S8-5,761,RELIABLE,18500,0.2173,21600.0,1,1
GT-TNH-2204-3ZPYH-M,724,RELIABLE,30500,0.2266,28900.0,1,0
GT-KAR-2312-XS6PV-C,834,STRONG,50500,0.1743,0.0,0,0
GT-KAR-2210-BX1ZE-I,638,EMERGING,8500,0.299,6800.0,1,0
GT-DLD-2206-B8NBW-F,520,EMERGING,10000,0.3,0.0,0,1
GT-KLF-2105-5DVSF-H,799,RELIABLE,34000,0.2097,32800.0,1,0
GT-GJR-2310-9H799-A,789,RELIABLE,34000,0.2115,38400.0,1,0
GT-DLC-2310-4ZX6K-F,785,RELIABLE,33000,0.2122,34500.0,1,0
GT-KAR-2306-PAF1H-7,783,RELIABLE,34500,0.2127,33600.0,1,0
GT-UPW-2310-Q9FCK-I,680,RELIABLE,27500,0.2411,32000.0,1,1
GT-TNC-2208-YKW1V-1,790,RELIABLE,28000,0.2113,24400.0,1,0
GT-TND-2109-ZGM88-Q,729,RELIABLE,17000,0.2253,18100.0,1,0
GT-WBR-2208-SXZKM-0,727,RELIABLE,28500,0.2258,29800.0,1,0
GT-DLC-2304-J0FVQ-H,710,RELIABLE,24000,0.2308,25400.0,1,0
GT-UPR-2112-DB38X-E,902,PRIME,61500,0.1468,64700.0,1,0
GT-TNR-2208-H4PZK-3,615,EMERGING,10000,0.3,9900.0,1,1
GT-UPC-2104-4K1K6-D,784,RELIABLE,28000,0.2125,29900.0,1,0
GT-WBD-2403-D1D76-R,640,EMERGING,9500,0.298,9000.0,1,1
GT-MHC-2112-Z27XY-J,600,EMERGING,18000,0.3,14700.0,1,0
GT-GJR-2301-F48J4-A,711,RELIABLE,23500,0.2305,20600.0,1,1
GT-KAF-2401-88YV8-9,605,EMERGING,9000,0.3,0.0,0,0
GT-UPD-2202-G3BCE-E,770,RELIABLE,27500,0.2153,27000.0,1,0
GT-TNR-2107-5ANZ5-M,721,RELIABLE,26500,0.2275,23500.0,1,0
GT-GJD-2109-2BBWQ-9,581,EMERGING,8000,0.3,0.0,0,0
GT-DLD-2306-Q1Z99-F,852,STRONG,46500,0.1719,52000.0,1,0
GT-TGR-2306-XRJF3-U,862,STRONG,51000,0.1708,65100.0,1,0
GT-TND-2105-5374X-G,927,PRIME,101500,0.1448,122500.0,1,0
GT-DLF-2112-4GPA0-C,783,RELIABLE,43500,0.2127,46100.0,1,0
GT-TND-2111-7WAGQ-H,773,RELIABLE,38500,0.2146,37200.0,1,0
GT-KAD-2103-9GVV1-M,859,STRONG,37000,0.1711,37700.0,1,0
GT-TND-2204-RP0FB-X,879,STRONG,79000,0.169,54900.0,1,0
GT-MHR-2303-ASQER-M,859,STRONG,52500,0.1711,58000.0,1,0
GT-WBD-2306-7BRJV-7,661,RELIABLE,32000,0.2487,40700.0,1,0
GT-KAD-2210-AWFH9-Z,742,RELIABLE,23500,0.2218,22600.0,1,0
GT-KAF-2401-4MG9R-N,600,EMERGING,14500,0.3,15400.0,1,0
GT-TGW-2107-7QGQ6-Y,589,EMERGING,8500,0.3,7600.0,1,1
GT-DLF-2106-DGP14-T,773,RELIABLE,33000,0.2146,32800.0,1,0
GT-RJD-2207-WH67E-S,932,PRIME,100500,0.1445,68700.0,1,0
GT-DLC-2304-J7GHK-Y,763,RELIABLE,37500,0.2168,43300.0,1,0
GT-TNF-2208-J8S4X-5,899,STRONG,91000,0.1671,99100.0,1,0
GT-DLF-2210-C4Q2A-V,781,RELIABLE,26500,0.213,26500.0,1,0
GT-RJD-2103-8VA8D-P,760,RELIABLE,37000,0.2175,34800.0,1,0
GT-UPD-2206-JQ7N5-V,789,RELIABLE,27500,0.2115,26700.0,1,0
GT-MHR-2211-WNB5S-L,726,RELIABLE,22500,0.2261,21300.0,1,0
GT-DLD-2210-P9PAT-S,677,RELIABLE,32500,0.2422,27600.0,1,0
GT-MHF-2309-YS9PF-S,841,STRONG,62000,0.1733,50800.0,1,0
GT-MHD-2301-D7R82-0,833,STRONG,50500,0.1744,52100.0,1,0
GT-DLD-2312-996AQ-V,600,EMERGING,11500,0.3,0.0,0,1
GT-RJD-2108-8Z8V2-J,814,STRONG,64500,0.1772,55200.0,1,0
GT-TGD-2304-4RHQN-M,600,EMERGING,16000,0.3,13100.0,1,0
GT-TNR-2304-JRKD2-B,758,RELIABLE,39000,0.2179,29700.0,1,0
GT-MHD-2108-DG1YJ-E,843,STRONG,45000,0.1731,43700.0,1,0
GT-MHR-2302-9YTM7-A,853,STRONG,49500,0.1718,44800.0,1,0
GT-WBD-2203-14X4Y-R,794,RELIABLE,25500,0.2106,26000.0,1,0
GT-UPR-2111-7Y05D-I,880,STRONG,56500,0.1689,49700.0,1,0
GT-WBH-2108-5183Z-S,783,RELIABLE,35000,0.2127,28800.0,1,0
GT-GJC-2104-8BE1C-L,811,STRONG,40000,0.1777,39300.0,1,0
GT-DLR-2401-0SGQA-F,691,RELIABLE,21500,0.2371,21300.0,1,0
GT-KLR-2207-907J7-9,953,PRIME,111000,0.1432,119200.0,1,0
GT-RJF-2209-B87R1-8,816,STRONG,41500,0.1769,32900.0,1,0
GT-RJC-2105-8AA97-K,800,STRONG,46000,0.1795,33400.0,1,0
GT-GJR-2104-1NEW4-T,645,EMERGING,9000,0.2957,0.0,0,1
GT-GJD-2104-TQABP-5,652,RELIABLE,20500,0.2526,15100.0,1,0
GT-KAW-2306-271EV-2,844,STRONG,54500,0.1729,65500.0,1,1
GT-MHD-2101-JBNAK-Q,798,RELIABLE,37500,0.2099,42200.0,1,0
GT-MHW-2308-HXDD9-M,580,EMERGING,9500,0.3,10200.0,1,0
GT-TGD-2105-QRFTA-6,600,EMERGING,22000,0.3,21500.0,1,0
GT-WBD-2212-7JP63-4,700,RELIABLE,28500,0.2341,24600.0,1,0
GT-MHW-2109-XVKPE-R,899,STRONG,77500,0.1671,76900.0,1,0
GT-UPF-2112-EMD9E-V,686,RELIABLE,32000,0.2389,34500.0,1,0
GT-WBR-2304-DKQSX-Z,800,STRONG,49000,0.1795,45000.0,1,0
GT-WBW-2110-05NCX-P,819,STRONG,54000,0.1764,52700.0,1,0
GT-KLC-2203-6C4XD-2,673,RELIABLE,16500,0.2438,16100.0,1,1
GT-WBR-2302-29MMN-W,684,RELIABLE,19500,0.2397,18100.0,1,1
GT-KAH-2201-PH85W-V,723,RELIABLE,19000,0.2269,23400.0,1,0
GT-UPR-2109-TND3T-T,820,STRONG,62500,0.1763,64600.0,1,0
GT-RJD-2206-QP71N-I,520,EMERGING,11000,0.3,11300.0,1,0
GT-KAC-2403-3Q51H-1,620,EMERGING,8000,0.3,7000.0,1,1
GT-WBR-2103-BCWKS-K,863,STRONG,51500,0.1707,47900.0,1,0
GT-TGC-2312-1S4BS-N,706,RELIABLE,18500,0.2321,0.0,0,0
GT-MHD-2311-C4TB1-Y,703,RELIABLE,27500,0.2331,22200.0,1,0
GT-DLD-2203-HAWP5-R,555,EMERGING,8500,0.3,0.0,0,1
GT-RJD-2310-VCDZQ-8,708,RELIABLE,26500,0.2314,0.0,0,1
GT-TNF-2211-KT4G8-3,750,RELIABLE,20000,0.2198,20100.0,1,0
GT-WBW-2107-GF0XN-O,520,EMERGING,26500,0.3,0.0,0,0
GT-UPR-2310-4G5Q6-O,752,RELIABLE,23000,0.2193,24100.0,1,0
GT-TGD-2210-0TGAH-Q,849,STRONG,71000,0.1723,71700.0,1,0
GT-RJR-2201-T4N3V-9,720,RELIABLE,14500,0.2278,15500.0,1,0
GT-TGR-2402-N8RB1-S,715,RELIABLE,28000,0.2293,27100.0,1,1
GT-KLF-2401-Q48AS-M,868,STRONG,62000,0.1701,70200.0,1,0
GT-MHF-2404-EES3S-7,816,STRONG,42500,0.1769,42100.0,1,0
GT-RJD-2204-S45ET-G,689,RELIABLE,21000,0.2379,0.0,0,0
GT-MHR-2309-MKPC8-6,740,RELIABLE,22000,0.2223,19100.0,1,0
GT-RJF-2211-AZ0HC-R,839,STRONG,45000,0.1736,39000.0,1,0
GT-GJD-2209-W3KW6-D,879,STRONG,58000,0.169,72800.0,1,0
GT-WBR-2401-FYFX2-S,661,RELIABLE,21000,0.2487,17400.0,1,0
GT-RJF-2107-84BRP-0,520,EMERGING,20500,0.3,0.0,0,1
GT-GJR-2308-6XGTY-D,784,RELIABLE,34500,0.2125,28600.0,1,0
GT-GJD-2207-0WN25-5,638,EMERGING,11000,0.299,0.0,0,1
GT-UPD-2305-Z0WSM-6,520,EMERGING,14000,0.3,0.0,0,0
GT-RJW-2107-9636R-C,784,RELIABLE,44000,0.2125,41400.0,1,0
GT-DLD-2212-4CWVM-9,828,STRONG,72000,0.1751,56700.0,1,0
GT-RJW-2105-FJT0G-1,854,STRONG,64000,0.1717,65700.0,1,1
GT-WBR-2310-JZZ9G-9,732,RELIABLE,21000,0.2244,20000.0,1,0
GT-KAR-2111-CMPV4-2,753,RELIABLE,28000,0.2191,24400.0,1,0
GT-KLW-2312-B5TW6-D,800,STRONG,39500,0.1795,34100.0,1,0
GT-UPR-2403-PAAM9-9,737,RELIABLE,32500,0.2231,26100.0,1,0
GT-RJD-2310-NMW5Q-5,790,RELIABLE,28000,0.2113,0.0,0,1
GT-UPD-2207-99377-G,687,RELIABLE,23000,0.2386,0.0,0,1
GT-TNF-2202-EM3FN-W,680,RELIABLE,17500,0.2411,18500.0,1,1
GT-TNR-2404-1SNRN-J,688,RELIABLE,21500,0.2382,20500.0,1,0
GT-DLW-2212-D6CVV-1,904,PRIME,98000,0.1466,94800.0,1,0
GT-TGR-2204-RB29F-6,782,RELIABLE,29500,0.2128,23700.0,1,0
GT-KAR-2106-02YZP-E,868,STRONG,70500,0.1701,65500.0,1,0
GT-UPD-2211-BZ6SR-U,520,EMERGING,15000,0.3,0.0,0,1
GT-UPD-2303-CYDR2-U,789,RELIABLE,26000,0.2115,25800.0,1,0
GT-KLW-2107-0MNSM-0,972,PRIME,134500,0.1421,156800.0,1,0
GT-WBD-2104-7JFH8-5,600,EMERGING,11500,0.3,11200.0,1,1
GT-KLC-2204-574DZ-J,606,EMERGING,8000,0.3,8400.0,1,1
GT-DLD-2205-NYQK2-B,883,STRONG,62500,0.1686,66600.0,1,0
GT-TGR-2202-WNH31-Q,681,RELIABLE,25500,0.2407,27200.0,1,0
GT-UPD-2312-00Z6H-X,736,RELIABLE,17500,0.2233,20600.0,1,0
GT-UPW-2306-6XEDQ-K,600,EMERGING,15500,0.3,17100.0,1,1
GT-UPD-2305-KXAYV-O,812,STRONG,57500,0.1775,59100.0,1,0
GT-TGR-2101-2G01Y-T,520,EMERGING,8500,0.3,0.0,0,1
GT-KAC-2305-2BJA3-7,726,RELIABLE,24000,0.2261,21800.0,1,0
GT-RJF-2107-HM769-Q,802,STRONG,58500,0.1792,58400.0,1,1
GT-TND-2112-B7CYH-U,713,RELIABLE,24000,0.2299,26400.0,1,0
GT-GJW-2109-SR88T-H,727,RELIABLE,24500,0.2258,29000.0,1,0
GT-MHR-2204-JB3X2-R,677,RELIABLE,25000,0.2422,22400.0,1,1
GT-KLD-2401-HDP34-J,648,EMERGING,11000,0.2943,10900.0,1,1
GT-DLR-2310-3ZG9K-Y,724,RELIABLE,21000,0.2266,22600.0,1,0
GT-KLW-2206-C96C4-5,798,RELIABLE,30000,0.2099,33500.0,1,0
GT-UPR-2112-TEE1M-L,728,RELIABLE,28500,0.2256,29900.0,1,1
GT-TNW-2309-5WKBB-9,691,RELIABLE,26500,0.2371,0.0,0,0
GT-TNF-2205-CYVN6-R,767,RELIABLE,31500,0.2159,0.0,0,0
GT-KLR-2105-J4Z75-I,711,RELIABLE,21500,0.2305,26100.0,1,1
GT-WBD-2209-7PS9X-V,819,STRONG,62500,0.1764,67600.0,1,0
GT-GJW-2312-WT1PZ-V,680,RELIABLE,34000,0.2411,31800.0,1,0
GT-GJR-2206-9WY3T-A,753,RELIABLE,36500,0.2191,27700.0,1,0
GT-DLD-2308-23BWC-8,680,RELIABLE,26000,0.2411,24800.0,1,0
GT-MHD-2312-A7A64-0,726,RELIABLE,20500,0.2261,21000.0,1,0
GT-KAC-2306-6EVZA-4,793,RELIABLE,30000,0.2107,31400.0,1,0
GT-TGD-2304-VPK6E-1,888,STRONG,74000,0.1681,87200.0,1,0
GT-GJD-2103-GY5DX-H,810,STRONG,54000,0.1779,55400.0,1,0
GT-TND-2201-KEZHB-O,619,EMERGING,7000,0.3,7600.0,1,1
GT-DLD-2403-PZKZ9-P,780,RELIABLE,37500,0.2133,43400.0,1,1
GT-TNH-2209-H98BX-4,834,STRONG,67000,0.1743,67000.0,1,0
GT-DLR-2101-0MASH-K,729,RELIABLE,24500,0.2253,25700.0,1,0
GT-TGW-2205-43S2C-F,775,RELIABLE,27000,0.2142,28800.0,1,0
GT-WBW-2208-M3W74-L,730,RELIABLE,23000,0.225,26400.0,1,1
GT-DLR-2403-Y2N84-L,648,EMERGING,9000,0.2943,10000.0,1,0
GT-KAW-2205-SQGQ0-P,734,RELIABLE,19500,0.2239,25400.0,1,0
GT-MHH-2111-HSDVJ-A,624,EMERGING,7500,0.3,0.0,0,1
GT-TGW-2402-JJD3M-E,739,RELIABLE,34000,0.2226,28700.0,1,0
GT-MHF-2304-7MWNW-E,837,STRONG,54500,0.1738,54900.0,1,0
GT-UPR-2401-1C0WZ-F,629,EMERGING,8000,0.3,0.0,0,1
GT-MHC-2402-94HGH-T,645,EMERGING,11500,0.2957,13300.0,1,0
GT-KAD-2201-75FMY-D,697,RELIABLE,26000,0.235,0.0,0,0
GT-GJW-2310-Y8179-D,600,EMERGING,11000,0.3,0.0,0,0
GT-GJR-2401-H4AH5-1,769,RELIABLE,39000,0.2155,36500.0,1,0
GT-GJR-2102-5M0JE-9,865,STRONG,59000,0.1704,52000.0,1,0
GT-MHC-2401-AXNVE-D,826,STRONG,60500,0.1754,56100.0,1,0
GT-GJF-2211-F7JPB-B,786,RELIABLE,30500,0.2121,23900.0,1,0
GT-RJD-2306-FSAEM-K,765,RELIABLE,21500,0.2164,0.0,0,0
GT-GJW-2403-N3QKH-U,801,STRONG,50500,0.1794,50600.0,1,0
GT-TNC-2308-SGR3Y-I,693,RELIABLE,18000,0.2364,16100.0,1,0
GT-TGF-2106-CJK6D-A,850,STRONG,66500,0.1722,63300.0,1,0
GT-RJC-2111-DW901-D,608,EMERGING,8000,0.3,8500.0,1,1
GT-MHW-2201-7YYB3-K,814,STRONG,49000,0.1772,49300.0,1,0
GT-UPC-2208-EQ6ZS-K,851,STRONG,62000,0.172,58000.0,1,0
GT-DLR-2101-ZH850-F,600,EMERGING,18000,0.3,19600.0,1,0
GT-RJR-2404-91D7K-F,769,RELIABLE,24000,0.2155,24500.0,1,1
GT-MHC-2107-K6WY1-L,792,RELIABLE,24000,0.211,23300.0,1,0
GT-WBC-2209-A2H16-R,529,EMERGING,5500,0.3,0.0,0,1
GT-TGD-2106-F0EJH-H,766,RELIABLE,27500,0.2161,0.0,0,0
GT-TGD-2310-H2KT7-A,736,RELIABLE,23000,0.2233,20400.0,1,0
GT-TNR-2203-EGTZH-1,766,RELIABLE,26000,0.2161,25500.0,1,0
GT-KAW-2301-A3DYC-Q,838,STRONG,49500,0.1737,55700.0,1,0
GT-RJC-2107-B396V-B,600,EMERGING,12000,0.3,0.0,0,0
GT-WBF-2302-ZQ4AD-U,677,RELIABLE,17500,0.2422,13200.0,1,1
GT-GJD-2307-S4XGV-W,722,RELIABLE,20000,0.2272,20600.0,1,0
GT-WBD-2103-D1MHG-H,781,RELIABLE,28000,0.213,26900.0,1,1
GT-WBC-2404-ZVH95-G,770,RELIABLE,24500,0.2153,28700.0,1,0
GT-GJR-2312-VA8JK-7,714,RELIABLE,28000,0.2296,28400.0,1,0
GT-TGD-2108-YHAWK-J,826,STRONG,60000,0.1754,71800.0,1,0
GT-MHD-2310-FF7P7-1,707,RELIABLE,18000,0.2318,15200.0,1,0
GT-KAW-2310-041QV-1,767,RELIABLE,35000,0.2159,44000.0,1,0
GT-WBR-2203-7MB4W-W,811,STRONG,42500,0.1777,36700.0,1,0
GT-MHD-2402-A16RS-H,667,RELIABLE,21000,0.2462,19100.0,1,1
GT-TGD-2308-RWB22-9,774,RELIABLE,36000,0.2145,38600.0,1,0
GT-GJH-2205-VPDE1-0,753,RELIABLE,25000,0.2191,26200.0,1,1
GT-WBR-2312-1YR60-O,600,EMERGING,12000,0.3,9400.0,1,0
GT-MHR-2108-6EMVP-0,672,RELIABLE,21000,0.2442,19200.0,1,0
GT-GJD-2112-JZHFX-I,729,RELIABLE,28000,0.2253,28000.0,1,0
GT-KLD-2303-SRHJZ-R,881,STRONG,63500,0.1687,72600.0,1,0
GT-TNW-2402-06M9W-6,623,EMERGING,10500,0.3,10700.0,1,0
GT-MHW-2108-1C5MA-A,704,RELIABLE,28500,0.2328,28400.0,1,0
GT-WBR-2201-J2KS0-F,600,EMERGING,9500,0.3,11100.0,1,0
GT-GJC-2305-TQ8TG-8,897,STRONG,81000,0.1672,81800.0,1,1
GT-TNR-2107-GHMFJ-M,739,RELIABLE,26000,0.2226,22800.0,1,0
GT-WBC-2104-3D1ZP-V,732,RELIABLE,28500,0.2244,29800.0,1,0
GT-UPD-2307-DV7YS-F,751,RELIABLE,22500,0.2196,22500.0,1,0
GT-WBR-2211-66BBT-D,671,RELIABLE,22000,0.2446,21600.0,1,1
GT-UPC-2312-FQG8E-L,726,RELIABLE,22000,0.2261,22900.0,1,0
GT-MHC-2111-4F7WW-3,895,STRONG,94000,0.1674,100500.0,1,0
GT-DLW-2312-31AXQ-1,851,STRONG,51000,0.172,59300.0,1,0
GT-WBF-2206-204Z2-9,743,RELIABLE,29500,0.2215,30300.0,1,1
GT-DLW-2402-W5X4F-G,772,RELIABLE,36500,0.2149,28300.0,1,0
GT-KLF-2108-SNRTG-Y,683,RELIABLE,24500,0.24,22400.0,1,0
GT-GJD-2310-H2QEZ-Y,641,EMERGING,7000,0.2975,0.0,0,0
GT-TGR-2110-SP1BB-1,861,STRONG,67000,0.1709,58600.0,1,0
GT-UPF-2205-TGKC2-A,680,RELIABLE,35500,0.2411,29500.0,1,0
GT-KLF-2307-Y3ZJ3-P,853,STRONG,55500,0.1718,63800.0,1,0
GT-KAC-2403-AJF04-1,716,RELIABLE,19500,0.229,20700.0,1,0
GT-WBR-2110-XVBZR-N,770,RELIABLE,22500,0.2153,21600.0,1,0
GT-TGD-2301-H170F-G,835,STRONG,58000,0.1741,50700.0,1,0
GT-UPD-2205-1ANCM-S,600,EMERGING,15500,0.3,14600.0,1,0
GT-TNC-2204-RJQ4K-F,691,RELIABLE,19500,0.2371,20200.0,1,1
GT-TND-2112-8XN91-8,586,EMERGING,10000,0.3,10700.0,1,1
GT-UPC-2112-Y1A1K-F,763,RELIABLE,40000,0.2168,0.0,0,0
GT-RJD-2306-73DSS-T,680,RELIABLE,28000,0.2411,28600.0,1,1
GT-MHR-2110-4VHZ6-3,652,RELIABLE,21000,0.2526,0.0,0,1
GT-GJW-2112-16WNK-G,799,RELIABLE,43500,0.2097,52400.0,1,1
GT-UPR-2110-MK0C4-D,803,STRONG,44000,0.179,47700.0,1,1
GT-MHW-2101-SB953-M,780,RELIABLE,36500,0.2133,40600.0,1,0
GT-GJD-2106-SHY63-F,600,EMERGING,20500,0.3,22200.0,1,0
GT-KLR-2108-A5SQ4-U,652,RELIABLE,23000,0.2526,25200.0,1,0
GT-RJF-2206-MSK5H-3,520,EMERGING,12000,0.3,0.0,0,1
GT-MHC-2212-HHV37-4,695,RELIABLE,16000,0.2358,14300.0,1,1
GT-KLD-2403-KSSBB-3,825,STRONG,54500,0.1755,50300.0,1,0
GT-TND-2105-X8R76-1,676,RELIABLE,23000,0.2427,20900.0,1,1
GT-TGF-2204-SMFJM-Q,642,EMERGING,12000,0.2971,9200.0,1,0
GT-DLH-2107-46ERF-T,631,EMERGING,9000,0.3,9800.0,1,0
GT-GJC-2401-7625G-4,950,PRIME,91000,0.1433,83200.0,1,0
GT-MHC-2210-M9KPN-6,812,STRONG,41500,0.1775,41800.0,1,0
GT-UPR-2208-RFA34-Q,834,STRONG,40500,0.1743,43900.0,1,0
GT-KAR-2307-F3E7H-U,820,STRONG,73500,0.1763,78500.0,1,0
GT-RJC-2310-21SWT-9,795,RELIABLE,26500,0.2104,30600.0,1,0
GT-TNC-2302-3X96Q-0,788,RELIABLE,37500,0.2117,31100.0,1,0
GT-WBW-2201-TKEA2-Z,759,RELIABLE,22000,0.2177,25700.0,1,1
GT-DLW-2109-YN6G4-J,728,RELIABLE,26500,0.2256,25700.0,1,0
GT-MHC-2105-FK3C3-P,950,PRIME,157500,0.1433,190000.0,1,0
GT-KAD-2310-CW48H-9,600,EMERGING,21500,0.3,0.0,0,0
GT-KLD-2208-9TZF4-I,715,RELIABLE,21500,0.2293,22000.0,1,0
GT-MHH-2402-NSGHB-K,794,RELIABLE,32000,0.2106,25500.0,1,0
GT-KAR-2204-K98ZG-3,718,RELIABLE,22500,0.2284,23700.0,1,1
GT-WBD-2112-Z5X04-M,854,STRONG,80500,0.1717,80600.0,1,0
GT-KLR-2208-56V99-3,715,RELIABLE,23000,0.2293,23400.0,1,1
GT-KAF-2210-7K7GG-I,814,STRONG,43000,0.1772,45600.0,1,0
GT-DLW-2111-TC4H0-L,844,STRONG,87000,0.1729,84100.0,1,0
GT-WBW-2207-M3DCC-4,600,EMERGING,21500,0.3,20800.0,1,0
GT-TGD-2104-8HP7S-I,744,RELIABLE,31500,0.2213,38000.0,1,0
GT-MHR-2112-VW7H8-F,756,RELIABLE,24000,0.2184,19600.0,1,0
GT-KLD-2212-95KSA-F,757,RELIABLE,19000,0.2182,12000.0,1,0
GT-TNC-2304-G44NX-G,722,RELIABLE,21500,0.2272,22600.0,1,0
GT-GJD-2310-CJWC2-C,699,RELIABLE,17000,0.2344,19800.0,1,1
GT-TGF-2210-ZYDRJ-4,857,STRONG,61500,0.1713,73700.0,1,0
GT-WBR-2305-AE28Q-L,784,RELIABLE,36000,0.2125,41500.0,1,0
GT-KLF-2303-BF31P-U,691,RELIABLE,30000,0.2371,28700.0,1,0
GT-TNR-2309-EVQ8T-N,733,RELIABLE,32000,0.2242,0.0,0,0
GT-RJF-2209-NC746-S,863,STRONG,48500,0.1707,49900.0,1,0
GT-DLF-2309-ZXSDT-1,832,STRONG,59000,0.1746,58300.0,1,0
GT-TND-2304-JA6SA-4,778,RELIABLE,35000,0.2136,35900.0,1,1
GT-KAR-2308-J97X3-U,520,EMERGING,11500,0.3,0.0,0,0
GT-TNR-2311-JA0QW-W,784,RELIABLE,28000,0.2125,24100.0,1,0
GT-WBD-2304-MEATT-4,705,RELIABLE,21500,0.2324,17800.0,1,1
GT-GJW-2210-WHZ08-L,600,EMERGING,19500,0.3,20100.0,1,0
GT-TGD-2305-8MMRA-X,823,STRONG,61500,0.1758,61900.0,1,0
GT-TNW-2303-FYFYM-U,875,STRONG,46500,0.1693,50400.0,1,0
GT-DLD-2404-FAKA0-5,600,EMERGING,9500,0.3,0.0,0,0
GT-KLW-2306-NDXJB-9,669,RELIABLE,22000,0.2454,0.0,0,0
GT-TND-2301-DQRQE-R,520,EMERGING,17500,0.3,0.0,0,0
GT-TNR-2112-ZAXXF-Y,872,STRONG,62500,0.1697,54700.0,1,0
GT-KLD-2311-0DT8J-8,630,EMERGING,9500,0.3,9700.0,1,1
GT-GJF-2211-1968Q-E,789,RELIABLE,37000,0.2115,32700.0,1,0
GT-RJD-2204-WHQQ2-V,648,EMERGING,14000,0.2943,11600.0,1,1
GT-TNW-2202-2PQHM-P,600,EMERGING,11000,0.3,0.0,0,0
GT-TGR-2310-B8ANP-S,720,RELIABLE,24000,0.2278,0.0,0,0
GT-UPH-2105-J5NH4-P,721,RELIABLE,22500,0.2275,24900.0,1,0
GT-KLF-2210-7JNFR-D,718,RELIABLE,31000,0.2284,24200.0,1,0
GT-UPF-2105-T4YZK-7,790,RELIABLE,30500,0.2113,27100.0,1,1
GT-TGW-2401-41GE4-C,659,RELIABLE,15500,0.2495,0.0,0,0
GT-WBD-2208-GP53K-L,645,EMERGING,10000,0.2957,9400.0,1,0
GT-TNF-2305-08TC8-F,831,STRONG,54500,0.1747,62800.0,1,0
GT-TGR-2207-WD8NX-0,791,RELIABLE,31000,0.2112,32100.0,1,0
GT-TNW-2107-S46TF-X,806,STRONG,72500,0.1785,72800.0,1,0
GT-KAD-2308-PG7WW-3,630,EMERGING,9500,0.3,10800.0,1,1
GT-RJR-2111-P6YTK-O,755,RELIABLE,41000,0.2186,44000.0,1,0
GT-MHF-2402-G7AEA-3,788,RELIABLE,29500,0.2117,31000.0,1,0
GT-DLR-2201-4W419-K,690,RELIABLE,20000,0.2375,23700.0,1,1
GT-DLD-2211-PG2KP-T,772,RELIABLE,26000,0.2149,0.0,0,0
GT-DLR-2106-WE2HR-0,770,RELIABLE,27500,0.2153,30100.0,1,1
GT-TGC-2201-TF77B-G,886,STRONG,76000,0.1683,82000.0,1,0
GT-KLD-2204-1Z55S-I,868,STRONG,66000,0.1701,65300.0,1,0
GT-TNR-2301-MYWEP-1,620,EMERGING,7500,0.3,0.0,0,1
GT-UPH-2308-48HCR-J,972,PRIME,116500,0.1421,134000.0,1,0
GT-UPC-2312-X4YS1-B,680,RELIABLE,46000,0.2411,55000.0,1,1
GT-UPD-2212-VYWW5-D,600,EMERGING,22500,0.3,23400.0,1,0
GT-GJR-2112-JK7TK-F,862,STRONG,63500,0.1708,57200.0,1,0
GT-UPD-2203-C6AKW-B,674,RELIABLE,23500,0.2434,0.0,0,0
GT-UPC-2107-J6TPW-M,775,RELIABLE,22500,0.2142,24100.0,1,0
GT-GJR-2306-N8H6B-1,778,RELIABLE,37000,0.2136,37600.0,1,0
GT-WBR-2104-2CJHV-O,761,RELIABLE,35500,0.2173,30500.0,1,0
GT-KAD-2210-BCYGY-0,751,RELIABLE,25500,0.2196,25800.0,1,0
GT-WBR-2401-S2YZ1-U,867,STRONG,91000,0.1702,113100.0,1,0
GT-UPD-2308-9PTCA-6,771,RELIABLE,29000,0.2151,28500.0,1,1
GT-TNW-2307-N0DXT-Y,709,RELIABLE,20500,0.2311,14000.0,1,0
GT-DLR-2301-77AW1-B,818,STRONG,61000,0.1766,62600.0,1,0
GT-WBR-2101-SPDTV-Y,826,STRONG,43000,0.1754,45800.0,1,0
GT-MHC-2311-RRW44-C,816,STRONG,39000,0.1769,41600.0,1,0
GT-UPD-2208-TDSS7-6,702,RELIABLE,22000,0.2334,22500.0,1,0
GT-KLD-2310-MJ1J7-T,640,EMERGING,10500,0.298,0.0,0,1
GT-TGR-2312-8C766-I,734,RELIABLE,19000,0.2239,19100.0,1,0
GT-KAW-2309-ESA91-2,520,EMERGING,11000,0.3,0.0,0,1
GT-DLD-2205-6X55H-3,828,STRONG,41500,0.1751,49600.0,1,0
GT-KAW-2311-CYNYG-W,827,STRONG,53000,0.1752,52300.0,1,0
GT-TGR-2210-3SMCT-3,747,RELIABLE,30500,0.2205,33300.0,1,0
GT-TNR-2309-5ZWNK-S,826,STRONG,59000,0.1754,46300.0,1,0
GT-UPR-2401-5ZMHN-E,832,STRONG,62000,0.1746,61700.0,1,0
GT-RJD-2203-0W7FQ-B,600,EMERGING,12500,0.3,0.0,0,0
GT-TGD-2307-XNN4M-B,710,RELIABLE,22000,0.2308,23100.0,1,0
GT-KLW-2204-K8A4W-6,882,STRONG,53500,0.1687,60000.0,1,0
GT-TGR-2206-RVE7P-D,746,RELIABLE,20000,0.2208,18400.0,1,0
GT-MHR-2306-X0732-T,788,RELIABLE,34500,0.2117,33900.0,1,0
GT-KLH-2302-9STBK-3,703,RELIABLE,19000,0.2331,18200.0,1,0
GT-TND-2211-AM304-N,739,RELIABLE,25000,0.2226,0.0,0,1
GT-RJR-2112-JQDN7-J,639,EMERGING,9000,0.2985,0.0,0,1
GT-UPR-2211-YTWSG-H,600,EMERGING,16500,0.3,17000.0,1,0
GT-KLD-2203-PQEY2-L,711,RELIABLE,31000,0.2305,30100.0,1,0
GT-GJH-2402-YCWXM-F,928,PRIME,106500,0.1448,109300.0,1,0
GT-WBH-2404-GXRG6-I,642,EMERGING,9500,0.2971,11800.0,1,1
GT-DLD-2207-AB3Y3-I,678,RELIABLE,15500,0.2419,14500.0,1,0
GT-DLH-2109-2K670-B,820,STRONG,49500,0.1763,50200.0,1,0
GT-TND-2312-1JWYJ-Q,862,STRONG,58500,0.1708,64100.0,1,0
GT-TNH-2207-3AS4Q-D,747,RELIABLE,27500,0.2205,26000.0,1,1
GT-WBW-2209-3E22N-3,818,STRONG,41500,0.1766,48700.0,1,1
GT-RJD-2303-1YC9D-T,597,EMERGING,8000,0.3,7800.0,1,1
GT-KAF-2308-4M0D7-E,675,RELIABLE,18500,0.243,0.0,0,1
GT-GJW-2309-KK2JA-6,702,RELIABLE,28000,0.2334,29500.0,1,0
GT-UPD-2401-CJYXR-I,512,EMERGING,7000,0.3,0.0,0,1
GT-TGR-2204-SX4CJ-2,785,RELIABLE,30000,0.2122,34400.0,1,0
GT-DLF-2205-V1QC1-0,584,EMERGING,7500,0.3,0.0,0,1
GT-TGD-2202-XYJRS-F,600,EMERGING,9500,0.3,0.0,0,1
GT-RJD-2401-0WQSJ-9,720,RELIABLE,27000,0.2278,24800.0,1,0
GT-KLD-2104-Q08Q7-J,712,RELIABLE,26000,0.2302,27500.0,1,0
GT-GJW-2311-V6XCS-J,782,RELIABLE,33500,0.2128,34300.0,1,0
GT-TGR-2403-HGF32-R,724,RELIABLE,33000,0.2266,34700.0,1,0
GT-GJR-2108-3NJAE-C,793,RELIABLE,28500,0.2107,29700.0,1,0
GT-GJD-2112-CXA0H-P,806,STRONG,55000,0.1785,49700.0,1,0
GT-UPD-2207-WMWMW-B,818,STRONG,50500,0.1766,0.0,0,0
GT-MHF-2112-3Q782-3,749,RELIABLE,26000,0.22,29300.0,1,0
GT-KAD-2109-S1DX2-P,786,RELIABLE,56500,0.2121,0.0,0,1
GT-TNF-2106-DKA6Y-6,745,RELIABLE,24500,0.2211,26000.0,1,0
GT-DLR-2108-NPPSE-A,754,RELIABLE,30000,0.2188,30500.0,1,0
GT-GJF-2310-901JG-R,698,RELIABLE,22500,0.2347,21200.0,1,0
GT-WBR-2306-DAHG7-J,712,RELIABLE,24500,0.2302,22400.0,1,0
GT-KLC-2112-CC40P-Y,664,RELIABLE,18000,0.2474,0.0,0,1
GT-UPD-2307-FMBVX-5,789,RELIABLE,34500,0.2115,35800.0,1,0
GT-MHC-2101-Z79YC-L,722,RELIABLE,21500,0.2272,22100.0,1,0
GT-RJD-2301-RX6FR-S,697,RELIABLE,25500,0.235,19000.0,1,1
GT-UPD-2204-1BWTW-9,694,RELIABLE,25500,0.2361,19600.0,1,0
GT-TNR-2306-7AYDR-8,677,RELIABLE,20000,0.2422,0.0,0,1
GT-KAD-2306-AA25E-8,830,STRONG,49500,0.1748,45500.0,1,0
GT-UPR-2110-YHPW7-N,793,RELIABLE,41500,0.2107,39700.0,1,1
GT-MHW-2109-QZ08G-J,755,RELIABLE,25500,0.2186,23300.0,1,1
GT-DLW-2303-DETQM-H,839,STRONG,60500,0.1736,64300.0,1,0
GT-TGF-2108-W61V0-K,670,RELIABLE,23500,0.245,24000.0,1,0
GT-KAH-2205-XXKRW-K,637,EMERGING,11500,0.2995,12600.0,1,1
GT-TNR-2109-5PFWS-E,804,STRONG,55000,0.1788,67200.0,1,0
GT-DLD-2304-P1Y6B-K,744,RELIABLE,23000,0.2213,19800.0,1,0
GT-KAW-2106-5H7C6-T,768,RELIABLE,41000,0.2157,37200.0,1,0
GT-KLD-2106-0V6G5-L,724,RELIABLE,32000,0.2266,39500.0,1,0
GT-DLD-2111-W9T1B-G,852,STRONG,87500,0.1719,84000.0,1,0
GT-WBD-2101-D1HRR-X,520,EMERGING,27000,0.3,0.0,0,1
GT-RJD-2206-8MAA0-I,697,RELIABLE,20000,0.235,22400.0,1,1
GT-TGD-2212-G253Z-B,759,RELIABLE,33000,0.2177,25000.0,1,1
GT-DLD-2309-T8EC1-J,733,RELIABLE,25000,0.2242,27500.0,1,0
GT-UPF-2403-STABR-6,904,PRIME,98000,0.1466,109600.0,1,0
GT-GJW-2205-NT54W-W,753,RELIABLE,30500,0.2191,33800.0,1,1
GT-KAH-2206-00CH8-F,584,EMERGING,9000,0.3,9800.0,1,1
GT-RJD-2204-024K9-4,784,RELIABLE,24500,0.2125,23300.0,1,0
GT-MHD-2210-0YEC6-E,891,STRONG,65500,0.1678,59700.0,1,0
GT-UPF-2401-GF1D6-Y,886,STRONG,64000,0.1683,48300.0,1,0
GT-KAD-2303-40TC7-L,882,STRONG,63000,0.1687,46800.0,1,0
GT-KAR-2103-9312X-A,650,RELIABLE,13500,0.2534,16900.0,1,0
GT-MHF-2205-7W23E-E,843,STRONG,62500,0.1731,53200.0,1,0
GT-UPW-2207-AJGFJ-Y,600,EMERGING,9000,0.3,10800.0,1,0
GT-TGD-2206-E5FD2-B,729,RELIABLE,25000,0.2253,21900.0,1,0
GT-GJF-2312-PH5C2-2,659,RELIABLE,24500,0.2495,0.0,0,1
GT-DLF-2306-FT846-2,680,RELIABLE,30500,0.2411,29900.0,1,0
GT-MHC-2207-F4FRA-L,713,RELIABLE,21500,0.2299,21900.0,1,0
GT-UPD-2303-6DSWT-8,835,STRONG,44000,0.1741,48400.0,1,0
GT-RJW-2104-XTSRK-T,841,STRONG,50500,0.1733,50900.0,1,0
GT-RJW-2203-FGV1S-B,766,RELIABLE,38000,0.2161,35900.0,1,0
GT-KAD-2307-SR1GV-H,652,RELIABLE,22500,0.2526,20300.0,1,0
GT-KLF-2308-6H11Q-Z,702,RELIABLE,27000,0.2334,27100.0,1,0
GT-WBF-2201-ZXD8S-E,600,EMERGING,14500,0.3,0.0,0,1
GT-MHD-2304-0DZQS-2,805,STRONG,41000,0.1787,38100.0,1,0
GT-MHR-2111-HVTNG-F,845,STRONG,64500,0.1728,57200.0,1,0
GT-WBR-2211-5BHG6-4,841,STRONG,72500,0.1733,74400.0,1,0
GT-GJW-2312-X3BHM-X,712,RELIABLE,24000,0.2302,22400.0,1,1
GT-KAD-2206-66QNY-L,541,EMERGING,7000,0.3,6900.0,1,1
GT-TGR-2211-6B27C-M,600,EMERGING,7000,0.3,5200.0,1,1
GT-DLD-2203-HBVQ5-R,859,STRONG,71500,0.1711,68900.0,1,0
GT-KLF-2204-7Z0DT-4,727,RELIABLE,22500,0.2258,26600.0,1,1
GT-GJF-2105-YGMCR-8,714,RELIABLE,24000,0.2296,0.0,0,0
GT-TNR-2105-QBGJN-A,909,PRIME,92500,0.1462,84700.0,1,0
GT-TGR-2304-NS8DX-F,900,PRIME,90500,0.147,84500.0,1,0
GT-RJD-2310-DF9FA-V,737,RELIABLE,34500,0.2231,35700.0,1,0
GT-GJD-2304-WWC6T-K,728,RELIABLE,30500,0.2256,28100.0,1,1
GT-TNW-2310-NJKKP-Q,765,RELIABLE,24500,0.2164,29600.0,1,0
GT-RJD-2304-PH8F6-C,789,RELIABLE,43000,0.2115,0.0,0,1
GT-GJW-2302-NMJ1D-I,871,STRONG,74000,0.1698,80300.0,1,0
GT-KAF-2203-2BWBB-0,814,STRONG,40000,0.1772,45700.0,1,0
GT-GJC-2105-V9ZXA-C,841,STRONG,46000,0.1733,36300.0,1,0
GT-KLD-2211-A6X2S-C,881,STRONG,76000,0.1687,77200.0,1,0
GT-RJR-2111-XESN1-L,668,RELIABLE,16500,0.2458,15100.0,1,0
GT-KAD-2202-A47NB-X,823,STRONG,40000,0.1758,41900.0,1,0
GT-RJC-2212-9RBTD-3,600,EMERGING,16500,0.3,17000.0,1,0
GT-KLF-2312-CS4DB-T,581,EMERGING,5000,0.3,0.0,0,1
GT-MHF-2401-G506E-Q,612,EMERGING,8500,0.3,0.0,0,1
GT-GJW-2305-5W08F-Y,644,EMERGING,12000,0.2962,0.0,0,1
GT-UPD-2110-ENJCY-D,770,RELIABLE,29000,0.2153,32000.0,1,0
GT-KAF-2310-MZR3A-R,751,RELIABLE,37000,0.2196,34300.0,1,0
GT-RJW-2202-0X3EF-O,827,STRONG,52500,0.1752,55000.0,1,0
GT-TND-2112-ZE5WH-Q,847,STRONG,58500,0.1726,54500.0,1,0
GT-DLH-2203-CX116-N,643,EMERGING,11500,0.2966,11700.0,1,0
GT-DLC-2105-BBCK9-4,600,EMERGING,14000,0.3,11300.0,1,1
GT-WBH-2402-07PGQ-5,767,RELIABLE,30000,0.2159,27800.0,1,0
GT-UPW-2310-M5E1M-3,672,RELIABLE,27500,0.2442,25700.0,1,0
GT-RJD-2401-HCQB1-D,778,RELIABLE,36000,0.2136,39200.0,1,0
GT-DLF-2101-4KX6R-G,633,EMERGING,9000,0.3,8200.0,1,0
GT-RJD-2207-5DXW3-T,849,STRONG,68000,0.1723,68200.0,1,0
GT-RJW-2203-JVGHV-W,732,RELIABLE,19500,0.2244,23300.0,1,1
GT-KAD-2401-54R6X-9,890,STRONG,69500,0.1679,70000.0,1,0
GT-TNC-2403-7SPFR-N,784,RELIABLE,42500,0.2125,42300.0,1,0
GT-KAD-2312-C90B6-L,893,STRONG,100000,0.1676,106500.0,1,0
GT-KLD-2311-VVZ41-S,775,RELIABLE,39000,0.2142,42800.0,1,0
GT-TGD-2307-RE4PB-1,729,RELIABLE,27500,0.2253,28100.0,1,0
GT-DLF-2307-4JFSE-F,736,RELIABLE,26500,0.2233,34300.0,1,0
GT-RJD-2403-YBF6K-2,756,RELIABLE,34000,0.2184,31600.0,1,1
GT-GJD-2101-BTNJ4-E,822,STRONG,51000,0.176,49700.0,1,1
GT-KLD-2110-6MM56-Y,600,EMERGING,9000,0.3,0.0,0,0
GT-RJD-2302-71M6X-S,736,RELIABLE,37000,0.2233,35300.0,1,0
GT-KLH-2210-S0QG7-L,684,RELIABLE,17500,0.2397,16700.0,1,1
GT-DLR-2402-X1727-M,963,PRIME,142000,0.1426,190400.0,1,1
GT-DLD-2311-TMSH3-9,767,RELIABLE,29500,0.2159,34100.0,1,0
GT-KAD-2309-A2T19-8,903,PRIME,118500,0.1468,129800.0,1,0
GT-TND-2307-DJCK8-5,769,RELIABLE,31000,0.2155,25400.0,1,0
GT-WBR-2308-29EQG-I,740,RELIABLE,27000,0.2223,0.0,0,0
GT-WBD-2304-KXJNJ-W,704,RELIABLE,21500,0.2328,0.0,0,0
GT-GJD-2302-7Z631-Y,752,RELIABLE,26500,0.2193,26000.0,1,0
GT-UPD-2105-9HVQA-1,813,STRONG,40500,0.1774,44800.0,1,0
GT-RJD-2301-A0SFM-P,868,STRONG,54000,0.1701,41000.0,1,0
GT-WBW-2402-2YQ2J-L,600,EMERGING,15000,0.3,0.0,0,0
GT-DLD-2305-3PMM1-W,857,STRONG,49500,0.1713,53400.0,1,0
GT-TGF-2212-THRP1-5,815,STRONG,62500,0.1771,60900.0,1,0
GT-RJF-2210-RDENR-M,864,STRONG,49500,0.1705,43300.0,1,0
GT-RJC-2306-8224Q-7,732,RELIABLE,26500,0.2244,23900.0,1,0
GT-KLD-2203-NYWTT-2,913,PRIME,97000,0.1459,90500.0,1,1
GT-WBW-2312-1TVH1-3,733,RELIABLE,26500,0.2242,29000.0,1,0
GT-UPC-2311-T6K50-Z,673,RELIABLE,18500,0.2438,16500.0,1,1
GT-TGH-2301-KQX95-A,642,EMERGING,14500,0.2971,0.0,0,1
GT-KAW-2402-6Q3S9-5,941,PRIME,104000,0.1439,90600.0,1,0
GT-UPD-2103-9H6GC-O,813,STRONG,51500,0.1774,51100.0,1,0
GT-KAH-2310-SMKCP-0,740,RELIABLE,22500,0.2223,18400.0,1,0
GT-GJW-2112-HEY9W-Y,863,STRONG,71000,0.1707,78700.0,1,0
GT-KLD-2205-GY8ES-9,788,RELIABLE,44500,0.2117,42600.0,1,1
GT-KAD-2306-BDXFP-F,944,PRIME,152500,0.1437,135400.0,1,0
GT-UPH-2308-BYAWX-X,616,EMERGING,8000,0.3,9500.0,1,0
GT-RJD-2304-JFM21-K,773,RELIABLE,29000,0.2146,19800.0,1,0
GT-GJW-2109-K981G-D,695,RELIABLE,17000,0.2358,13700.0,1,0
GT-GJR-2206-CE6VM-T,618,EMERGING,10500,0.3,0.0,0,1
GT-KLW-2304-JMAEA-S,843,STRONG,45000,0.1731,45800.0,1,0
GT-UPD-2310-4KYPH-Q,785,RELIABLE,31500,0.2122,33000.0,1,1
GT-KAW-2111-WKPMW-I,821,STRONG,63000,0.1761,56900.0,1,0
GT-UPR-2105-W9FPZ-3,933,PRIME,91500,0.1444,88300.0,1,0
GT-UPC-2402-MGAVG-2,695,RELIABLE,20500,0.2358,17600.0,1,1
GT-DLD-2111-0JATT-9,758,RELIABLE,32000,0.2179,29300.0,1,0
GT-GJD-2308-GVC87-L,801,STRONG,47000,0.1794,45200.0,1,0
GT-RJD-2107-92XJF-M,830,STRONG,43000,0.1748,37900.0,1,0
GT-RJD-2102-22KRX-M,661,RELIABLE,25000,0.2487,0.0,0,0
GT-RJH-2206-F9MJJ-C,643,EMERGING,10000,0.2966,10300.0,1,0
GT-UPD-2105-CZBC7-2,845,STRONG,66500,0.1728,71700.0,1,0
GT-MHD-2301-E0AWA-0,600,EMERGING,18000,0.3,21600.0,1,0
GT-TGW-2301-5B761-X,561,EMERGING,9500,0.3,0.0,0,1
GT-DLD-2309-5DV35-T,583,EMERGING,8500,0.3,0.0,0,1
GT-KAD-2305-H4Q37-4,842,STRONG,62500,0.1732,70400.0,1,0
GT-DLF-2307-KQG38-A,826,STRONG,45000,0.1754,43800.0,1,0
GT-KLR-2110-MY9ZH-M,646,EMERGING,12500,0.2953,9600.0,1,0
GT-WBW-2309-Q0F1Z-S,724,RELIABLE,23500,0.2266,25700.0,1,1
GT-UPF-2211-Y2TTW-S,753,RELIABLE,17500,0.2191,15000.0,1,0
GT-WBD-2209-JBMMD-O,847,STRONG,63500,0.1726,63400.0,1,0
GT-TNF-2205-3J4GB-4,672,RELIABLE,21000,0.2442,20500.0,1,1
GT-TGC-2105-DHKDB-B,659,RELIABLE,17000,0.2495,16400.0,1,0
GT-KLR-2307-ESVGQ-T,769,RELIABLE,27500,0.2155,28700.0,1,0
GT-DLW-2103-4JVNY-7,756,RELIABLE,22000,0.2184,21500.0,1,1
GT-TNR-2107-GCR6H-V,796,RELIABLE,25500,0.2102,23500.0,1,0
GT-RJR-2306-PVMH5-P,520,EMERGING,12500,0.3,0.0,0,1
GT-TNW-2209-H1M4B-K,833,STRONG,54500,0.1744,39600.0,1,0
GT-KLD-2307-HTGPN-S,837,STRONG,41000,0.1738,37000.0,1,0
GT-KLR-2401-NBQD8-A,811,STRONG,78000,0.1777,76100.0,1,1
GT-KAD-2304-Y1337-K,768,RELIABLE,25000,0.2157,28500.0,1,0
GT-GJW-2402-6G1S5-C,705,RELIABLE,29000,0.2324,25600.0,1,0
GT-KAF-2207-YZZN9-1,715,RELIABLE,21000,0.2293,22400.0,1,1
GT-RJD-2204-HYNRQ-1,736,RELIABLE,20500,0.2233,18800.0,1,0
GT-MHD-2207-WHRNJ-4,884,STRONG,72500,0.1684,57800.0,1,0
GT-RJC-2207-AHCMT-G,723,RELIABLE,26000,0.2269,30300.0,1,0
GT-UPD-2302-Y1SFP-P,682,RELIABLE,18500,0.2404,19800.0,1,0
GT-WBD-2312-G5AYH-A,652,RELIABLE,28000,0.2526,27100.0,1,0
GT-DLD-2212-KNSJ2-Q,763,RELIABLE,35000,0.2168,39300.0,1,0
GT-DLR-2306-GM8WN-4,600,EMERGING,15500,0.3,14700.0,1,0
GT-TGD-2211-N2NW4-U,803,STRONG,47500,0.179,47700.0,1,0
GT-RJC-2303-JSQH8-8,829,STRONG,57000,0.175,49700.0,1,0
GT-RJF-2312-Q9PF6-H,783,RELIABLE,41000,0.2127,42800.0,1,0
GT-WBD-2201-M22QX-V,860,STRONG,64000,0.171,50900.0,1,0
GT-DLR-2208-RNP27-7,812,STRONG,44500,0.1775,35700.0,1,0
GT-WBD-2106-STKDS-A,660,RELIABLE,12500,0.2491,0.0,0,0
GT-RJD-2109-N1XBR-B,520,EMERGING,14500,0.3,0.0,0,1
GT-WBF-2201-3S38X-M,759,RELIABLE,31000,0.2177,34900.0,1,0
GT-RJD-2311-Z524D-E,707,RELIABLE,26000,0.2318,27700.0,1,0
GT-KAC-2301-4E054-A,687,RELIABLE,18500,0.2386,18100.0,1,1
GT-WBR-2401-8JPR3-4,702,RELIABLE,22500,0.2334,23100.0,1,0
GT-KAD-2112-C5H2A-U,729,RELIABLE,35000,0.2253,32600.0,1,0
GT-GJH-2103-G8EC5-7,703,RELIABLE,23000,0.2331,24600.0,1,0
GT-GJR-2305-FYKTC-X,757,RELIABLE,35500,0.2182,23600.0,1,0
GT-TND-2205-Y4D7E-F,911,PRIME,93500,0.1461,86000.0,1,1
GT-UPR-2106-THNEA-9,786,RELIABLE,25500,0.2121,0.0,0,0
GT-KLH-2112-9N619-G,941,PRIME,126500,0.1439,118100.0,1,0
GT-TGR-2211-JDKMQ-K,755,RELIABLE,43000,0.2186,45200.0,1,0
GT-TGR-2312-70T4A-H,745,RELIABLE,25500,0.2211,0.0,0,0
GT-MHR-2111-TPHE9-8,725,RELIABLE,30500,0.2264,28000.0,1,0
GT-KAD-2212-C0VRY-3,770,RELIABLE,39000,0.2153,31200.0,1,0
GT-TGD-2203-QFHP9-L,816,STRONG,33500,0.1769,29200.0,1,0
GT-TGR-2401-VGMPH-5,929,PRIME,102000,0.1447,95200.0,1,0
GT-UPC-2104-KTCT7-A,695,RELIABLE,29500,0.2358,28500.0,1,0
GT-RJW-2108-B0101-4,848,STRONG,47000,0.1725,31100.0,1,0
GT-MHD-2103-6FJYK-V,600,EMERGING,21000,0.3,17900.0,1,0
GT-MHR-2209-ZE2G1-8,613,EMERGING,11000,0.3,0.0,0,1
GT-WBD-2401-WJARK-1,826,STRONG,39500,0.1754,48600.0,1,0
GT-TND-2309-HQ0YA-U,874,STRONG,71000,0.1695,74600.0,1,1
GT-UPF-2101-QHXKP-B,664,RELIABLE,19500,0.2474,18100.0,1,1
GT-TND-2205-NXJ0A-A,600,EMERGING,17500,0.3,15500.0,1,0
GT-TGC-2106-MG476-5,639,EMERGING,11000,0.2985,0.0,0,1
GT-TGR-2211-6M5KP-1,659,RELIABLE,16500,0.2495,15400.0,1,1
GT-GJF-2105-KMR7P-T,832,STRONG,62500,0.1746,74600.0,1,0
GT-KAC-2310-PEVCS-R,666,RELIABLE,19000,0.2466,24400.0,1,0
GT-RJF-2202-RDHDA-P,520,EMERGING,15500,0.3,0.0,0,1
GT-TNC-2209-78G1P-4,784,RELIABLE,38000,0.2125,35900.0,1,0
GT-DLW-2111-HH23B-1,600,EMERGING,20000,0.3,20700.0,1,1
GT-GJR-2308-EX1QZ-S,721,RELIABLE,28500,0.2275,28000.0,1,0
GT-MHD-2112-QA74C-U,812,STRONG,47000,0.1775,36200.0,1,0
GT-WBD-2312-9P689-I,696,RELIABLE,19500,0.2354,16900.0,1,0
GT-KAC-2211-06F2B-K,675,RELIABLE,18500,0.243,20700.0,1,1
GT-DLD-2109-VC8XX-B,775,RELIABLE,33000,0.2142,33800.0,1,1
GT-UPH-2110-TYDJ9-O,778,RELIABLE,31000,0.2136,28600.0,1,1
GT-TND-2101-MV29T-6,847,STRONG,71500,0.1726,66900.0,1,0
GT-KLW-2212-NZPG0-V,737,RELIABLE,22000,0.2231,0.0,0,0
GT-TND-2309-89NNQ-W,808,STRONG,45000,0.1782,44700.0,1,0
GT-GJH-2206-V5N2M-3,712,RELIABLE,23500,0.2302,26800.0,1,1
GT-KAD-2110-WCQ4N-8,680,RELIABLE,40000,0.2411,35600.0,1,0
GT-KLR-2101-45M6G-L,671,RELIABLE,17000,0.2446,18900.0,1,0
GT-GJC-2104-4K69B-U,860,STRONG,71000,0.171,81700.0,1,0
GT-UPD-2103-FFDZ9-N,755,RELIABLE,22500,0.2186,20600.0,1,1
GT-TND-2108-SMV45-R,895,STRONG,62500,0.1674,59500.0,1,0
GT-DLC-2107-668CH-H,796,RELIABLE,30500,0.2102,29700.0,1,0
GT-TGW-2311-8YK1W-P,659,RELIABLE,16000,0.2495,17400.0,1,0
GT-DLD-2302-B429E-W,705,RELIABLE,29500,0.2324,27600.0,1,0
GT-KAF-2306-9SD7Y-X,807,STRONG,46500,0.1783,50300.0,1,0
GT-GJD-2306-RMBN8-U,856,STRONG,56000,0.1714,53100.0,1,0
GT-UPD-2111-3WFEK-O,772,RELIABLE,34500,0.2149,23200.0,1,0
GT-GJF-2310-FQQZQ-9,710,RELIABLE,21000,0.2308,21900.0,1,0
GT-WBD-2308-RM3N4-H,831,STRONG,46500,0.1747,57000.0,1,1
GT-WBR-2201-RNBH5-Y,764,RELIABLE,24500,0.2166,25800.0,1,0
GT-KLD-2201-1ERFT-L,672,RELIABLE,25000,0.2442,25600.0,1,1
GT-WBC-2104-Q3NYX-6,726,RELIABLE,32500,0.2261,42600.0,1,1
GT-UPR-2104-SVJZJ-3,784,RELIABLE,43000,0.2125,46900.0,1,0
GT-TGD-2105-CGSWB-E,880,STRONG,71500,0.1689,65600.0,1,0
GT-KAC-2112-X9DNH-T,874,STRONG,55500,0.1695,61300.0,1,1
GT-TNW-2208-77K1Q-B,600,EMERGING,19500,0.3,18800.0,1,0
GT-UPD-2110-KXTMZ-U,808,STRONG,57500,0.1782,56800.0,1,0
GT-GJH-2105-7M701-7,841,STRONG,66000,0.1733,69600.0,1,0
GT-GJD-2202-8QKRG-V,671,RELIABLE,25000,0.2446,0.0,0,1
GT-UPD-2402-GA3PB-E,737,RELIABLE,31000,0.2231,31800.0,1,0
GT-DLR-2107-FWAHH-L,704,RELIABLE,23000,0.2328,23800.0,1,1
GT-RJD-2206-KZF9F-D,669,RELIABLE,28500,0.2454,25700.0,1,1
GT-UPF-2111-PBHSD-V,826,STRONG,44500,0.1754,44800.0,1,1
GT-TNR-2207-C8H1V-3,754,RELIABLE,21000,0.2188,18500.0,1,0
GT-WBC-2402-VW2D6-D,600,EMERGING,21000,0.3,22500.0,1,0
GT-RJD-2209-K3BRR-7,778,RELIABLE,33000,0.2136,38400.0,1,0
GT-MHD-2402-EWTNK-N,752,RELIABLE,22000,0.2193,26800.0,1,0
GT-TNR-2312-D9GF7-3,785,RELIABLE,45500,0.2122,43000.0,1,0
GT-MHD-2401-RQN5S-H,731,RELIABLE,22000,0.2247,19500.0,1,1
GT-TNH-2308-PJDEX-0,808,STRONG,50500,0.1782,61800.0,1,0
GT-DLF-2107-0DA8F-N,682,RELIABLE,19500,0.2404,22800.0,1,0
GT-RJW-2209-32HR9-D,600,EMERGING,24000,0.3,0.0,0,0
GT-KLW-2111-SA7RW-9,833,STRONG,52500,0.1744,52800.0,1,0
GT-KLD-2111-ANJBG-4,684,RELIABLE,28500,0.2397,28300.0,1,0
GT-TND-2308-GG3M5-N,769,RELIABLE,27000,0.2155,24200.0,1,0
GT-KLR-2102-ABM1H-5,693,RELIABLE,16000,0.2364,16000.0,1,1
GT-KAW-2307-NASGQ-G,718,RELIABLE,22000,0.2284,0.0,0,0
GT-MHD-2210-84PTH-2,658,RELIABLE,22000,0.2499,0.0,0,0
GT-TND-2205-Q2SVM-X,890,STRONG,69000,0.1679,60800.0,1,0
GT-DLF-2303-0766E-7,836,STRONG,69500,0.174,69300.0,1,0
GT-KLD-2403-EXN1Q-0,802,STRONG,55500,0.1792,50700.0,1,0
GT-UPR-2103-JRW18-L,916,PRIME,85000,0.1457,87300.0,1,0
GT-UPD-2304-Q9Q2G-V,785,RELIABLE,30000,0.2122,23200.0,1,0
GT-RJR-2302-797Q9-U,952,PRIME,127000,0.1432,136200.0,1,0
GT-UPR-2304-WKN5S-8,738,RELIABLE,38000,0.2229,0.0,0,1
GT-WBC-2212-N8MWK-0,835,STRONG,41500,0.1741,36400.0,1,0
GT-KAW-2312-HVVQG-G,600,EMERGING,13000,0.3,0.0,0,0
GT-KAD-2111-SYDAJ-M,797,RELIABLE,33000,0.2101,37300.0,1,0
GT-KLW-2103-1XHQW-M,818,STRONG,65000,0.1766,63600.0,1,0
GT-WBW-2311-ZWPNS-R,760,RELIABLE,30500,0.2175,0.0,0,0
GT-KLF-2302-SW1ER-2,927,PRIME,101500,0.1448,78200.0,1,0
GT-KAC-2312-QSBAJ-Y,793,RELIABLE,30000,0.2107,34900.0,1,0
GT-GJW-2207-XZN91-P,731,RELIABLE,28000,0.2247,24200.0,1,0
GT-DLD-2306-8QNKA-2,697,RELIABLE,28500,0.235,27900.0,1,1
GT-TNR-2310-3KHM2-F,788,RELIABLE,35000,0.2117,38900.0,1,0
GT-GJR-2106-PQGV0-G,753,RELIABLE,27500,0.2191,29400.0,1,0
GT-TGR-2303-XKYC5-9,711,RELIABLE,20000,0.2305,22100.0,1,1
GT-MHH-2403-0X010-N,600,EMERGING,11500,0.3,0.0,0,0
GT-KLF-2302-PMGY6-B,947,PRIME,111500,0.1435,112800.0,1,0
GT-UPD-2108-DXHRN-B,680,RELIABLE,22500,0.2411,0.0,0,0
GT-TNH-2111-C4KQE-P,615,EMERGING,9500,0.3,8900.0,1,0
GT-GJF-2402-M7ZFH-X,720,RELIABLE,22000,0.2278,22000.0,1,0
GT-MHD-2108-3RJH4-Y,715,RELIABLE,22000,0.2293,0.0,0,1
GT-TGC-2211-5JK23-H,823,STRONG,48000,0.1758,35700.0,1,0
GT-TGR-2305-2C7XX-J,799,RELIABLE,31500,0.2097,28700.0,1,0
GT-TNR-2211-THDHD-S,774,RELIABLE,29000,0.2145,28900.0,1,0
GT-TGR-2111-MBD36-K,729,RELIABLE,22000,0.2253,0.0,0,0
GT-KLC-2110-N9NWT-9,783,RELIABLE,36000,0.2127,41200.0,1,0
GT-KAD-2102-0JFH8-Z,695,RELIABLE,27000,0.2358,35300.0,1,1
GT-WBD-2212-MMGXC-G,600,EMERGING,12500,0.3,14300.0,1,0
GT-KLF-2110-VFNRG-G,692,RELIABLE,21500,0.2368,22900.0,1,0
GT-RJC-2309-NDPSW-N,654,RELIABLE,19500,0.2517,16100.0,1,0
GT-RJD-2211-GNDAF-4,600,EMERGING,22000,0.3,18100.0,1,0
GT-TGD-2101-W082B-S,833,STRONG,58000,0.1744,61600.0,1,0
GT-WBH-2102-GZX01-Z,813,STRONG,53000,0.1774,52400.0,1,0
GT-WBW-2209-WQZMW-7,600,EMERGING,14000,0.3,12300.0,1,0
GT-RJR-2307-D5FV4-6,854,STRONG,78000,0.1717,88200.0,1,0
GT-KLR-2305-5J950-N,599,EMERGING,7000,0.3,0.0,0,1
GT-DLR-2203-70JGC-S,818,STRONG,69500,0.1766,85400.0,1,0
GT-MHF-2212-EBXKT-J,680,RELIABLE,35500,0.2411,31200.0,1,0
GT-DLR-2310-5516K-L,804,STRONG,48000,0.1788,44500.0,1,0
GT-DLW-2208-ENNVZ-J,809,STRONG,53000,0.178,50500.0,1,0
GT-TND-2302-Z00TS-U,733,RELIABLE,17000,0.2242,18600.0,1,0
GT-KLW-2201-8CJKA-4,600,EMERGING,9000,0.3,8000.0,1,0
GT-DLD-2104-SSGF7-P,675,RELIABLE,25500,0.243,21300.0,1,0
GT-TGC-2303-W98DM-I,771,RELIABLE,33500,0.2151,33900.0,1,0
GT-TND-2109-K661T-R,600,EMERGING,21000,0.3,0.0,0,0
GT-DLD-2402-N8BHH-6,678,RELIABLE,28000,0.2419,0.0,0,0
GT-MHD-2304-JCQ28-B,685,RELIABLE,22000,0.2393,24700.0,1,1
GT-KLD-2302-E2YDF-M,600,EMERGING,14500,0.3,0.0,0,1
GT-GJR-2109-B2ZD1-7,726,RELIABLE,24000,0.2261,24600.0,1,1
GT-MHF-2312-V6CK1-G,617,EMERGING,6000,0.3,0.0,0,0
GT-GJC-2303-3KGQ2-C,668,RELIABLE,20000,0.2458,19800.0,1,1
GT-GJR-2404-BVP40-B,638,EMERGING,11000,0.299,10200.0,1,0
GT-TNR-2104-6H1N5-1,797,RELIABLE,35500,0.2101,30300.0,1,0
GT-UPD-2103-A4FN9-G,655,RELIABLE,19500,0.2512,19500.0,1,1
GT-RJW-2304-HBJEM-X,718,RELIABLE,27000,0.2284,31200.0,1,1
GT-UPD-2305-Y67XV-U,824,STRONG,57000,0.1757,56200.0,1,0
GT-GJD-2301-ZFYBE-F,642,EMERGING,7500,0.2971,0.0,0,0
GT-TGD-2104-318YS-G,716,RELIABLE,18500,0.229,21100.0,1,0
GT-DLD-2307-GH7S1-1,849,STRONG,51500,0.1723,50600.0,1,1
GT-KAF-2304-EYTMA-K,706,RELIABLE,18500,0.2321,0.0,0,0
GT-KLD-2401-T8A8E-5,681,RELIABLE,21500,0.2407,21800.0,1,0
GT-RJD-2202-CXYPR-S,850,STRONG,41500,0.1722,45900.0,1,0
GT-DLW-2104-B5WD3-5,600,EMERGING,13000,0.3,15100.0,1,0
GT-RJD-2201-6GQYB-Q,877,STRONG,82000,0.1692,99200.0,1,0
GT-KAF-2209-24P6E-E,520,EMERGING,20500,0.3,20800.0,1,0
GT-DLR-2105-PW8VH-S,735,RELIABLE,26500,0.2236,21700.0,1,0
GT-MHC-2210-FR8W5-M,810,STRONG,48000,0.1779,48500.0,1,0
GT-TNF-2108-5082C-L,600,EMERGING,20500,0.3,16100.0,1,0
GT-TND-2203-5411N-F,800,STRONG,47000,0.1795,40200.0,1,0
GT-WBC-2210-TVW3W-O,704,RELIABLE,24000,0.2328,20500.0,1,0
GT-TGR-2311-8NCGQ-J,776,RELIABLE,28000,0.214,24400.0,1,0
GT-MHD-2306-YXEM7-1,772,RELIABLE,22500,0.2149,24800.0,1,0
GT-MHF-2207-H2WXG-Z,820,STRONG,63000,0.1763,65900.0,1,0
GT-RJF-2208-CZE3J-P,645,EMERGING,9500,0.2957,0.0,0,0
GT-WBD-2302-S7G1E-C,802,STRONG,68500,0.1792,77200.0,1,0
GT-KLR-2201-HS4ZA-R,763,RELIABLE,28000,0.2168,21700.0,1,0
GT-MHD-2110-K09S2-A,685,RELIABLE,16500,0.2393,17200.0,1,0
GT-TNF-2101-SMJBG-R,841,STRONG,79500,0.1733,78600.0,1,0
GT-MHH-2106-GDX3A-U,891,STRONG,62500,0.1678,67400.0,1,0
GT-KLR-2111-2BNXW-R,840,STRONG,36000,0.1735,43300.0,1,0
GT-MHH-2203-NF5M9-J,869,STRONG,50000,0.17,47400.0,1,0
GT-RJD-2110-DNSTT-5,769,RELIABLE,28500,0.2155,30400.0,1,0
GT-MHW-2311-Y5750-M,623,EMERGING,7000,0.3,6000.0,1,1
GT-UPC-2210-JBTN1-E,626,EMERGING,8500,0.3,0.0,0,1
GT-TGF-2212-2N958-P,600,EMERGING,12000,0.3,0.0,0,0
GT-KLD-2308-2RM8B-G,689,RELIABLE,29000,0.2379,34100.0,1,1
GT-KAD-2304-K71PK-X,706,RELIABLE,22000,0.2321,0.0,0,0
GT-TND-2305-NQ69X-N,737,RELIABLE,21500,0.2231,22700.0,1,0
GT-UPF-2212-2EE9Y-J,821,STRONG,32500,0.1761,32000.0,1,0
GT-KLH-2211-7BTX4-Z,642,EMERGING,9000,0.2971,7800.0,1,0
GT-WBR-2103-XSGX9-I,727,RELIABLE,32000,0.2258,26300.0,1,1
GT-KAD-2109-MV99E-F,885,STRONG,80500,0.1684,87000.0,1,0
GT-GJD-2310-VDNVK-D,692,RELIABLE,22000,0.2368,16100.0,1,0
GT-TGR-2205-R7AQH-8,821,STRONG,47000,0.1761,48100.0,1,0
GT-UPR-2302-YJV05-7,676,RELIABLE,21500,0.2427,21600.0,1,0
GT-WBD-2211-WS9TK-S,600,EMERGING,22500,0.3,21800.0,1,0
GT-RJW-2401-YHNB4-Q,820,STRONG,67000,0.1763,91700.0,1,0
GT-MHD-2302-4VSZJ-1,821,STRONG,47000,0.1761,41900.0,1,0
GT-GJF-2305-RZR8E-M,837,STRONG,50000,0.1738,56600.0,1,0
GT-UPR-2104-B3YDS-4,690,RELIABLE,21000,0.2375,22000.0,1,0
GT-TGD-2204-9N1Q6-C,836,STRONG,73000,0.174,66600.0,1,0
GT-TGF-2203-YCGME-1,639,EMERGING,10500,0.2985,0.0,0,0
GT-GJF-2309-AW28J-O,787,RELIABLE,29500,0.2119,35200.0,1,0
GT-TGR-2301-Z7SDQ-O,600,EMERGING,15000,0.3,18700.0,1,1
GT-TNW-2307-PMAQ2-4,680,RELIABLE,30500,0.2411,30400.0,1,0
GT-WBR-2112-5P0AJ-3,773,RELIABLE,25000,0.2146,27600.0,1,0
GT-RJD-2205-N2EZP-W,686,RELIABLE,26500,0.2389,0.0,0,1
GT-MHH-2210-CM5W0-8,646,EMERGING,11500,0.2953,0.0,0,1
GT-RJH-2311-3VHST-Y,824,STRONG,76000,0.1757,87200.0,1,0
GT-DLD-2211-3XB90-T,747,RELIABLE,26500,0.2205,21400.0,1,1
GT-KAH-2306-1AMMW-Z,886,STRONG,95500,0.1683,78800.0,1,0
GT-MHW-2109-GCJM3-0,768,RELIABLE,28000,0.2157,27800.0,1,0
GT-KAD-2312-0BVF1-M,627,EMERGING,8500,0.3,0.0,0,1
GT-KLR-2208-DVJ9R-L,806,STRONG,63500,0.1785,0.0,0,0
GT-DLD-2309-DHSY2-Q,690,RELIABLE,21500,0.2375,17500.0,1,0
GT-UPF-2107-EYBJF-8,764,RELIABLE,30000,0.2166,25400.0,1,0
GT-MHH-2402-QPG37-3,707,RELIABLE,21500,0.2318,23000.0,1,0
GT-WBR-2311-SJ7FN-6,928,PRIME,99000,0.1448,85000.0,1,0
GT-TGR-2308-3H03C-O,719,RELIABLE,22500,0.2281,17500.0,1,0
GT-GJD-2209-6WA5V-Y,664,RELIABLE,21000,0.2474,20500.0,1,0
GT-KLR-2112-CN4KC-F,776,RELIABLE,27000,0.214,25500.0,1,1
GT-GJW-2102-3NP7D-6,673,RELIABLE,19500,0.2438,21200.0,1,0
GT-UPD-2310-9KY4W-6,815,STRONG,49000,0.1771,56100.0,1,0
GT-DLR-2305-ZA98A-R,921,PRIME,97500,0.1453,89800.0,1,0
GT-MHR-2104-SMR3T-X,699,RELIABLE,17000,0.2344,16400.0,1,1
GT-KAW-2212-K51YG-H,840,STRONG,58500,0.1735,60100.0,1,0
GT-TNF-2308-5GMFA-1,558,EMERGING,6000,0.3,0.0,0,1
GT-WBF-2403-2WPTN-6,680,RELIABLE,24000,0.2411,23200.0,1,1
GT-KAR-2108-2CJ60-0,667,RELIABLE,21000,0.2462,19500.0,1,1
GT-DLF-2311-X13T5-J,662,RELIABLE,20500,0.2482,20000.0,1,0
GT-GJF-2211-ZRXMD-T,829,STRONG,49500,0.175,48700.0,1,0
GT-RJF-2107-GJY28-I,600,EMERGING,13000,0.3,13400.0,1,0
GT-KLR-2404-C19MR-R,680,RELIABLE,27000,0.2411,30900.0,1,0
GT-DLC-2309-CPPX9-E,758,RELIABLE,32500,0.2179,34200.0,1,0
GT-MHD-2210-1N3WC-D,616,EMERGING,12000,0.3,14300.0,1,1
GT-WBD-2311-3NPT3-L,713,RELIABLE,20500,0.2299,15200.0,1,1
GT-KLH-2110-31CF8-S,865,STRONG,70000,0.1704,53900.0,1,0
GT-TGD-2105-4H7RE-Z,592,EMERGING,9000,0.3,0.0,0,1
GT-KLC-2205-G0KSY-T,600,EMERGING,12000,0.3,0.0,0,0
GT-UPF-2104-GBYV8-L,707,RELIABLE,35500,0.2318,34200.0,1,1
GT-RJC-2306-WAR98-3,863,STRONG,65000,0.1707,73600.0,1,0
GT-KLR-2204-34JHQ-U,799,RELIABLE,36000,0.2097,41100.0,1,0
GT-MHW-2212-HWGB9-O,703,RELIABLE,24000,0.2331,21600.0,1,1
GT-TGW-2110-QD2EH-V,849,STRONG,48500,0.1723,50200.0,1,0
GT-KAR-2108-2TBZ8-R,709,RELIABLE,27000,0.2311,26100.0,1,0
GT-KAR-2106-X67NA-5,830,STRONG,56500,0.1748,46700.0,1,0
GT-TGD-2212-J5T2K-J,614,EMERGING,10000,0.3,10800.0,1,0
GT-GJD-2310-6MEDY-S,842,STRONG,80000,0.1732,97700.0,1,0
GT-RJH-2301-2PZ9Q-W,520,EMERGING,16500,0.3,0.0,0,0
GT-MHD-2401-FSZ0Q-P,668,RELIABLE,23500,0.2458,24000.0,1,0
GT-KAW-2206-5XP8A-7,757,RELIABLE,31000,0.2182,29200.0,1,0
GT-MHR-2210-D0E4S-7,787,RELIABLE,27000,0.2119,22900.0,1,1
GT-KLD-2212-FA3MR-4,668,RELIABLE,20500,0.2458,13600.0,1,1
GT-GJH-2112-DA684-W,790,RELIABLE,33500,0.2113,37200.0,1,0
GT-TGD-2205-T0EH5-E,732,RELIABLE,27500,0.2244,28500.0,1,1
GT-MHF-2203-9377Q-2,824,STRONG,71000,0.1757,74600.0,1,0
GT-TNR-2210-BW3QP-1,600,EMERGING,21000,0.3,22800.0,1,0
GT-MHD-2101-6MGMT-R,703,RELIABLE,22500,0.2331,26200.0,1,0
GT-KAD-2103-S4TBF-R,720,RELIABLE,26000,0.2278,28600.0,1,0
GT-TGF-2103-JEH12-1,752,RELIABLE,35500,0.2193,0.0,0,0
GT-WBD-2104-MKS8Y-A,809,STRONG,36000,0.178,36600.0,1,0
GT-TGW-2303-HQQ6W-Y,925,PRIME,93500,0.145,92000.0,1,0
GT-RJF-2208-823W9-8,838,STRONG,48500,0.1737,51900.0,1,1
GT-KLD-2103-4REX5-N,848,STRONG,76500,0.1725,85800.0,1,0
GT-MHD-2105-B7E0D-F,986,PRIME,162500,0.1414,137900.0,1,0
GT-DLD-2303-SQFEP-S,770,RELIABLE,30500,0.2153,27900.0,1,0
GT-WBW-2401-8TRQS-7,818,STRONG,52500,0.1766,53300.0,1,0
GT-TGR-2110-NV1WV-F,831,STRONG,47000,0.1747,41700.0,1,1
GT-TGD-2212-66AGW-A,717,RELIABLE,30000,0.2287,0.0,0,1
GT-UPR-2104-8QQS9-R,715,RELIABLE,15500,0.2293,0.0,0,0
GT-MHR-2307-FY7GM-D,722,RELIABLE,25500,0.2272,28400.0,1,0
GT-RJF-2206-SC2PC-Y,829,STRONG,55000,0.175,51800.0,1,0
GT-DLD-2205-72KED-0,765,RELIABLE,22500,0.2164,0.0,0,0
GT-TND-2103-0MDV1-Z,761,RELIABLE,28500,0.2173,26000.0,1,0
GT-DLR-2212-SGZQC-Y,830,STRONG,42000,0.1748,34600.0,1,0
GT-GJF-2210-Z5BE4-F,751,RELIABLE,48000,0.2196,42600.0,1,0
GT-GJF-2106-E7WE4-A,745,RELIABLE,25500,0.2211,27900.0,1,0
GT-GJD-2107-8M4XY-L,701,RELIABLE,25500,0.2337,21900.0,1,0
GT-TGD-2310-WGHS1-L,807,STRONG,53000,0.1783,44700.0,1,0
GT-TNF-2105-JSSXW-Y,861,STRONG,72000,0.1709,90200.0,1,0
GT-GJD-2212-XDQFF-T,660,RELIABLE,17500,0.2491,18700.0,1,1
GT-MHR-2106-X9XWF-M,765,RELIABLE,36000,0.2164,27600.0,1,0
GT-TNR-2306-EN4D3-J,773,RELIABLE,38000,0.2146,39200.0,1,1
GT-GJD-2212-NNR23-2,843,STRONG,58000,0.1731,60200.0,1,1
GT-GJR-2401-28ZRM-3,883,STRONG,73000,0.1686,69900.0,1,0
GT-DLD-2304-Y7Y5N-8,777,RELIABLE,61500,0.2139,61900.0,1,0
GT-TNR-2301-MY1JH-4,844,STRONG,41500,0.1729,45400.0,1,0
GT-TND-2403-RJBXJ-H,764,RELIABLE,27500,0.2166,27800.0,1,1
GT-RJR-2304-V5S8E-K,694,RELIABLE,17000,0.2361,17200.0,1,1
GT-WBR-2211-210NX-S,730,RELIABLE,28000,0.225,26800.0,1,0
GT-MHD-2106-QCNRX-Z,785,RELIABLE,34000,0.2122,32400.0,1,0
GT-MHF-2102-13SA9-9,600,EMERGING,25000,0.3,0.0,0,0
GT-KAW-2210-Z4G3Z-O,520,EMERGING,8000,0.3,0.0,0,1
GT-DLH-2303-QE1XS-7,713,RELIABLE,32000,0.2299,35500.0,1,0
GT-DLD-2111-46J9Z-3,765,RELIABLE,21000,0.2164,22800.0,1,0
GT-TGD-2304-ECRDE-S,729,RELIABLE,26500,0.2253,28700.0,1,0
GT-UPD-2111-RVR7Y-2,600,EMERGING,11500,0.3,10900.0,1,0
GT-RJC-2309-EA0YP-W,600,EMERGING,20500,0.3,0.0,0,0
GT-WBR-2312-R8QDX-X,699,RELIABLE,27000,0.2344,23900.0,1,0
GT-UPD-2103-ZYCQ1-Q,603,EMERGING,9500,0.3,11700.0,1,1
GT-GJW-2307-TKD8A-F,732,RELIABLE,30000,0.2244,22100.0,1,0
GT-TND-2309-ZCRE7-E,600,EMERGING,18500,0.3,18300.0,1,0
GT-GJR-2108-YCN7Q-2,881,STRONG,65000,0.1687,60100.0,1,0
GT-TNR-2302-2C3TA-U,824,STRONG,57500,0.1757,49100.0,1,0
GT-TNF-2201-S0J38-0,639,EMERGING,7500,0.2985,0.0,0,1
GT-KLW-2311-R29WN-Q,769,RELIABLE,25000,0.2155,27500.0,1,1
GT-KLD-2204-CWJBB-Z,795,RELIABLE,38500,0.2104,41700.0,1,0
GT-GJF-2102-QJJF6-Y,774,RELIABLE,30500,0.2145,25300.0,1,0
GT-WBR-2404-BXWYX-7,834,STRONG,67000,0.1743,54100.0,1,1
GT-GJD-2302-KV5XC-X,600,EMERGING,9000,0.3,0.0,0,1
GT-UPC-2401-KQY7B-I,761,RELIABLE,36500,0.2173,32100.0,1,0
GT-KAW-2110-HZDV5-Y,794,RELIABLE,36000,0.2106,31300.0,1,0
GT-TNC-2304-DGG3G-5,793,RELIABLE,35500,0.2107,39400.0,1,1
GT-MHW-2110-HK9WN-3,688,RELIABLE,23000,0.2382,27900.0,1,0
GT-WBD-2204-B13MG-H,600,EMERGING,12000,0.3,0.0,0,0
GT-DLR-2311-HWZCB-L,540,EMERGING,7500,0.3,0.0,0,1
GT-TNR-2105-HJS7D-T,696,RELIABLE,22000,0.2354,19400.0,1,1
GT-RJD-2312-684SE-3,729,RELIABLE,20500,0.2253,22300.0,1,0
GT-DLR-2308-RZYJ0-9,692,RELIABLE,27500,0.2368,25700.0,1,1
GT-KLR-2111-05EQJ-H,768,RELIABLE,30500,0.2157,36200.0,1,0
GT-TGD-2304-FRN4W-R,712,RELIABLE,24500,0.2302,22800.0,1,0
GT-MHC-2103-3BF8X-F,556,EMERGING,9000,0.3,0.0,0,1
GT-MHD-2308-V7W26-G,837,STRONG,51000,0.1738,45300.0,1,0
GT-UPR-2210-03J30-G,709,RELIABLE,28000,0.2311,27500.0,1,0
GT-KLW-2402-VATD6-N,785,RELIABLE,38000,0.2122,45900.0,1,0
GT-RJF-2101-NJCNG-H,620,EMERGING,12500,0.3,0.0,0,1
GT-MHD-2207-ESMB8-3,751,RELIABLE,40500,0.2196,41900.0,1,1
GT-RJF-2110-DV37P-4,709,RELIABLE,23500,0.2311,0.0,0,0
GT-DLW-2107-K75VB-2,779,RELIABLE,30500,0.2134,0.0,0,0
GT-TGC-2311-9RQB4-D,785,RELIABLE,24000,0.2122,23900.0,1,0
GT-KAD-2311-Z9DRV-Q,712,RELIABLE,26500,0.2302,0.0,0,0
GT-DLD-2106-KPRCJ-X,653,RELIABLE,18500,0.2521,15800.0,1,1
GT-TNF-2209-RBP2Q-7,666,RELIABLE,25500,0.2466,21700.0,1,1
GT-KLD-2307-4XQ8R-2,600,EMERGING,12500,0.3,14100.0,1,0
GT-DLW-2301-HRGDH-D,600,EMERGING,14000,0.3,0.0,0,0
GT-DLF-2310-ZANX3-2,670,RELIABLE,21500,0.245,17500.0,1,0
GT-DLW-2212-SMF9V-6,750,RELIABLE,32500,0.2198,39500.0,1,0
GT-DLH-2302-4EHY3-Z,753,RELIABLE,26000,0.2191,28200.0,1,0
GT-WBF-2312-JA25A-J,692,RELIABLE,23000,0.2368,25900.0,1,0
GT-DLC-2404-SD295-4,733,RELIABLE,30000,0.2242,26400.0,1,1
GT-DLF-2304-KXVSY-5,737,RELIABLE,26500,0.2231,28200.0,1,0
GT-WBD-2109-NV9ZG-5,828,STRONG,55500,0.1751,54100.0,1,0
GT-UPW-2112-GGW49-S,918,PRIME,93500,0.1455,94100.0,1,0
GT-MHF-2112-4J76B-S,695,RELIABLE,20500,0.2358,22900.0,1,1
GT-TNH-2201-GBX6Y-0,731,RELIABLE,28500,0.2247,28100.0,1,0
GT-WBD-2107-H5WCT-V,773,RELIABLE,30500,0.2146,22500.0,1,0
GT-KLD-2101-JCWMD-3,749,RELIABLE,23500,0.22,25000.0,1,0
GT-KLW-2111-V60ZA-M,703,RELIABLE,22000,0.2331,22600.0,1,1
GT-RJD-2210-MAC7K-Z,692,RELIABLE,22500,0.2368,23600.0,1,0
GT-WBF-2111-VFGE0-C,726,RELIABLE,29000,0.2261,29100.0,1,1
GT-KAR-2301-WQVP1-T,682,RELIABLE,21000,0.2404,22600.0,1,0
GT-KLD-2212-RPJD4-N,653,RELIABLE,13500,0.2521,14500.0,1,1
GT-GJD-2211-F2BR8-3,713,RELIABLE,30000,0.2299,26600.0,1,1
GT-KLW-2301-XZA1X-S,673,RELIABLE,27000,0.2438,23400.0,1,1
GT-KLD-2111-WX5E3-1,806,STRONG,57000,0.1785,57200.0,1,0
GT-UPW-2304-K4RB3-8,777,RELIABLE,35000,0.2139,37300.0,1,0
GT-TGW-2108-56EHE-I,709,RELIABLE,18500,0.2311,19700.0,1,1
GT-GJF-2302-BGRRC-Q,725,RELIABLE,24500,0.2264,27300.0,1,0
GT-GJR-2205-0JZZY-Y,612,EMERGING,7500,0.3,7700.0,1,0
GT-RJD-2208-975FK-T,691,RELIABLE,22500,0.2371,19100.0,1,0
GT-DLW-2312-1QXWP-8,806,STRONG,57500,0.1785,46900.0,1,0
GT-WBD-2309-RK55D-E,806,STRONG,56000,0.1785,60500.0,1,0
GT-WBD-2311-AP933-S,680,RELIABLE,19000,0.2411,0.0,0,1
GT-DLH-2111-KJJEW-Q,830,STRONG,54500,0.1748,52200.0,1,0
GT-TGD-2210-W7AP0-E,600,EMERGING,11000,0.3,10300.0,1,1
GT-KLD-2108-5MTMV-K,600,EMERGING,10500,0.3,0.0,0,1
GT-KAH-2312-JDGM7-P,805,STRONG,39000,0.1787,48600.0,1,0
GT-WBD-2305-CYYDF-0,895,STRONG,74000,0.1674,72300.0,1,0
GT-GJD-2105-5VKCW-C,680,RELIABLE,36500,0.2411,35600.0,1,0
GT-KLR-2301-M5EY9-L,600,EMERGING,13500,0.3,14000.0,1,1
GT-DLW-2211-MG620-5,563,EMERGING,6500,0.3,0.0,0,0
GT-TNC-2309-8KVCC-A,547,EMERGING,9000,0.3,0.0,0,1
GT-KAW-2207-GFKG7-A,731,RELIABLE,28000,0.2247,0.0,0,0
GT-TNH-2112-D0G1E-O,725,RELIABLE,20500,0.2264,19800.0,1,0
GT-KLD-2307-9HXR0-U,641,EMERGING,10000,0.2975,10300.0,1,0
GT-UPF-2211-R5KPG-M,732,RELIABLE,37000,0.2244,38500.0,1,1
GT-TGD-2107-F3FWJ-T,803,STRONG,37000,0.179,40700.0,1,0
GT-GJC-2306-29NGS-0,833,STRONG,50000,0.1744,38500.0,1,0
GT-KLH-2306-QDNW1-9,600,EMERGING,14000,0.3,0.0,0,0
GT-TGD-2110-CJHZ7-6,911,PRIME,65500,0.1461,49500.0,1,0
GT-DLW-2403-0DEYE-B,600,EMERGING,11500,0.3,9800.0,1,0
GT-RJF-2401-S6727-U,739,RELIABLE,25000,0.2226,22500.0,1,0
GT-RJD-2305-R16DC-H,808,STRONG,44500,0.1782,38000.0,1,0
GT-WBF-2103-4CK9W-1,689,RELIABLE,22000,0.2379,17300.0,1,0
GT-KAH-2107-MF1Z4-3,942,PRIME,119500,0.1438,131100.0,1,0
GT-KAD-2307-BFE2V-G,762,RELIABLE,32500,0.217,37600.0,1,1
GT-MHD-2112-EE7K3-H,772,RELIABLE,31000,0.2149,0.0,0,0
GT-GJH-2201-730M8-7,835,STRONG,41000,0.1741,39500.0,1,0
GT-MHR-2308-6WBP4-G,923,PRIME,87500,0.1451,81900.0,1,0
GT-KAR-2201-B6RKM-R,849,STRONG,58000,0.1723,55000.0,1,0
GT-GJF-2202-A5TSF-T,675,RELIABLE,21500,0.243,0.0,0,0
GT-TGF-2302-V7MDW-7,855,STRONG,64000,0.1716,74100.0,1,0
GT-WBD-2309-QQ8QA-P,749,RELIABLE,25000,0.22,0.0,0,0
GT-MHD-2207-AJFY4-K,833,STRONG,47000,0.1744,46100.0,1,0
GT-DLW-2205-V4TRX-2,644,EMERGING,9000,0.2962,10200.0,1,1
GT-DLR-2109-BHEY7-1,807,STRONG,39000,0.1783,37900.0,1,0
GT-GJF-2209-VK0XE-K,600,EMERGING,13000,0.3,11200.0,1,0
GT-KLC-2401-G5P2N-S,749,RELIABLE,28000,0.22,30300.0,1,1
GT-KLD-2206-HJP96-0,707,RELIABLE,20500,0.2318,0.0,0,0
GT-MHC-2105-NYMGD-3,890,STRONG,68000,0.1679,65300.0,1,0
GT-GJW-2208-83NRZ-K,933,PRIME,99500,0.1444,112500.0,1,0
GT-UPH-2106-HP7H7-0,737,RELIABLE,23500,0.2231,0.0,0,0
GT-KAD-2310-Y77EW-I,756,RELIABLE,26500,0.2184,19200.0,1,1
GT-GJD-2306-A716S-4,724,RELIABLE,27500,0.2266,31400.0,1,0
GT-TGF-2109-SX3KX-C,859,STRONG,59500,0.1711,52800.0,1,0
GT-MHC-2206-KN3XJ-R,712,RELIABLE,20500,0.2302,20000.0,1,0
GT-UPH-2205-A1KNA-Z,744,RELIABLE,33000,0.2213,39800.0,1,1
GT-KLR-2403-K9CKJ-F,810,STRONG,52500,0.1779,50000.0,1,0
GT-WBR-2103-58C7S-I,714,RELIABLE,27500,0.2296,26600.0,1,0
GT-DLD-2403-68SGY-7,737,RELIABLE,27500,0.2231,25200.0,1,0
GT-TGF-2210-BNS2F-V,630,EMERGING,9000,0.3,9700.0,1,1
GT-WBW-2306-PRWT6-2,828,STRONG,57000,0.1751,56400.0,1,0
GT-KLW-2112-NEZ5C-K,910,PRIME,87000,0.1462,55900.0,1,0
GT-UPR-2208-VPP9T-S,680,RELIABLE,48500,0.2411,48600.0,1,0
GT-GJH-2208-3ZVT2-Q,833,STRONG,59500,0.1744,60600.0,1,0
GT-UPD-2108-J8YH0-9,677,RELIABLE,26000,0.2422,0.0,0,0
GT-GJR-2109-DBFS8-6,794,RELIABLE,48500,0.2106,54600.0,1,1
GT-TNR-2309-H7V9V-Q,691,RELIABLE,27500,0.2371,36000.0,1,0
GT-MHR-2101-NPT8A-1,600,EMERGING,15500,0.3,14300.0,1,0
GT-RJW-2311-XX8X8-C,814,STRONG,66500,0.1772,78600.0,1,1
GT-WBF-2106-4C9XP-B,746,RELIABLE,28500,0.2208,23400.0,1,0
GT-KLD-2103-0N3FV-M,666,RELIABLE,17000,0.2466,0.0,0,0
GT-GJD-2108-AS7ND-L,618,EMERGING,11000,0.3,0.0,0,1
GT-TGR-2109-4P3FF-R,690,RELIABLE,24500,0.2375,0.0,0,1
GT-GJF-2402-TEA1X-8,836,STRONG,58500,0.174,54400.0,1,0
GT-GJR-2401-8TDZE-O,919,PRIME,91500,0.1454,95000.0,1,0
GT-KLR-2203-2ZEMN-E,865,STRONG,52000,0.1704,40800.0,1,0
GT-TND-2402-RBJNW-T,608,EMERGING,8000,0.3,0.0,0,1
GT-TNW-2302-AZ85W-R,890,STRONG,60500,0.1679,57300.0,1,0
GT-TNR-2307-9N877-I,807,STRONG,51000,0.1783,56800.0,1,0
GT-MHR-2209-QPZ12-X,625,EMERGING,10500,0.3,0.0,0,0
GT-TGR-2102-SJKGR-2,600,EMERGING,10000,0.3,0.0,0,0
GT-TGD-2403-5BX3Q-K,826,STRONG,53000,0.1754,55400.0,1,0
GT-MHD-2211-J76J4-E,769,RELIABLE,31500,0.2155,29300.0,1,0
GT-RJD-2105-HJ0Q7-V,520,EMERGING,10500,0.3,0.0,0,0
GT-GJF-2112-HMG0T-N,808,STRONG,66000,0.1782,64800.0,1,1
GT-DLD-2104-JK5Q7-Q,536,EMERGING,9500,0.3,0.0,0,1
GT-MHD-2105-BAQ26-Z,717,RELIABLE,31500,0.2287,33300.0,1,0
GT-GJH-2304-PVBJ5-X,858,STRONG,57500,0.1712,57900.0,1,0
GT-KAR-2304-E7R1G-C,600,EMERGING,14000,0.3,0.0,0,1
GT-MHR-2310-FJSA3-Z,753,RELIABLE,32500,0.2191,25400.0,1,0
GT-TGR-2308-MKBMK-W,600,EMERGING,32500,0.3,34500.0,1,0
GT-KLD-2308-BMD4Z-D,894,STRONG,83000,0.1675,76200.0,1,0
GT-KAD-2304-JRXYQ-1,520,EMERGING,25500,0.3,0.0,0,0
GT-WBC-2203-QD6DJ-8,862,STRONG,60500,0.1708,54500.0,1,0
GT-WBR-2212-PNBBC-R,872,STRONG,70000,0.1697,59100.0,1,0
GT-DLF-2101-HNKMT-T,831,STRONG,53500,0.1747,57000.0,1,0
GT-WBH-2211-JP9WC-V,729,RELIABLE,27000,0.2253,27600.0,1,0
GT-GJD-2107-HJSY5-F,793,RELIABLE,28500,0.2107,27000.0,1,0
GT-MHF-2204-0T0ZN-L,737,RELIABLE,45000,0.2231,42800.0,1,0
GT-KLD-2212-6KHEN-0,647,EMERGING,9000,0.2948,0.0,0,0
GT-DLR-2112-VXB15-S,679,RELIABLE,24500,0.2415,27900.0,1,1
GT-TNC-2310-JW258-K,520,EMERGING,13000,0.3,0.0,0,1
GT-KAD-2105-K9VA9-9,715,RELIABLE,33000,0.2293,37400.0,1,0
GT-WBH-2112-VS4Z4-R,855,STRONG,51000,0.1716,51300.0,1,0
GT-WBF-2303-15F0Y-S,729,RELIABLE,22500,0.2253,18800.0,1,0
GT-MHR-2108-Z4SQ4-N,814,STRONG,56000,0.1772,54400.0,1,0
GT-DLD-2309-4VCW7-J,861,STRONG,63000,0.1709,65100.0,1,0
GT-UPF-2209-57DWT-4,743,RELIABLE,37500,0.2215,34800.0,1,1
GT-UPR-2204-H2AGF-T,844,STRONG,55000,0.1729,45600.0,1,0
GT-TND-2109-DEGET-1,744,RELIABLE,29500,0.2213,35200.0,1,0
GT-GJR-2310-5G0HV-G,842,STRONG,57500,0.1732,53500.0,1,0
GT-UPD-2209-SAYGQ-7,810,STRONG,41000,0.1779,54600.0,1,0
GT-TNH-2108-WJCDB-0,658,RELIABLE,20000,0.2499,0.0,0,0
GT-MHD-2105-WTP6C-V,761,RELIABLE,28500,0.2173,28400.0,1,0
GT-KAR-2207-5WZBF-F,864,STRONG,53000,0.1705,64700.0,1,0
GT-KLW-2402-45M0X-J,771,RELIABLE,37500,0.2151,31600.0,1,1
GT-TNF-2206-9TQG7-G,600,EMERGING,15500,0.3,15900.0,1,0
GT-RJC-2403-019AH-P,817,STRONG,57500,0.1767,45200.0,1,0
GT-TNH-2310-84N8D-A,520,EMERGING,12500,0.3,0.0,0,1
GT-UPD-2305-VD06P-A,826,STRONG,53000,0.1754,58800.0,1,0
GT-TNR-2105-PR7PV-S,520,EMERGING,8500,0.3,0.0,0,1
GT-GJF-2202-DGXV3-P,651,RELIABLE,28500,0.253,29100.0,1,1
GT-KLD-2306-21ZG3-Q,830,STRONG,56000,0.1748,62100.0,1,0
GT-UPF-2303-9XBP3-3,741,RELIABLE,20000,0.2221,19200.0,1,0
GT-MHD-2308-T6P9Y-7,745,RELIABLE,32500,0.2211,0.0,0,0
GT-WBC-2104-RX3XT-O,800,STRONG,49000,0.1795,51000.0,1,0
GT-DLF-2111-G05YP-7,714,RELIABLE,21000,0.2296,21100.0,1,1
GT-DLR-2111-ZE458-8,739,RELIABLE,26000,0.2226,24400.0,1,0
GT-RJR-2208-XKB2P-G,831,STRONG,59000,0.1747,53800.0,1,0
GT-KLH-2103-HDYYT-O,724,RELIABLE,30000,0.2266,26500.0,1,1
GT-KLW-2102-PCB2X-T,746,RELIABLE,32500,0.2208,32800.0,1,0
GT-RJW-2102-MNHEQ-B,720,RELIABLE,27500,0.2278,24900.0,1,0
GT-TGW-2311-X9TWX-K,616,EMERGING,10000,0.3,9800.0,1,1
GT-WBD-2209-PTVS9-E,699,RELIABLE,22500,0.2344,29000.0,1,1
GT-WBD-2301-V8MTN-I,873,STRONG,51500,0.1696,50300.0,1,0
GT-UPD-2208-4PE4Y-7,766,RELIABLE,31000,0.2161,26900.0,1,0
GT-KAF-2311-PS874-2,663,RELIABLE,22000,0.2478,29400.0,1,0
GT-RJF-2401-0PTN1-E,619,EMERGING,12500,0.3,0.0,0,0
GT-RJD-2207-FVKAR-Q,740,RELIABLE,27500,0.2223,26900.0,1,0
GT-KLH-2104-554QY-6,884,STRONG,61000,0.1684,79200.0,1,0
GT-WBD-2205-4QY74-H,520,EMERGING,22500,0.3,0.0,0,0
GT-TGW-2203-F9XRE-M,873,STRONG,62500,0.1696,73500.0,1,0
GT-TGR-2403-8EGFC-D,762,RELIABLE,33500,0.217,36300.0,1,0
GT-GJR-2207-ZVDHF-F,788,RELIABLE,28000,0.2117,31100.0,1,0
GT-TND-2305-ZDXH5-6,638,EMERGING,9000,0.299,0.0,0,1
GT-UPW-2203-AK7KE-P,831,STRONG,61500,0.1747,53600.0,1,0
GT-TGW-2202-2FFAP-2,718,RELIABLE,18000,0.2284,16500.0,1,1
GT-DLD-2111-0VKZP-E,851,STRONG,56000,0.172,54100.0,1,0
GT-UPR-2310-682T4-Z,600,EMERGING,13500,0.3,0.0,0,0
GT-TNF-2312-NT7M3-T,786,RELIABLE,41500,0.2121,46900.0,1,0
GT-KAR-2305-592ZT-H,600,EMERGING,21500,0.3,22200.0,1,0
GT-WBF-2207-51DWM-H,822,STRONG,58500,0.176,58100.0,1,0
GT-WBR-2202-WPK44-H,799,RELIABLE,38500,0.2097,33800.0,1,0
GT-DLC-2301-5NA7G-9,750,RELIABLE,29500,0.2198,35400.0,1,0
GT-KAF-2303-V0S3S-4,655,RELIABLE,18500,0.2512,16000.0,1,0
GT-TGD-2103-6TRWR-K,874,STRONG,57000,0.1695,58400.0,1,0
GT-UPW-2110-37SHK-1,881,STRONG,86000,0.1687,85000.0,1,0
GT-RJD-2107-4A1BD-T,664,RELIABLE,19000,0.2474,0.0,0,0
GT-DLH-2103-KR671-7,600,EMERGING,18000,0.3,17900.0,1,1
GT-TGF-2110-VNKHN-B,655,RELIABLE,14500,0.2512,12900.0,1,0
GT-KLD-2308-VZT4A-D,710,RELIABLE,26500,0.2308,24000.0,1,0
GT-TNW-2211-DDKSR-5,817,STRONG,41000,0.1767,37000.0,1,1
GT-TGD-2402-F1G5R-6,647,EMERGING,9000,0.2948,8900.0,1,1
GT-GJC-2211-TPCVF-4,844,STRONG,64000,0.1729,71800.0,1,0
GT-TGH-2302-N4XAR-F,520,EMERGING,8500,0.3,0.0,0,0
GT-RJF-2310-4J5JY-Y,763,RELIABLE,31500,0.2168,26500.0,1,1
GT-TNR-2205-1JZ3Z-5,790,RELIABLE,32000,0.2113,28100.0,1,0
GT-TGF-2205-B55FM-T,812,STRONG,49000,0.1775,61000.0,1,0
GT-WBR-2211-HZKGH-Z,623,EMERGING,10000,0.3,7800.0,1,0
GT-UPD-2404-4FBNF-9,825,STRONG,45000,0.1755,44000.0,1,0
GT-TNC-2203-5VBED-D,761,RELIABLE,26500,0.2173,22400.0,1,1
GT-DLD-2202-KDHC4-S,670,RELIABLE,18000,0.245,19500.0,1,0
GT-TND-2307-7RZBT-0,725,RELIABLE,20000,0.2264,20000.0,1,0
GT-DLD-2105-4AVM2-R,899,STRONG,80000,0.1671,88000.0,1,0
GT-MHH-2308-311ST-T,902,PRIME,70000,0.1468,64800.0,1,0
GT-RJH-2112-84932-4,802,STRONG,34500,0.1792,31500.0,1,0
GT-TNR-2110-P4E0V-T,667,RELIABLE,15000,0.2462,15800.0,1,0
GT-DLD-2202-XCVKC-M,791,RELIABLE,38000,0.2112,45300.0,1,0
GT-RJW-2112-MB9Q0-6,807,STRONG,35000,0.1783,27800.0,1,0
GT-UPR-2311-RT1C9-F,755,RELIABLE,34500,0.2186,0.0,0,0
GT-DLH-2102-BSMJR-0,812,STRONG,68500,0.1775,58900.0,1,0
GT-TNC-2303-AC9ZQ-D,752,RELIABLE,35000,0.2193,37800.0,1,0
GT-RJW-2110-HE27D-N,740,RELIABLE,28500,0.2223,24800.0,1,1
GT-DLD-2304-V8QX4-4,682,RELIABLE,19000,0.2404,0.0,0,0
GT-RJF-2206-BJTXF-T,595,EMERGING,9000,0.3,0.0,0,1
GT-GJH-2210-SBTHQ-8,791,RELIABLE,29500,0.2112,22500.0,1,0
GT-GJR-2102-1ZMEC-4,802,STRONG,51000,0.1792,47300.0,1,0
GT-WBC-2401-X0NV3-N,766,RELIABLE,43000,0.2161,39600.0,1,0
GT-KAR-2107-DH4GS-A,633,EMERGING,9000,0.3,9000.0,1,1
GT-RJH-2203-V16B0-Y,829,STRONG,41500,0.175,41100.0,1,0
GT-WBF-2208-RCH20-R,933,PRIME,94500,0.1444,89800.0,1,0
GT-MHD-2104-1PQM1-V,787,RELIABLE,39000,0.2119,45700.0,1,0
GT-RJR-2303-XWHTM-B,733,RELIABLE,25500,0.2242,24600.0,1,0
GT-DLD-2403-FXACB-G,770,RELIABLE,33500,0.2153,27200.0,1,0
GT-TNR-2302-4BAF1-9,889,STRONG,76500,0.168,72500.0,1,0
GT-GJC-2401-PEYX9-O,645,EMERGING,16000,0.2957,17500.0,1,1
GT-DLD-2205-JA1JJ-O,753,RELIABLE,35000,0.2191,45200.0,1,0
GT-KAH-2302-379EK-P,677,RELIABLE,18500,0.2422,0.0,0,1
GT-TND-2206-9RAE8-H,749,RELIABLE,17000,0.22,19500.0,1,1
GT-GJF-2207-N93GP-1,600,EMERGING,18000,0.3,20100.0,1,0
GT-TGH-2101-VFHE0-3,880,STRONG,51000,0.1689,45200.0,1,0
GT-UPF-2111-XQ45V-C,919,PRIME,82000,0.1454,76800.0,1,0
GT-KAC-2301-R33FV-B,814,STRONG,44000,0.1772,40800.0,1,0
GT-DLH-2208-K6N1R-C,744,RELIABLE,26500,0.2213,29300.0,1,0
GT-DLF-2210-AM7R6-3,904,PRIME,91000,0.1466,86000.0,1,0
GT-KAW-2302-88NFM-1,753,RELIABLE,27500,0.2191,20400.0,1,0
GT-GJD-2201-8GF7K-S,690,RELIABLE,19500,0.2375,0.0,0,1
GT-DLR-2401-GNXX3-W,608,EMERGING,7000,0.3,7200.0,1,1
GT-TGD-2308-9T6SY-4,858,STRONG,68500,0.1712,66200.0,1,0
GT-KLW-2108-19SDF-U,600,EMERGING,21000,0.3,18000.0,1,0
GT-DLF-2309-CDH60-D,947,PRIME,118500,0.1435,103500.0,1,0
GT-MHF-2309-CBFBN-3,665,RELIABLE,16500,0.247,16100.0,1,0
GT-KLH-2203-ZAREG-E,863,STRONG,54000,0.1707,44400.0,1,0
GT-TND-2106-K4PDB-I,764,RELIABLE,42000,0.2166,45900.0,1,1
GT-DLH-2209-GJ3A7-8,798,RELIABLE,48500,0.2099,63700.0,1,0
GT-UPD-2310-644XK-C,647,EMERGING,11000,0.2948,13300.0,1,0
GT-MHR-2105-PSR3D-T,869,STRONG,51500,0.17,53700.0,1,0
GT-TNF-2112-1X98V-P,822,STRONG,45000,0.176,49300.0,1,1
GT-MHR-2212-WRK0H-P,756,RELIABLE,32000,0.2184,28400.0,1,1
GT-RJF-2208-0ATKV-2,845,STRONG,47500,0.1728,42100.0,1,0
GT-DLW-2309-RZSTP-Q,724,RELIABLE,20500,0.2266,20900.0,1,0
GT-WBW-2205-Q31QT-9,693,RELIABLE,17500,0.2364,0.0,0,0
GT-WBD-2111-N1CFC-R,733,RELIABLE,26500,0.2242,22500.0,1,0
GT-TGD-2305-ES91S-V,574,EMERGING,7000,0.3,0.0,0,1
GT-KAD-2209-ERPJ7-6,765,RELIABLE,22500,0.2164,21500.0,1,0
GT-DLR-2403-F94DJ-K,853,STRONG,72000,0.1718,64400.0,1,0
GT-RJD-2106-XN2MB-L,666,RELIABLE,24500,0.2466,0.0,0,0
GT-WBD-2105-G996R-G,779,RELIABLE,26000,0.2134,20700.0,1,0
GT-RJC-2212-BM3C4-J,757,RELIABLE,32500,0.2182,35900.0,1,1
GT-WBH-2211-QV7GB-X,738,RELIABLE,29500,0.2229,30700.0,1,0
GT-TNW-2307-A8DE6-B,721,RELIABLE,28000,0.2275,26600.0,1,0
GT-TND-2403-R9WFG-9,642,EMERGING,14000,0.2971,12200.0,1,1
GT-UPR-2208-5H14J-J,520,EMERGING,19000,0.3,0.0,0,0
GT-DLD-2203-H6D23-P,748,RELIABLE,30000,0.2203,25500.0,1,0
GT-WBR-2305-385QB-C,942,PRIME,112500,0.1438,122600.0,1,0
GT-KLR-2401-WGRYM-7,786,RELIABLE,38000,0.2121,38100.0,1,0
GT-RJH-2404-BVX4P-F,680,RELIABLE,22500,0.2411,0.0,0,0
GT-TNF-2104-5S83A-0,893,STRONG,87500,0.1676,89400.0,1,0
GT-DLD-2305-VF3HD-5,812,STRONG,60000,0.1775,58200.0,1,0
GT-GJF-2312-Q7PAS-Q,816,STRONG,42500,0.1769,37600.0,1,0
GT-GJH-2310-RSRET-T,845,STRONG,61000,0.1728,58400.0,1,0
GT-UPD-2206-8PE6F-2,703,RELIABLE,19000,0.2331,14500.0,1,1
GT-KAW-2208-JP0JT-L,745,RELIABLE,35500,0.2211,39300.0,1,1
GT-WBD-2109-46DKG-4,750,RELIABLE,22000,0.2198,24300.0,1,1
GT-KAD-2209-71FNQ-O,637,EMERGING,15000,0.2995,14900.0,1,1
GT-KLC-2205-QWZTZ-F,702,RELIABLE,24500,0.2334,23900.0,1,1
GT-RJD-2104-8WKHN-8,854,STRONG,63000,0.1717,54900.0,1,0
GT-UPW-2305-J4076-Q,600,EMERGING,16500,0.3,17500.0,1,0
GT-DLD-2212-5JFF0-O,704,RELIABLE,18500,0.2328,19300.0,1,1
GT-UPF-2112-TDZ55-M,585,EMERGING,8000,0.3,0.0,0,1
GT-TGF-2209-RHK51-2,680,RELIABLE,45500,0.2411,45500.0,1,0
GT-GJC-2302-Q822G-2,600,EMERGING,16500,0.3,15000.0,1,0
GT-DLW-2302-QCYYX-P,685,RELIABLE,21500,0.2393,21200.0,1,1
GT-TGF-2207-3BV02-4,694,RELIABLE,25000,0.2361,25000.0,1,1
GT-RJR-2103-PXV36-M,630,EMERGING,8500,0.3,8600.0,1,0
GT-MHD-2311-WMZ4T-L,901,PRIME,84000,0.1469,72900.0,1,0
GT-TNF-2310-Z2VDT-D,520,EMERGING,18500,0.3,0.0,0,0
GT-DLR-2302-P0EM3-E,870,STRONG,56500,0.1699,64200.0,1,0
GT-MHD-2305-GXQK9-C,774,RELIABLE,26000,0.2145,24900.0,1,0
GT-TNH-2304-ZXJQ2-8,829,STRONG,47500,0.175,43600.0,1,0
GT-GJD-2309-KNNAG-C,789,RELIABLE,32000,0.2115,26700.0,1,0
GT-KAD-2304-G1MCN-C,818,STRONG,53500,0.1766,55400.0,1,0
GT-DLC-2304-QS42K-2,794,RELIABLE,32000,0.2106,42500.0,1,0
GT-RJR-2204-GBWP9-V,793,RELIABLE,28500,0.2107,31100.0,1,0
GT-DLW-2208-48KSK-L,777,RELIABLE,32500,0.2139,27300.0,1,0
GT-TND-2201-273PD-D,796,RELIABLE,33000,0.2102,42300.0,1,1
GT-GJR-2101-AMTMH-4,897,STRONG,89000,0.1672,61900.0,1,0
GT-UPF-2206-4ARBH-N,671,RELIABLE,15500,0.2446,14600.0,1,1
GT-KLD-2403-KJ1TQ-I,781,RELIABLE,40500,0.213,38700.0,1,0
GT-MHF-2105-86BBF-B,780,RELIABLE,26500,0.2133,33500.0,1,0
GT-UPD-2202-NSCXN-4,600,EMERGING,15500,0.3,16800.0,1,0
GT-UPD-2202-13533-F,520,EMERGING,16000,0.3,0.0,0,0
GT-MHD-2111-EPHGJ-U,783,RELIABLE,39000,0.2127,42100.0,1,0
GT-RJD-2101-29VF8-L,716,RELIABLE,28500,0.229,35300.0,1,0
GT-TND-2403-QH627-F,612,EMERGING,7500,0.3,0.0,0,1
GT-TGW-2304-HN77M-M,785,RELIABLE,35500,0.2122,25200.0,1,0
GT-UPR-2203-79A0F-N,640,EMERGING,8500,0.298,9800.0,1,0
GT-WBD-2106-7RNN7-A,592,EMERGING,13000,0.3,0.0,0,0
GT-DLR-2209-P0E81-Q,717,RELIABLE,22500,0.2287,0.0,0,0
GT-TND-2208-00DG7-I,758,RELIABLE,34000,0.2179,24800.0,1,0
GT-UPR-2102-94CY9-0,804,STRONG,44000,0.1788,37600.0,1,0
GT-MHC-2111-1ZGQT-J,769,RELIABLE,26000,0.2155,21700.0,1,0
GT-TGF-2106-7BGCT-Y,633,EMERGING,7500,0.3,7600.0,1,1
GT-UPF-2203-7BSG7-W,657,RELIABLE,24000,0.2503,25600.0,1,1
GT-RJD-2105-3FCW8-V,924,PRIME,101500,0.1451,99200.0,1,0
GT-RJD-2104-MYV9J-7,652,RELIABLE,19500,0.2526,0.0,0,1
GT-TNW-2401-2ZDTS-H,816,STRONG,42000,0.1769,42100.0,1,0
GT-MHR-2111-8F7GS-4,708,RELIABLE,20500,0.2314,24300.0,1,0
GT-KLF-2307-P8J65-7,777,RELIABLE,37500,0.2139,35900.0,1,0
GT-WBH-2207-FVNC7-V,710,RELIABLE,29000,0.2308,0.0,0,1
GT-TGR-2105-AY73N-X,799,RELIABLE,38500,0.2097,43300.0,1,0
GT-KLW-2312-5C7QP-U,767,RELIABLE,35500,0.2159,40500.0,1,0
GT-UPR-2310-64EQK-L,720,RELIABLE,26500,0.2278,0.0,0,0
GT-TGD-2105-KNQX3-9,675,RELIABLE,14500,0.243,0.0,0,0
GT-MHD-2111-4820W-F,783,RELIABLE,33000,0.2127,34800.0,1,0
GT-KAF-2201-ZE9F6-L,640,EMERGING,13000,0.298,13800.0,1,1
GT-WBD-2302-K3RMG-K,600,EMERGING,19000,0.3,21800.0,1,0
GT-MHF-2312-MDR10-H,920,PRIME,102500,0.1454,117800.0,1,0
GT-TNF-2302-AJM2G-V,839,STRONG,60500,0.1736,60500.0,1,0
GT-GJR-2108-8DWF6-X,600,EMERGING,18500,0.3,20800.0,1,0
GT-KAR-2208-NE47G-O,680,RELIABLE,22500,0.2411,0.0,0,1
GT-KLF-2102-Z2THM-6,599,EMERGING,8000,0.3,9000.0,1,1
GT-TGR-2109-X3RKE-A,645,EMERGING,10500,0.2957,0.0,0,0
GT-RJC-2205-BQ9W0-Q,822,STRONG,41500,0.176,43200.0,1,0
GT-MHD-2112-Q6MPW-D,691,RELIABLE,25500,0.2371,30100.0,1,1
GT-TGH-2204-3F08F-U,677,RELIABLE,23500,0.2422,25500.0,1,1
GT-KLD-2403-DPPGY-B,742,RELIABLE,33000,0.2218,28300.0,1,0
GT-GJD-2102-PT2V6-B,665,RELIABLE,17000,0.247,0.0,0,0
GT-RJF-2106-XV0XD-0,655,RELIABLE,17000,0.2512,0.0,0,0
GT-GJD-2208-7VXQN-I,759,RELIABLE,34000,0.2177,32200.0,1,0
GT-UPD-2208-3Q5B8-0,600,EMERGING,11000,0.3,7800.0,1,0
GT-TND-2206-QTA78-N,520,EMERGING,12000,0.3,0.0,0,0
GT-TGW-2306-T9GP9-0,688,RELIABLE,27500,0.2382,0.0,0,1
GT-KAR-2107-J6R7J-O,819,STRONG,43000,0.1764,37000.0,1,0
GT-DLD-2308-R8KN4-U,746,RELIABLE,15500,0.2208,16500.0,1,0
GT-KAR-2211-FRPM3-1,742,RELIABLE,26500,0.2218,28900.0,1,0
GT-TND-2110-DNKHJ-7,788,RELIABLE,32500,0.2117,0.0,0,0
GT-UPH-2312-ECWG3-D,741,RELIABLE,28000,0.2221,28400.0,1,0
GT-DLD-2401-Z27MQ-9,520,EMERGING,14500,0.3,0.0,0,1
GT-TGF-2112-K3QE0-H,783,RELIABLE,30000,0.2127,28600.0,1,0
GT-WBR-2301-SFND4-K,818,STRONG,64500,0.1766,60200.0,1,1
GT-MHR-2401-MD7A7-P,741,RELIABLE,22000,0.2221,26200.0,1,0
GT-RJH-2108-GJNGK-Y,680,RELIABLE,26000,0.2411,19200.0,1,0
GT-UPR-2104-34RXS-D,671,RELIABLE,19000,0.2446,0.0,0,0
GT-MHW-2111-NJFSG-X,667,RELIABLE,24500,0.2462,0.0,0,1
GT-KAR-2204-00PAR-K,792,RELIABLE,30500,0.211,28200.0,1,0
GT-KAF-2207-BEX7T-C,802,STRONG,47000,0.1792,35100.0,1,0
GT-DLR-2101-PV1D5-H,748,RELIABLE,32000,0.2203,35000.0,1,0
GT-MHD-2104-W6JDR-T,793,RELIABLE,30500,0.2107,31100.0,1,0
GT-KAD-2307-79XY7-8,754,RELIABLE,23500,0.2188,24700.0,1,0
GT-TGD-2105-35B8N-5,794,RELIABLE,37000,0.2106,30500.0,1,0
GT-WBH-2308-H13JK-Q,838,STRONG,58000,0.1737,62700.0,1,0
GT-KAW-2307-CVMTJ-V,810,STRONG,61000,0.1779,67800.0,1,0
GT-WBD-2108-S4ZBQ-9,718,RELIABLE,37500,0.2284,36000.0,1,0
GT-TGR-2202-9Q7P7-K,680,RELIABLE,41000,0.2411,40400.0,1,0
GT-DLF-2104-B5PJ4-S,759,RELIABLE,26000,0.2177,27100.0,1,0
GT-MHR-2307-95BRB-M,857,STRONG,79500,0.1713,59900.0,1,0
GT-UPR-2308-Q7SCP-I,766,RELIABLE,34500,0.2161,29800.0,1,1
GT-MHF-2211-ASV1Y-O,766,RELIABLE,33500,0.2161,31300.0,1,0
GT-DLD-2312-SN22E-J,714,RELIABLE,23500,0.2296,27100.0,1,0
GT-UPR-2103-A19V5-H,680,RELIABLE,36500,0.2411,0.0,0,0
GT-GJD-2308-VN0ZF-F,914,PRIME,79500,0.1459,82800.0,1,0
GT-KLD-2204-W391Q-N,736,RELIABLE,38500,0.2233,35400.0,1,0
GT-KAF-2102-ZEQN7-C,786,RELIABLE,39500,0.2121,40800.0,1,0
GT-MHF-2105-0PXVM-0,743,RELIABLE,27500,0.2215,26100.0,1,1
GT-GJH-2102-PE0YT-C,667,RELIABLE,27500,0.2462,0.0,0,0
GT-DLD-2202-2ZG6B-1,897,STRONG,83500,0.1672,78900.0,1,0
GT-TNW-2311-DMYW5-8,721,RELIABLE,19500,0.2275,0.0,0,0
GT-DLH-2212-96VKP-8,715,RELIABLE,24000,0.2293,19700.0,1,0
GT-RJF-2109-1S91A-D,590,EMERGING,9500,0.3,11300.0,1,1
GT-UPH-2306-TY7XA-E,687,RELIABLE,22500,0.2386,24800.0,1,1
GT-RJH-2403-EV6Q9-4,621,EMERGING,7500,0.3,7600.0,1,1
GT-WBW-2107-N8JNC-A,600,EMERGING,22500,0.3,21800.0,1,0
GT-TGH-2303-9M9GY-I,936,PRIME,121000,0.1442,128900.0,1,0
GT-WBF-2107-HTB7M-V,756,RELIABLE,37500,0.2184,45000.0,1,0
GT-KAR-2212-EWBHA-H,551,EMERGING,7500,0.3,0.0,0,1
GT-WBC-2108-SNEAW-N,600,EMERGING,22500,0.3,0.0,0,0
GT-DLW-2212-6E06X-G,698,RELIABLE,21000,0.2347,22600.0,1,0
GT-KLD-2107-CZ91T-O,875,STRONG,78000,0.1693,99700.0,1,0
GT-MHD-2302-J162D-J,715,RELIABLE,20000,0.2293,21400.0,1,0
GT-KAD-2210-B9J0P-V,755,RELIABLE,28000,0.2186,24700.0,1,0
GT-KLC-2309-EFHCW-4,600,EMERGING,20000,0.3,0.0,0,0
GT-MHD-2306-ZQQN9-C,832,STRONG,58500,0.1746,52800.0,1,0
GT-WBD-2202-YMACT-S,680,RELIABLE,20000,0.2411,12800.0,1,0
GT-TNR-2401-BF81Z-C,685,RELIABLE,30500,0.2393,29700.0,1,0
GT-DLD-2310-84F6M-Y,780,RELIABLE,32500,0.2133,27200.0,1,0
GT-TGH-2110-DDJN7-D,629,EMERGING,10000,0.3,0.0,0,0
GT-UPR-2212-9R3DA-B,758,RELIABLE,26500,0.2179,29700.0,1,1
GT-MHD-2209-MD3GF-J,520,EMERGING,6500,0.3,0.0,0,1
GT-GJD-2207-RS788-B,784,RELIABLE,42000,0.2125,44700.0,1,0
GT-RJW-2102-VBX1K-X,792,RELIABLE,31000,0.211,39600.0,1,0
GT-DLF-2107-6BN09-6,757,RELIABLE,24500,0.2182,26300.0,1,0
GT-GJR-2109-Z88W8-A,680,RELIABLE,32500,0.2411,27800.0,1,0
GT-KLD-2108-GBTCJ-7,758,RELIABLE,23000,0.2179,23300.0,1,0
GT-KLC-2106-42VM3-Q,804,STRONG,58000,0.1788,54700.0,1,0
GT-GJW-2104-5X88W-L,820,STRONG,67000,0.1763,68600.0,1,0
GT-KLF-2101-42YEM-R,784,RELIABLE,25500,0.2125,30500.0,1,0
GT-UPR-2310-8X41Q-L,600,EMERGING,19500,0.3,16100.0,1,0
GT-WBH-2403-RBV19-J,792,RELIABLE,38000,0.211,37800.0,1,0
GT-MHF-2110-QAVR4-A,704,RELIABLE,20000,0.2328,0.0,0,0
GT-RJR-2111-0FQ8Y-3,635,EMERGING,8500,0.3,10400.0,1,1
GT-DLH-2103-MB446-G,752,RELIABLE,31000,0.2193,35500.0,1,0
GT-UPC-2211-4D2WF-O,813,STRONG,64500,0.1774,56700.0,1,0
GT-GJW-2201-WV5WP-2,809,STRONG,46500,0.178,44000.0,1,0
GT-TNW-2404-W3P8W-9,639,EMERGING,10000,0.2985,10400.0,1,0
GT-UPR-2106-507W5-S,689,RELIABLE,37500,0.2379,38200.0,1,1
GT-GJR-2401-CMWT7-4,795,RELIABLE,36000,0.2104,29300.0,1,0
GT-UPD-2104-15R5B-L,770,RELIABLE,20500,0.2153,23300.0,1,0
GT-KLF-2311-YH93V-R,599,EMERGING,7500,0.3,0.0,0,1
GT-DLR-2403-WH8TN-H,799,RELIABLE,38000,0.2097,39700.0,1,0
GT-UPR-2111-E10SX-9,597,EMERGING,11000,0.3,0.0,0,1
GT-KAH-2211-JDPWV-L,716,RELIABLE,28000,0.229,35300.0,1,0
GT-UPD-2309-5XPTM-7,804,STRONG,62500,0.1788,71200.0,1,0
GT-MHW-2107-MXS6Z-9,906,PRIME,100500,0.1465,94600.0,1,0
GT-DLD-2303-JDZ59-O,520,EMERGING,7500,0.3,0.0,0,0
GT-MHD-2212-A7PQW-1,734,RELIABLE,21500,0.2239,18000.0,1,0
GT-RJD-2305-MNY4K-C,600,EMERGING,11500,0.3,9200.0,1,0
GT-TNR-2312-ARGRV-2,906,PRIME,102000,0.1465,114100.0,1,0
GT-TNR-2209-D9G4D-Y,754,RELIABLE,29500,0.2188,26800.0,1,1
GT-TND-2110-YVAWX-6,600,EMERGING,14500,0.3,0.0,0,0
GT-GJF-2301-MP4Z2-I,913,PRIME,118500,0.1459,99700.0,1,0
GT-KLR-2112-V3C41-I,743,RELIABLE,28000,0.2215,27100.0,1,0
GT-GJD-2312-PFNKE-9,846,STRONG,65500,0.1727,68300.0,1,0
GT-MHR-2208-8NF76-S,648,EMERGING,12500,0.2943,14200.0,1,0
GT-WBD-2202-SG4ED-H,742,RELIABLE,34500,0.2218,34100.0,1,1
GT-MHD-2101-FC64J-5,632,EMERGING,7000,0.3,0.0,0,1
GT-MHD-2401-ERBP5-N,712,RELIABLE,22500,0.2302,25100.0,1,0
GT-MHF-2107-W5DTN-U,842,STRONG,62000,0.1732,56600.0,1,0
GT-GJF-2207-NQSF7-7,765,RELIABLE,30000,0.2164,32000.0,1,1
GT-RJC-2203-K3K6A-F,712,RELIABLE,27000,0.2302,23200.0,1,0
GT-DLW-2104-MX63B-1,702,RELIABLE,26500,0.2334,0.0,0,0
GT-KLR-2305-X915W-Z,734,RELIABLE,27500,0.2239,30300.0,1,0
GT-DLD-2208-5SPZR-N,773,RELIABLE,26500,0.2146,28300.0,1,1
GT-TND-2307-MMH57-Q,600,EMERGING,21000,0.3,22500.0,1,0
GT-MHF-2101-4DVVK-G,588,EMERGING,5500,0.3,6300.0,1,1
GT-KAD-2401-3W0VQ-T,683,RELIABLE,23500,0.24,27700.0,1,0
GT-GJD-2108-XGZKB-8,744,RELIABLE,32500,0.2213,38400.0,1,0
GT-TGH-2208-ZB4ER-Y,759,RELIABLE,36000,0.2177,26000.0,1,1
GT-MHD-2404-8HCBN-H,757,RELIABLE,26500,0.2182,30000.0,1,1
GT-WBD-2105-5AQ4V-W,771,RELIABLE,38000,0.2151,42900.0,1,0
GT-TNH-2210-9VCZE-C,719,RELIABLE,24000,0.2281,22100.0,1,0
GT-TND-2211-3BFK3-6,652,RELIABLE,22000,0.2526,21300.0,1,0
GT-RJR-2403-A37M8-Y,728,RELIABLE,20000,0.2256,0.0,0,0
GT-TGD-2205-7WM5X-1,842,STRONG,46000,0.1732,46600.0,1,0
GT-TGR-2207-JEP0D-I,600,EMERGING,19000,0.3,20400.0,1,0
GT-GJH-2103-T8AB1-X,600,EMERGING,17000,0.3,18100.0,1,0
GT-RJF-2103-ETFJA-Y,789,RELIABLE,31000,0.2115,28500.0,1,0
GT-UPR-2208-Q2SKB-9,853,STRONG,64500,0.1718,55300.0,1,0
GT-TGD-2202-CY25X-X,758,RELIABLE,28500,0.2179,31900.0,1,1
GT-TNR-2401-BN5HW-0,807,STRONG,50000,0.1783,53700.0,1,0
GT-MHF-2201-EHZ7K-7,832,STRONG,54500,0.1746,50300.0,1,0
GT-MHD-2101-Y5SCD-5,730,RELIABLE,24500,0.225,22100.0,1,1
GT-UPD-2108-TF9MG-W,749,RELIABLE,29000,0.22,27300.0,1,0
GT-UPF-2203-7T0SD-B,715,RELIABLE,19500,0.2293,19800.0,1,1
GT-TNC-2212-MAN8A-L,728,RELIABLE,24000,0.2256,23900.0,1,0
GT-KLC-2208-K39SE-6,868,STRONG,56500,0.1701,58400.0,1,0
GT-KLC-2107-8FS00-2,778,RELIABLE,28000,0.2136,26600.0,1,0
GT-GJR-2107-1MCXZ-3,774,RELIABLE,23000,0.2145,0.0,0,0
GT-DLW-2109-0QX9V-I,672,RELIABLE,18500,0.2442,18900.0,1,0
GT-WBC-2309-SFX09-A,668,RELIABLE,24000,0.2458,26400.0,1,1
GT-RJD-2107-HEGEX-X,937,PRIME,111000,0.1442,115500.0,1,0
GT-WBR-2107-2NDYT-A,779,RELIABLE,19500,0.2134,19300.0,1,1
GT-TGD-2309-R72ZW-T,600,EMERGING,13500,0.3,0.0,0,0
GT-WBH-2205-54ZQY-N,809,STRONG,56000,0.178,59700.0,1,0
GT-RJC-2311-WHGS6-7,790,RELIABLE,38000,0.2113,35400.0,1,0
GT-TGW-2307-SK86R-O,820,STRONG,56000,0.1763,57900.0,1,0
GT-MHD-2102-CSYTV-W,756,RELIABLE,28000,0.2184,28400.0,1,0
GT-WBH-2209-1BPAY-K,729,RELIABLE,18000,0.2253,0.0,0,0
GT-GJD-2103-7ZBZB-9,754,RELIABLE,34000,0.2188,31900.0,1,1
GT-KLD-2211-C0Q5W-H,598,EMERGING,6500,0.3,0.0,0,1
GT-MHF-2102-MRPDM-Q,758,RELIABLE,25000,0.2179,23600.0,1,0
GT-KLW-2210-43C3N-P,788,RELIABLE,37500,0.2117,42700.0,1,1
GT-RJC-2206-X5NE1-O,888,STRONG,63000,0.1681,65300.0,1,0
GT-UPD-2104-0JQSF-G,737,RELIABLE,23500,0.2231,28000.0,1,0
GT-DLR-2112-9Y2D8-0,519,EMERGING,7500,0.3,0.0,0,1
GT-DLR-2310-3HXMN-Y,728,RELIABLE,25500,0.2256,25300.0,1,0
GT-TGD-2107-EFM5H-0,929,PRIME,105500,0.1447,85000.0,1,0
GT-MHC-2109-9NDDY-I,801,STRONG,49500,0.1794,43800.0,1,0
GT-GJD-2309-PM4NY-S,719,RELIABLE,26000,0.2281,26000.0,1,0
GT-UPD-2308-97CRY-V,780,RELIABLE,31500,0.2133,24100.0,1,0
GT-TGR-2112-AFFCP-O,725,RELIABLE,25500,0.2264,29300.0,1,1
GT-GJF-2402-JWBAJ-R,645,EMERGING,8000,0.2957,6800.0,1,0
GT-UPC-2402-WMQ2M-V,718,RELIABLE,29500,0.2284,29800.0,1,0
GT-KLD-2109-SQNH4-4,742,RELIABLE,35000,0.2218,39900.0,1,0
GT-GJD-2303-95JG4-D,642,EMERGING,9500,0.2971,8900.0,1,1
GT-DLH-2202-NK9GT-8,600,EMERGING,11500,0.3,0.0,0,0
GT-MHR-2210-E904Q-S,764,RELIABLE,41000,0.2166,42500.0,1,0
GT-KLR-2312-BXJSV-Z,683,RELIABLE,19000,0.24,21400.0,1,0
GT-UPD-2202-DAXZK-4,764,RELIABLE,26000,0.2166,30500.0,1,1
GT-RJH-2210-HARBP-X,666,RELIABLE,20500,0.2466,0.0,0,0
GT-TGF-2402-KGBRK-G,810,STRONG,39500,0.1779,38800.0,1,0
GT-MHD-2305-DE1GW-9,661,RELIABLE,13500,0.2487,13400.0,1,0
GT-WBD-2109-CV5P9-O,858,STRONG,46500,0.1712,50500.0,1,0
GT-GJD-2108-CA2YT-1,644,EMERGING,9000,0.2962,10900.0,1,1
GT-DLD-2207-AWY7S-I,628,EMERGING,8000,0.3,0.0,0,0
GT-TGD-2304-490PH-G,772,RELIABLE,28500,0.2149,26800.0,1,0
GT-TGD-2203-2KMMS-I,868,STRONG,36000,0.1701,36100.0,1,0
GT-DLD-2108-SC6QE-W,801,STRONG,54500,0.1794,62100.0,1,0
GT-RJR-2105-YKARQ-T,774,RELIABLE,38000,0.2145,0.0,0,0
GT-TGR-2202-B3EP9-L,776,RELIABLE,27000,0.214,29500.0,1,0
GT-KLR-2101-C8K8A-G,725,RELIABLE,25000,0.2264,25100.0,1,0
GT-KAW-2401-8JS6S-D,768,RELIABLE,32000,0.2157,31700.0,1,1
GT-KLD-2308-E93FM-J,684,RELIABLE,17500,0.2397,15800.0,1,0
GT-GJC-2208-1BRGZ-D,627,EMERGING,8500,0.3,9600.0,1,0
GT-UPC-2209-ABBAP-R,839,STRONG,56000,0.1736,52600.0,1,0
GT-DLH-2108-57857-3,669,RELIABLE,21000,0.2454,19400.0,1,0
GT-KAD-2204-TFKS2-3,771,RELIABLE,30000,0.2151,25600.0,1,0
GT-DLD-2102-TSJ20-9,698,RELIABLE,15500,0.2347,17600.0,1,0
GT-TGF-2309-2JREM-K,791,RELIABLE,37000,0.2112,43400.0,1,0
GT-TND-2107-CZ5H0-Q,719,RELIABLE,22500,0.2281,21400.0,1,0
GT-MHD-2307-V0RAB-G,837,STRONG,61500,0.1738,54300.0,1,0
GT-KAD-2305-7J22A-H,771,RELIABLE,21500,0.2151,23100.0,1,1
GT-GJF-2303-9KNRS-0,853,STRONG,61000,0.1718,51900.0,1,0
GT-GJW-2302-D8FQJ-O,520,EMERGING,13000,0.3,0.0,0,1
GT-MHD-2306-G2K33-B,768,RELIABLE,30000,0.2157,33600.0,1,0
GT-UPH-2209-C1JF9-3,680,RELIABLE,18500,0.2411,0.0,0,0
GT-KLW-2206-BYW3H-K,727,RELIABLE,25500,0.2258,27400.0,1,0
GT-KLD-2212-VH1FM-L,709,RELIABLE,27000,0.2311,24900.0,1,0
GT-MHR-2209-J7TX2-9,708,RELIABLE,20000,0.2314,21700.0,1,0
GT-TGD-2206-M108T-E,655,RELIABLE,21000,0.2512,23600.0,1,1
GT-KAC-2108-09RRE-T,631,EMERGING,8500,0.3,0.0,0,0
GT-KAW-2111-8DAFJ-U,604,EMERGING,7500,0.3,0.0,0,1
GT-RJF-2205-3ZCR7-F,638,EMERGING,12000,0.299,0.0,0,1
GT-KLF-2201-TQAYJ-M,829,STRONG,47000,0.175,41900.0,1,0
GT-DLD-2202-FQVS5-F,658,RELIABLE,25500,0.2499,28100.0,1,0
GT-TGH-2209-D42V6-7,627,EMERGING,10500,0.3,0.0,0,1
GT-KAC-2101-90QC0-0,915,PRIME,68000,0.1457,55400.0,1,0
GT-RJW-2209-DH3D8-M,660,RELIABLE,16000,0.2491,16100.0,1,1
GT-WBR-2202-KCHFK-H,789,RELIABLE,37000,0.2115,41700.0,1,0
GT-DLD-2205-X4FKB-Q,791,RELIABLE,31000,0.2112,30600.0,1,0
GT-KLD-2103-2457X-1,800,STRONG,56000,0.1795,55200.0,1,1
GT-MHD-2204-523H9-9,625,EMERGING,9000,0.3,8500.0,1,1
GT-DLF-2206-40X6Y-G,746,RELIABLE,25500,0.2208,31500.0,1,0
GT-UPW-2210-6QS9V-X,597,EMERGING,8000,0.3,8700.0,1,1
GT-TGH-2112-005A5-O,935,PRIME,110500,0.1443,119900.0,1,0
GT-UPD-2104-VWHTV-X,692,RELIABLE,22000,0.2368,32800.0,1,1
GT-DLD-2106-8BDPJ-G,672,RELIABLE,20000,0.2442,17700.0,1,1
GT-GJD-2211-VT9V3-P,687,RELIABLE,23000,0.2386,23900.0,1,0
GT-WBH-2309-P84B0-C,642,EMERGING,7000,0.2971,7700.0,1,1
GT-KAW-2207-W70SJ-P,835,STRONG,61500,0.1741,67300.0,1,0
GT-TNR-2311-DRB86-5,903,PRIME,101000,0.1468,94200.0,1,0
GT-DLR-2210-FGKW3-X,708,RELIABLE,23500,0.2314,25000.0,1,0
GT-WBR-2403-E7KSG-L,650,RELIABLE,12000,0.2534,0.0,0,0
GT-TGD-2109-NERV6-2,582,EMERGING,5500,0.3,0.0,0,1
GT-TGD-2205-1C1KR-1,600,EMERGING,14000,0.3,12900.0,1,0
GT-MHD-2310-DV8ND-D,742,RELIABLE,26000,0.2218,27200.0,1,0
GT-KLD-2110-61T4Q-1,600,EMERGING,12500,0.3,14200.0,1,0
GT-UPR-2312-5RV82-I,802,STRONG,48500,0.1792,37300.0,1,0
GT-GJD-2209-922HT-U,749,RELIABLE,25000,0.22,25500.0,1,1
GT-DLW-2207-7AKMC-1,791,RELIABLE,26500,0.2112,28800.0,1,0
GT-GJR-2301-RY75W-M,679,RELIABLE,17500,0.2415,19900.0,1,0
GT-DLR-2104-W3DHK-5,631,EMERGING,10000,0.3,9300.0,1,0
GT-TGH-2302-CNWNB-5,813,STRONG,64000,0.1774,52800.0,1,1
GT-DLD-2210-XV1EQ-5,761,RELIABLE,27500,0.2173,24900.0,1,0
GT-TNF-2112-K37ZB-Y,812,STRONG,48000,0.1775,59800.0,1,0
GT-GJD-2101-4KYD6-H,845,STRONG,53500,0.1728,54900.0,1,0
GT-TNW-2104-M9VZD-Q,607,EMERGING,9000,0.3,10200.0,1,1
GT-UPR-2206-AH758-L,613,EMERGING,6500,0.3,7000.0,1,1
GT-WBD-2110-E0F79-K,749,RELIABLE,24000,0.22,0.0,0,1
GT-KLD-2210-H0ZT3-P,660,RELIABLE,20500,0.2491,21200.0,1,0
GT-MHF-2212-4N7WW-Q,600,EMERGING,18000,0.3,0.0,0,0
GT-KLF-2311-29PF6-Y,800,STRONG,65000,0.1795,77500.0,1,1
GT-MHF-2108-XH8KE-H,825,STRONG,54500,0.1755,56600.0,1,0
GT-WBR-2111-MASJY-W,812,STRONG,61000,0.1775,54000.0,1,0
GT-TNF-2208-2H271-2,600,EMERGING,16500,0.3,0.0,0,0
GT-UPR-2301-RD0QE-B,810,STRONG,43500,0.1779,42600.0,1,0
GT-MHD-2102-WV3ZW-7,770,RELIABLE,27500,0.2153,23400.0,1,0
GT-DLR-2401-QYE1J-2,776,RELIABLE,38500,0.214,54100.0,1,0
GT-DLR-2204-SPYS5-3,889,STRONG,59500,0.168,60900.0,1,0
GT-KLW-2312-0N8FR-Y,778,RELIABLE,26000,0.2136,26100.0,1,0
GT-WBR-2104-FG4KR-U,743,RELIABLE,29000,0.2215,32400.0,1,0
GT-MHR-2312-JNZ1P-6,695,RELIABLE,21000,0.2358,0.0,0,0
GT-UPH-2205-D1ST4-J,798,RELIABLE,39500,0.2099,40200.0,1,0
GT-DLC-2402-SAH4C-6,901,PRIME,72000,0.1469,72800.0,1,0
GT-DLD-2103-BPP8K-P,737,RELIABLE,22000,0.2231,25700.0,1,0
GT-TGC-2104-GCNZY-8,892,STRONG,84500,0.1677,72200.0,1,0
GT-UPD-2105-BTHMD-C,563,EMERGING,6500,0.3,6500.0,1,1
GT-RJC-2311-RD416-0,770,RELIABLE,24000,0.2153,20500.0,1,1
GT-KAD-2203-WCQPG-0,721,RELIABLE,30500,0.2275,35000.0,1,1
GT-RJR-2301-1VS3Q-2,683,RELIABLE,13500,0.24,13800.0,1,1
GT-KLH-2301-DGCTK-P,926,PRIME,106000,0.145,107300.0,1,0
GT-TND-2205-FMW85-E,765,RELIABLE,37000,0.2164,30400.0,1,0
GT-WBW-2111-Z4XEZ-0,730,RELIABLE,33500,0.225,0.0,0,0
GT-TNR-2301-FHKRX-S,780,RELIABLE,24000,0.2133,25900.0,1,1
GT-TGD-2108-6GW2Q-E,576,EMERGING,8000,0.3,0.0,0,0
GT-GJH-2306-81GC0-V,682,RELIABLE,23000,0.2404,20100.0,1,0
GT-GJR-2208-QZ4AQ-U,866,STRONG,66500,0.1703,54800.0,1,0
GT-TGC-2403-N4N2C-5,600,EMERGING,17500,0.3,0.0,0,1
GT-TGC-2305-J0XTG-X,732,RELIABLE,29000,0.2244,28600.0,1,1
GT-TGD-2107-6GJQK-T,828,STRONG,53500,0.1751,64000.0,1,0
GT-TGD-2204-JGV9N-R,822,STRONG,51000,0.176,45100.0,1,0
GT-MHD-2208-ZXRBT-9,762,RELIABLE,27500,0.217,30500.0,1,0
GT-TNR-2212-Y1JKW-E,706,RELIABLE,27000,0.2321,21100.0,1,1
GT-UPD-2302-EE6R5-J,735,RELIABLE,29500,0.2236,30000.0,1,0
GT-KLR-2104-QP8EN-V,718,RELIABLE,22500,0.2284,0.0,0,1
GT-RJW-2208-TNJ41-A,600,EMERGING,11500,0.3,0.0,0,1
GT-RJD-2201-DYCHP-B,728,RELIABLE,34000,0.2256,28900.0,1,1
GT-UPF-2105-9D9P9-F,802,STRONG,42000,0.1792,42400.0,1,0
GT-WBR-2401-DKBMW-4,634,EMERGING,8000,0.3,0.0,0,1
GT-GJD-2202-SZVMN-L,600,EMERGING,10000,0.3,8900.0,1,1
GT-RJD-2102-F9K1X-F,805,STRONG,49500,0.1787,48500.0,1,0
GT-DLD-2212-RFECT-1,756,RELIABLE,30000,0.2184,32300.0,1,0
GT-MHF-2309-M0D5X-J,917,PRIME,116500,0.1456,105400.0,1,0
GT-DLD-2308-S9R5M-U,707,RELIABLE,20000,0.2318,0.0,0,1
GT-WBW-2212-BK4A9-3,806,STRONG,39500,0.1785,48500.0,1,0
GT-UPW-2206-M0GP0-M,749,RELIABLE,25500,0.22,21600.0,1,0
GT-TGD-2303-NZ51N-P,700,RELIABLE,27500,0.2341,26100.0,1,0
GT-KLC-2210-X9Z71-A,792,RELIABLE,31500,0.211,29700.0,1,0
GT-TNH-2310-H70Z2-V,806,STRONG,44000,0.1785,45800.0,1,0
GT-TGD-2307-1D2DA-1,782,RELIABLE,34500,0.2128,32600.0,1,0
GT-KLH-2309-PQXSZ-I,744,RELIABLE,21000,0.2213,18000.0,1,0
GT-MHD-2310-7BPH6-U,728,RELIABLE,20000,0.2256,19400.0,1,0
GT-RJF-2211-0K3S8-H,595,EMERGING,7000,0.3,0.0,0,0
GT-MHD-2106-Y5NWB-U,635,EMERGING,9500,0.3,0.0,0,1
GT-KLW-2206-DDG9H-S,709,RELIABLE,20500,0.2311,19900.0,1,0
GT-TNC-2305-008ZF-W,673,RELIABLE,20000,0.2438,23100.0,1,1
GT-GJH-2105-ESJ9W-Y,786,RELIABLE,30000,0.2121,41500.0,1,0
GT-UPH-2305-7GF4W-A,825,STRONG,53000,0.1755,52700.0,1,0
GT-TND-2203-A0VY3-S,711,RELIABLE,29000,0.2305,33200.0,1,0
GT-WBF-2107-JQT6Z-3,786,RELIABLE,34500,0.2121,32600.0,1,1
GT-UPD-2211-ZATDQ-C,690,RELIABLE,33500,0.2375,0.0,0,1
GT-RJD-2108-1GQPA-5,680,RELIABLE,21500,0.2411,16000.0,1,0
GT-MHD-2203-3XZXA-8,679,RELIABLE,20500,0.2415,21900.0,1,1
GT-TGH-2205-BTHW8-R,806,STRONG,48500,0.1785,59800.0,1,0
GT-RJF-2201-KHDCH-V,702,RELIABLE,20000,0.2334,18100.0,1,0
GT-WBD-2310-1A0XE-S,680,RELIABLE,35000,0.2411,41800.0,1,0
GT-KAH-2210-5W1YP-J,600,EMERGING,10000,0.3,11300.0,1,0
GT-MHW-2106-7CFPT-A,757,RELIABLE,22000,0.2182,21800.0,1,0
GT-RJD-2310-ZRX9X-S,661,RELIABLE,22500,0.2487,0.0,0,0
GT-TGR-2111-C2N1Y-A,813,STRONG,69500,0.1774,62600.0,1,0
GT-UPW-2401-M9BTH-O,818,STRONG,78500,0.1766,86500.0,1,0
GT-RJF-2212-Z3P71-O,761,RELIABLE,29000,0.2173,32700.0,1,0
GT-KAR-2203-FYF35-U,964,PRIME,122000,0.1426,103300.0,1,0
GT-TGR-2308-0FW1H-V,909,PRIME,91500,0.1462,89100.0,1,0
GT-MHD-2211-NM6HJ-Y,680,RELIABLE,21000,0.2411,0.0,0,0
GT-RJR-2202-DMKHK-1,736,RELIABLE,23000,0.2233,22400.0,1,0
GT-TGR-2310-4AZYE-1,520,EMERGING,19000,0.3,0.0,0,0
GT-RJD-2210-JTXEY-G,742,RELIABLE,24500,0.2218,24500.0,1,1
GT-DLD-2204-WQTKF-6,886,STRONG,77000,0.1683,65900.0,1,0
GT-MHF-2201-8FDFG-V,807,STRONG,33000,0.1783,34300.0,1,0
GT-RJR-2112-FGC5F-6,760,RELIABLE,32000,0.2175,34500.0,1,0
GT-GJR-2201-6VR3M-E,826,STRONG,64500,0.1754,63800.0,1,0
GT-MHD-2107-JG2JB-W,895,STRONG,72000,0.1674,74800.0,1,0
GT-GJH-2305-4T6PB-X,732,RELIABLE,24000,0.2244,23800.0,1,0
GT-TGD-2210-702VE-I,704,RELIABLE,22500,0.2328,20800.0,1,0
GT-KAR-2402-9FZ36-H,843,STRONG,61500,0.1731,47900.0,1,0
GT-DLD-2208-N0MQJ-9,835,STRONG,62500,0.1741,61700.0,1,0
GT-UPF-2401-6K37X-W,704,RELIABLE,25500,0.2328,26100.0,1,0
GT-MHR-2109-PHW2W-O,745,RELIABLE,29000,0.2211,35500.0,1,0
GT-TNR-2312-9GRDF-3,680,RELIABLE,30500,0.2411,27500.0,1,0
GT-DLC-2208-X1A9X-3,802,STRONG,52000,0.1792,47700.0,1,0
GT-UPW-2101-6GDGC-0,677,RELIABLE,20500,0.2422,17800.0,1,0
GT-RJR-2211-WG8T2-H,653,RELIABLE,19500,0.2521,17000.0,1,0
GT-UPR-2404-6NCFK-E,600,EMERGING,10500,0.3,11100.0,1,0
GT-UPH-2209-7CJC5-D,520,EMERGING,9500,0.3,0.0,0,1
GT-KAH-2304-DWZCC-G,600,EMERGING,13500,0.3,0.0,0,0
GT-KLF-2208-78BH6-C,785,RELIABLE,31000,0.2122,31300.0,1,0
GT-MHW-2401-ZJEA3-I,718,RELIABLE,18500,0.2284,0.0,0,1
GT-TGC-2203-EMG0M-4,788,RELIABLE,38500,0.2117,32500.0,1,0
GT-RJH-2206-SKXT0-H,643,EMERGING,10000,0.2966,9600.0,1,1
GT-DLD-2206-PSSNX-E,727,RELIABLE,28500,0.2258,26900.0,1,0
GT-DLH-2403-A49GY-2,823,STRONG,52000,0.1758,48800.0,1,0
GT-KAF-2201-AKXA7-K,840,STRONG,55500,0.1735,51100.0,1,0
GT-TNF-2305-CK6K4-Q,520,EMERGING,11000,0.3,10000.0,1,0
GT-TGR-2204-2PP0H-1,766,RELIABLE,29000,0.2161,29400.0,1,1
GT-TGD-2311-MQTNS-R,926,PRIME,102000,0.145,103400.0,1,0
GT-KAW-2112-8XZNH-R,773,RELIABLE,32500,0.2146,31900.0,1,0
GT-DLF-2209-CE7Y8-P,683,RELIABLE,16500,0.24,13700.0,1,0
GT-KAD-2212-K028Z-Q,728,RELIABLE,28500,0.2256,36100.0,1,0
GT-DLF-2206-0BVJM-S,767,RELIABLE,27000,0.2159,26700.0,1,0
GT-GJD-2208-425Z9-M,692,RELIABLE,22000,0.2368,23600.0,1,0
GT-KAR-2308-SF1T8-C,715,RELIABLE,20000,0.2293,15500.0,1,1
GT-MHF-2106-61JCF-1,655,RELIABLE,29500,0.2512,30300.0,1,0
GT-WBF-2302-NG1CB-0,681,RELIABLE,23500,0.2407,24100.0,1,1
GT-WBD-2202-R8RRX-Y,736,RELIABLE,27000,0.2233,24800.0,1,0
GT-RJD-2304-3JNZ8-0,784,RELIABLE,22000,0.2125,20900.0,1,0
GT-WBD-2101-8W7P9-Z,695,RELIABLE,17500,0.2358,0.0,0,1
GT-KLF-2108-3JW6B-4,774,RELIABLE,32000,0.2145,34700.0,1,0
GT-UPH-2301-X42NS-O,765,RELIABLE,25000,0.2164,0.0,0,0
GT-WBW-2109-NJWTK-K,844,STRONG,67500,0.1729,94300.0,1,0
GT-TNW-2209-JHK1M-J,768,RELIABLE,35000,0.2157,33200.0,1,0
GT-MHD-2101-GMVBC-M,600,EMERGING,14500,0.3,0.0,0,0
GT-UPD-2312-34SQZ-G,728,RELIABLE,22500,0.2256,23100.0,1,1
GT-KLC-2211-ZJVEF-4,783,RELIABLE,21000,0.2127,22700.0,1,1
GT-TNR-2205-619BN-A,756,RELIABLE,22500,0.2184,22200.0,1,0
GT-TND-2208-D4C1R-0,814,STRONG,57500,0.1772,0.0,0,0
GT-KAR-2201-P4E6N-3,835,STRONG,62000,0.1741,48100.0,1,0
GT-WBF-2202-AS2ZC-P,784,RELIABLE,28000,0.2125,27600.0,1,0
GT-TND-2111-WYTYY-Z,790,RELIABLE,27000,0.2113,27000.0,1,0
GT-KAD-2105-A1QGC-0,600,EMERGING,11500,0.3,10100.0,1,1
GT-KAF-2202-VHVRT-T,849,STRONG,47000,0.1723,47500.0,1,0
GT-TND-2107-ZHNZT-R,696,RELIABLE,28000,0.2354,31800.0,1,1
GT-TGR-2105-AB4M3-C,682,RELIABLE,24500,0.2404,28200.0,1,0
GT-TGW-2402-PE3DT-3,815,STRONG,35000,0.1771,36500.0,1,0
GT-UPH-2104-45RJR-0,810,STRONG,57500,0.1779,55600.0,1,0
GT-WBR-2304-PQS7G-K,698,RELIABLE,37000,0.2347,28300.0,1,1
GT-UPD-2103-V674C-0,801,STRONG,41500,0.1794,39200.0,1,0
GT-DLR-2104-1MXD6-5,771,RELIABLE,28000,0.2151,28100.0,1,1
GT-DLD-2206-J2EZ2-O,583,EMERGING,9500,0.3,9000.0,1,0
GT-WBC-2110-9QNAS-I,751,RELIABLE,33000,0.2196,40000.0,1,0
GT-MHF-2307-CKCXY-U,736,RELIABLE,29500,0.2233,29800.0,1,1
GT-UPR-2103-CMYDS-K,739,RELIABLE,27000,0.2226,32300.0,1,0
GT-MHW-2107-DD3W6-O,837,STRONG,58000,0.1738,54300.0,1,0
GT-KLR-2208-6MHZV-F,691,RELIABLE,16000,0.2371,15700.0,1,0
GT-KLR-2202-GEQBX-A,660,RELIABLE,19000,0.2491,0.0,0,0
GT-WBC-2310-T1SEA-N,528,EMERGING,6500,0.3,6700.0,1,1
GT-TND-2311-YM1Z8-6,694,RELIABLE,22500,0.2361,22400.0,1,0
GT-TND-2203-9ZC8D-4,758,RELIABLE,29000,0.2179,29500.0,1,1
GT-TGC-2306-08PC0-K,709,RELIABLE,23000,0.2311,0.0,0,0
GT-TGR-2103-DSKQS-B,872,STRONG,65500,0.1697,71300.0,1,0
GT-KAD-2209-MMQ1G-S,821,STRONG,56500,0.1761,64100.0,1,0
GT-MHD-2208-MHWDY-T,747,RELIABLE,31500,0.2205,33100.0,1,0
GT-UPR-2401-Y9ZCW-E,764,RELIABLE,27500,0.2166,26100.0,1,0
GT-KAR-2103-J7SZ4-S,833,STRONG,52000,0.1744,59200.0,1,0
GT-TGR-2110-6RF3R-R,772,RELIABLE,26000,0.2149,25400.0,1,0
GT-RJD-2207-2B91Q-Y,729,RELIABLE,22000,0.2253,0.0,0,1
GT-KAR-2111-YR0F0-R,606,EMERGING,8000,0.3,0.0,0,0
GT-KLF-2111-S3TWY-F,766,RELIABLE,34500,0.2161,33500.0,1,0
GT-TGC-2109-295TE-A,836,STRONG,50000,0.174,41900.0,1,0
GT-TGF-2402-A887W-B,899,STRONG,78000,0.1671,61600.0,1,0
GT-UPF-2210-994QV-L,520,EMERGING,16000,0.3,0.0,0,0
GT-UPW-2403-7C1RQ-H,728,RELIABLE,25500,0.2256,23100.0,1,1
GT-TGD-2111-7EF2F-5,670,RELIABLE,19500,0.245,0.0,0,0
GT-KAD-2107-VRZN7-M,790,RELIABLE,35000,0.2113,38500.0,1,0
GT-KLD-2308-80AEW-7,581,EMERGING,11000,0.3,0.0,0,1
GT-KAR-2203-2P3TG-5,600,EMERGING,20000,0.3,0.0,0,0
GT-RJH-2203-9MS4Z-L,806,STRONG,50500,0.1785,45400.0,1,0
GT-TGD-2112-XFDZS-2,600,EMERGING,24000,0.3,24100.0,1,1
GT-WBC-2110-WWVZW-O,741,RELIABLE,21500,0.2221,19700.0,1,0
GT-UPD-2102-7EMTP-V,783,RELIABLE,43500,0.2127,40500.0,1,0
GT-KLR-2301-V6PHT-R,726,RELIABLE,21000,0.2261,21500.0,1,0
GT-MHR-2203-MYFN1-N,679,RELIABLE,21000,0.2415,23100.0,1,0
GT-RJD-2104-NH2M5-P,861,STRONG,48000,0.1709,44600.0,1,0
GT-GJR-2301-249JW-D,691,RELIABLE,18000,0.2371,0.0,0,0
GT-TNF-2211-JN2JF-Y,793,RELIABLE,37000,0.2107,35400.0,1,0
GT-TGR-2211-R1YQX-6,570,EMERGING,7000,0.3,0.0,0,1
GT-UPC-2206-SMA4E-D,835,STRONG,51000,0.1741,55300.0,1,0
GT-MHC-2110-AJN4S-R,887,STRONG,86500,0.1682,91600.0,1,0
GT-WBR-2305-7NGCM-U,775,RELIABLE,39000,0.2142,37800.0,1,0
GT-UPH-2311-BX90J-T,823,STRONG,52000,0.1758,57000.0,1,0
GT-WBD-2310-BCYKC-Q,600,EMERGING,14500,0.3,0.0,0,0
GT-TGD-2309-0BVKP-E,758,RELIABLE,30500,0.2179,26500.0,1,0
GT-WBR-2107-D5F88-Z,765,RELIABLE,29500,0.2164,32500.0,1,1
GT-WBF-2211-9Q0CA-N,600,EMERGING,13500,0.3,13200.0,1,0
GT-RJR-2208-SPVQG-B,712,RELIABLE,29000,0.2302,36200.0,1,0
GT-RJR-2203-X6A4H-G,853,STRONG,48500,0.1718,59800.0,1,0
GT-KLC-2110-84ME0-G,869,STRONG,78000,0.17,89800.0,1,0
GT-KAD-2110-WP08V-S,690,RELIABLE,23000,0.2375,21700.0,1,1
GT-TNW-2309-BN4B4-H,672,RELIABLE,23500,0.2442,0.0,0,0
GT-RJR-2111-5RBCQ-O,708,RELIABLE,24000,0.2314,0.0,0,0
GT-GJR-2205-CCD48-2,765,RELIABLE,43000,0.2164,40600.0,1,0
GT-TND-2306-X3MMY-D,679,RELIABLE,27500,0.2415,29700.0,1,0
GT-GJD-2206-KXCAR-6,767,RELIABLE,25500,0.2159,26500.0,1,0
GT-TGR-2311-7S25X-X,822,STRONG,41000,0.176,35800.0,1,0
GT-RJW-2108-KG03E-E,718,RELIABLE,25000,0.2284,0.0,0,0
GT-WBR-2201-F80EN-Q,887,STRONG,103000,0.1682,123000.0,1,0
GT-TGD-2304-KDEFS-A,680,RELIABLE,29500,0.2411,30200.0,1,1
GT-GJW-2206-AASKG-B,750,RELIABLE,26500,0.2198,25000.0,1,0
GT-MHF-2209-F7NS2-B,611,EMERGING,10500,0.3,13000.0,1,0
GT-UPH-2101-F6NX2-P,844,STRONG,58500,0.1729,51800.0,1,0
GT-DLR-2109-QA9RV-H,600,EMERGING,15000,0.3,16400.0,1,0
GT-KAF-2306-FSAYK-S,755,RELIABLE,37000,0.2186,39700.0,1,0
GT-KAR-2106-DGXQA-G,779,RELIABLE,34500,0.2134,30000.0,1,0
GT-KAF-2209-KD96K-O,683,RELIABLE,23000,0.24,0.0,0,0
GT-MHR-2211-FM4B7-0,711,RELIABLE,31000,0.2305,32100.0,1,1
GT-KAD-2303-65PNX-S,876,STRONG,58500,0.1693,53200.0,1,0
GT-TNH-2111-F5QAS-T,771,RELIABLE,28000,0.2151,30100.0,1,1
GT-KLW-2111-QQKAK-B,678,RELIABLE,20000,0.2419,15900.0,1,1
GT-MHF-2110-6MGXK-V,775,RELIABLE,31000,0.2142,34000.0,1,0
GT-GJR-2101-ZJG8Q-E,756,RELIABLE,33000,0.2184,29600.0,1,0
GT-RJF-2104-M3ZFS-4,961,PRIME,161000,0.1427,168100.0,1,0
GT-RJD-2106-FSQX9-X,787,RELIABLE,39000,0.2119,43500.0,1,1
GT-TND-2305-XEYMF-I,710,RELIABLE,25000,0.2308,0.0,0,0
GT-KAD-2310-YXQMN-Z,891,STRONG,75500,0.1678,85000.0,1,0
GT-TND-2212-QPWHQ-9,557,EMERGING,7000,0.3,6300.0,1,1
GT-GJD-2301-PN5EV-C,821,STRONG,49500,0.1761,38600.0,1,1
GT-UPW-2308-J6ECF-6,906,PRIME,134000,0.1465,120500.0,1,0
GT-MHD-2109-SRQV7-K,752,RELIABLE,26000,0.2193,19000.0,1,0
GT-TNW-2305-5SQPV-M,617,EMERGING,13000,0.3,13100.0,1,1
GT-GJC-2206-RW5QA-R,719,RELIABLE,23500,0.2281,26200.0,1,0
GT-UPD-2106-A4DKW-9,880,STRONG,55500,0.1689,46300.0,1,0
GT-TNF-2403-6DQWD-B,794,RELIABLE,33500,0.2106,31300.0,1,0
GT-RJR-2212-6C9G9-Y,644,EMERGING,11500,0.2962,14000.0,1,0
GT-RJC-2311-JGSP1-M,748,RELIABLE,25500,0.2203,0.0,0,1
GT-TNR-2112-ANXE8-X,705,RELIABLE,26500,0.2324,24500.0,1,0
GT-WBR-2402-DXKJ4-V,786,RELIABLE,19000,0.2121,16400.0,1,0
GT-TGD-2203-J53X5-1,884,STRONG,55500,0.1684,50600.0,1,0
GT-GJC-2310-PTDEV-Q,840,STRONG,80500,0.1735,85100.0,1,0
GT-TND-2112-9AE5D-S,773,RELIABLE,24500,0.2146,0.0,0,0
GT-TNW-2105-S13T4-U,614,EMERGING,9000,0.3,0.0,0,1
GT-TGD-2101-PHXJ2-B,669,RELIABLE,23500,0.2454,0.0,0,1
GT-DLF-2401-58270-W,780,RELIABLE,33000,0.2133,25300.0,1,0
GT-WBR-2206-3XF7X-D,627,EMERGING,8500,0.3,0.0,0,0
GT-KLD-2208-1WMHX-W,695,RELIABLE,26500,0.2358,31900.0,1,0
GT-TND-2104-EA5VE-8,600,EMERGING,23000,0.3,22700.0,1,0
GT-RJD-2107-EPM3T-Y,520,EMERGING,9000,0.3,8500.0,1,1
GT-TGW-2106-VV1C7-N,665,RELIABLE,20500,0.247,21300.0,1,0
GT-MHW-2104-EVD1F-0,600,EMERGING,19500,0.3,0.0,0,0
GT-TGD-2105-ZN965-1,680,RELIABLE,36000,0.2411,32000.0,1,0
GT-TGR-2202-EX2PH-T,811,STRONG,60500,0.1777,76800.0,1,0
GT-KAD-2304-N40V2-R,830,STRONG,63500,0.1748,54300.0,1,0
GT-TGF-2307-TZ8S8-5,755,RELIABLE,28500,0.2186,25900.0,1,0
GT-MHW-2401-DW9YK-1,600,EMERGING,9500,0.3,9900.0,1,0
GT-UPC-2402-C58H0-C,648,EMERGING,10000,0.2943,0.0,0,0
GT-WBC-2306-R46C5-5,722,RELIABLE,27500,0.2272,28100.0,1,0
GT-TND-2308-Z0M8B-Z,785,RELIABLE,30000,0.2122,29900.0,1,0
GT-KAD-2209-T8YJP-B,780,RELIABLE,20500,0.2133,17400.0,1,0
GT-WBC-2108-9TM8G-2,595,EMERGING,9500,0.3,10300.0,1,0
GT-UPD-2312-Z9WEY-O,686,RELIABLE,23500,0.2389,23000.0,1,0
GT-TGD-2110-M9KTK-3,871,STRONG,81000,0.1698,72500.0,1,0
GT-KLD-2203-4BB8V-G,759,RELIABLE,32500,0.2177,27400.0,1,0
GT-MHW-2208-TE77T-U,663,RELIABLE,21000,0.2478,19200.0,1,0
GT-UPF-2112-D0X8P-S,879,STRONG,73000,0.169,59700.0,1,0
GT-TGH-2403-5DCMT-W,600,EMERGING,17000,0.3,0.0,0,0
GT-TNR-2109-VACCK-I,810,STRONG,55000,0.1779,57900.0,1,0
GT-DLD-2210-1AF60-G,771,RELIABLE,40500,0.2151,42200.0,1,0
GT-TGR-2204-D9MYP-M,736,RELIABLE,26000,0.2233,25100.0,1,0
GT-KAW-2205-JAR3Z-O,694,RELIABLE,20500,0.2361,20700.0,1,0
GT-GJD-2205-2DWV9-3,918,PRIME,112000,0.1455,90800.0,1,0
GT-TGH-2301-JBAS6-H,809,STRONG,44500,0.178,49200.0,1,0
GT-GJR-2108-5T1NR-Z,821,STRONG,50000,0.1761,53300.0,1,0
GT-WBW-2312-E87YS-B,600,EMERGING,18000,0.3,15400.0,1,0
GT-KLW-2201-37QGW-0,641,EMERGING,9500,0.2975,0.0,0,0
GT-KAR-2212-X9F0Q-D,854,STRONG,61000,0.1717,53900.0,1,1
GT-TGW-2308-XGQVF-G,696,RELIABLE,22000,0.2354,22100.0,1,0
GT-WBR-2206-JDMPG-2,812,STRONG,50000,0.1775,42200.0,1,1
GT-DLW-2111-DJXMT-W,577,EMERGING,11000,0.3,11500.0,1,0
GT-GJW-2111-A319S-R,583,EMERGING,9500,0.3,0.0,0,1
GT-TNR-2308-EXETA-T,754,RELIABLE,34500,0.2188,36100.0,1,1
GT-UPD-2208-28K59-T,683,RELIABLE,15500,0.24,16300.0,1,0
GT-KLH-2211-V4RF8-7,601,EMERGING,9500,0.3,8700.0,1,1
GT-RJH-2206-97R1E-9,735,RELIABLE,39500,0.2236,39100.0,1,0
GT-GJF-2401-NMAF0-U,939,PRIME,124500,0.1441,138600.0,1,0
GT-UPH-2110-0SSK6-R,880,STRONG,58000,0.1689,47600.0,1,0
GT-RJR-2311-920F7-P,740,RELIABLE,34000,0.2223,38100.0,1,0
GT-KLR-2210-4QFW8-3,752,RELIABLE,31000,0.2193,37100.0,1,1
GT-UPR-2312-TPBGB-M,825,STRONG,35500,0.1755,42600.0,1,0
GT-KLD-2103-CFP6X-2,840,STRONG,53500,0.1735,50500.0,1,0
GT-KLR-2303-MYZND-M,736,RELIABLE,21500,0.2233,24300.0,1,0
GT-MHF-2203-XY8AH-8,772,RELIABLE,28000,0.2149,31900.0,1,0
GT-WBD-2202-JY57N-1,803,STRONG,50500,0.179,49400.0,1,0
GT-TND-2105-F816X-1,600,EMERGING,18500,0.3,19000.0,1,0
GT-KLW-2108-G436R-2,695,RELIABLE,24000,0.2358,22500.0,1,0
GT-UPW-2105-R6SD9-D,747,RELIABLE,26000,0.2205,22900.0,1,0
GT-RJH-2207-177E0-8,905,PRIME,88500,0.1466,85100.0,1,0
GT-TND-2205-RAHK5-K,831,STRONG,60000,0.1747,53800.0,1,0
GT-RJC-2207-QHNYX-C,840,STRONG,59000,0.1735,58600.0,1,0
GT-KAD-2208-B3Y68-U,891,STRONG,68000,0.1678,64400.0,1,0
GT-KLD-2112-PWJK2-I,761,RELIABLE,25000,0.2173,26000.0,1,0
GT-DLW-2106-MBBX8-N,872,STRONG,54000,0.1697,58300.0,1,0
GT-WBR-2203-72TP9-5,751,RELIABLE,28000,0.2196,29200.0,1,0
GT-UPW-2204-PHJ6V-M,951,PRIME,186000,0.1433,168100.0,1,0
GT-UPD-2202-04ZX7-P,638,EMERGING,8500,0.299,8800.0,1,1
GT-DLD-2301-R7V42-3,720,RELIABLE,23000,0.2278,18600.0,1,1
GT-WBR-2204-CZ4HA-I,734,RELIABLE,26500,0.2239,31600.0,1,0
GT-WBD-2308-55JDW-Z,746,RELIABLE,29500,0.2208,31100.0,1,0
GT-UPD-2303-MQ2DW-S,890,STRONG,69500,0.1679,62400.0,1,0
GT-TND-2107-D0HN1-R,700,RELIABLE,28500,0.2341,29400.0,1,0
GT-UPD-2307-HDM8M-W,858,STRONG,50500,0.1712,51400.0,1,0
GT-GJW-2310-VSGQQ-N,862,STRONG,60000,0.1708,59700.0,1,1
GT-UPD-2306-EXMZE-9,772,RELIABLE,24000,0.2149,24200.0,1,0
GT-RJF-2301-6CN6D-L,707,RELIABLE,19500,0.2318,17100.0,1,0
GT-TGF-2104-MVJCZ-2,857,STRONG,75000,0.1713,89500.0,1,0
GT-TGR-2107-JA9AR-H,864,STRONG,54500,0.1705,59000.0,1,0
GT-UPR-2205-0NCJ2-O,766,RELIABLE,39500,0.2161,31600.0,1,0
GT-UPF-2304-WTN81-R,758,RELIABLE,24500,0.2179,24600.0,1,1
GT-RJC-2402-3RSZ7-M,765,RELIABLE,28500,0.2164,29800.0,1,0
GT-WBD-2105-MTD45-M,733,RELIABLE,35500,0.2242,35400.0,1,0
GT-GJW-2306-94VM2-2,810,STRONG,51000,0.1779,42600.0,1,0
GT-KAD-2210-P8D3Y-V,736,RELIABLE,20000,0.2233,20700.0,1,0
GT-TGR-2308-GBHVS-H,725,RELIABLE,36000,0.2264,35700.0,1,0
GT-DLR-2304-RN3V7-Q,655,RELIABLE,15500,0.2512,11900.0,1,1
GT-RJD-2203-EJ8TV-6,749,RELIABLE,33500,0.22,33800.0,1,0
GT-MHD-2108-754FE-P,776,RELIABLE,32000,0.214,22900.0,1,0
GT-UPD-2201-VBG6C-C,742,RELIABLE,21000,0.2218,27800.0,1,0
GT-RJD-2307-WYQGK-J,805,STRONG,45000,0.1787,46100.0,1,1
GT-TGR-2212-YFGRY-B,803,STRONG,44000,0.179,31300.0,1,0
GT-GJD-2206-C8SN1-J,694,RELIABLE,21000,0.2361,20900.0,1,1
GT-WBW-2310-DSBAN-L,839,STRONG,58000,0.1736,61000.0,1,0
GT-GJC-2304-0H1VD-N,728,RELIABLE,29500,0.2256,30100.0,1,0
GT-GJD-2201-PACJJ-V,659,RELIABLE,29500,0.2495,0.0,0,0
GT-DLD-2307-2C25A-D,766,RELIABLE,32500,0.2161,29100.0,1,0
GT-GJR-2311-CQT47-U,620,EMERGING,9000,0.3,8400.0,1,1
GT-KLC-2110-8ADTC-Q,707,RELIABLE,22000,0.2318,18600.0,1,1
GT-TNR-2110-BWMJV-U,825,STRONG,52500,0.1755,45500.0,1,0
GT-TND-2104-FHPBB-K,600,EMERGING,9000,0.3,0.0,0,0
GT-DLH-2402-4A06Y-1,863,STRONG,50500,0.1707,60100.0,1,0
GT-KLR-2204-81HXE-1,887,STRONG,93500,0.1682,103800.0,1,0
GT-RJR-2310-KCKV3-G,600,EMERGING,15500,0.3,13500.0,1,0
GT-TNC-2212-QVF6W-2,822,STRONG,52000,0.176,46300.0,1,0
GT-KLC-2110-X2JFY-B,846,STRONG,79000,0.1727,80300.0,1,0
GT-UPR-2306-NT7MY-J,520,EMERGING,9500,0.3,0.0,0,0
GT-TGD-2202-1BHSP-5,826,STRONG,75500,0.1754,79900.0,1,0
GT-RJR-2106-YAYAC-Z,681,RELIABLE,20000,0.2407,0.0,0,0
GT-KLD-2210-056N2-D,750,RELIABLE,24000,0.2198,24600.0,1,1
GT-RJR-2205-34QZF-H,709,RELIABLE,21000,0.2311,24200.0,1,0
GT-TGD-2103-W26YE-Q,779,RELIABLE,35000,0.2134,32700.0,1,0
GT-DLF-2306-6NTRF-E,822,STRONG,79000,0.176,83100.0,1,0
GT-MHW-2104-3EJ61-D,778,RELIABLE,40500,0.2136,43600.0,1,0
GT-RJH-2303-78HK7-U,627,EMERGING,8500,0.3,9400.0,1,1
GT-UPC-2305-JQE9A-M,600,EMERGING,8500,0.3,6900.0,1,0
GT-UPD-2403-BR0W7-D,755,RELIABLE,32500,0.2186,0.0,0,0
GT-KAD-2205-6JYJR-B,919,PRIME,79500,0.1454,86900.0,1,0
GT-KLR-2303-5BRVB-K,805,STRONG,36000,0.1787,41600.0,1,1
GT-MHD-2112-ZP2SN-W,732,RELIABLE,30500,0.2244,34800.0,1,0
GT-WBD-2301-G8X6K-K,680,RELIABLE,32500,0.2411,28700.0,1,0
GT-KLW-2402-37W6G-S,726,RELIABLE,26000,0.2261,29300.0,1,0
GT-DLR-2303-46ZDH-O,702,RELIABLE,27000,0.2334,31600.0,1,1
GT-WBD-2105-XYG3J-X,697,RELIABLE,24500,0.235,0.0,0,1
GT-RJR-2107-8HARQ-B,851,STRONG,63000,0.172,54000.0,1,0
GT-DLH-2208-29ZDA-9,597,EMERGING,8500,0.3,7800.0,1,1
GT-MHF-2207-EPVY3-9,838,STRONG,53500,0.1737,58000.0,1,0
GT-TGD-2403-ACW94-E,743,RELIABLE,25000,0.2215,0.0,0,0
GT-UPR-2310-F8YRB-C,752,RELIABLE,26000,0.2193,30500.0,1,0
GT-WBC-2105-8XWDN-Z,901,PRIME,92500,0.1469,101100.0,1,0
GT-TGD-2403-NC794-2,716,RELIABLE,26500,0.229,0.0,0,1
GT-GJF-2203-774N1-8,700,RELIABLE,20500,0.2341,21000.0,1,0
GT-KAW-2101-A91QX-B,755,RELIABLE,24000,0.2186,27100.0,1,1
GT-TNF-2111-BB6MM-2,799,RELIABLE,45500,0.2097,37800.0,1,0
GT-RJD-2401-T02H9-R,520,EMERGING,11500,0.3,0.0,0,1
GT-TNC-2308-WVR9B-0,655,RELIABLE,31000,0.2512,37900.0,1,1
GT-KLD-2203-S9TMV-Q,706,RELIABLE,21000,0.2321,0.0,0,0
GT-WBD-2101-1RCDN-R,825,STRONG,53000,0.1755,53300.0,1,0
GT-KLD-2208-3M62D-J,732,RELIABLE,28500,0.2244,33800.0,1,0
GT-GJR-2112-7JGGX-A,767,RELIABLE,34000,0.2159,32700.0,1,0
GT-TGD-2308-M5460-O,777,RELIABLE,26500,0.2139,26700.0,1,1
GT-KLW-2403-Y6EJA-1,667,RELIABLE,22500,0.2462,24100.0,1,0
GT-DLC-2402-XNCWG-T,868,STRONG,56500,0.1701,49300.0,1,0
GT-TND-2307-ZDC15-R,709,RELIABLE,23000,0.2311,24400.0,1,0
GT-UPW-2105-BW7NE-7,672,RELIABLE,17000,0.2442,0.0,0,0
GT-RJH-2311-RY4DS-P,875,STRONG,60500,0.1693,67100.0,1,0
GT-MHD-2107-33Q38-F,717,RELIABLE,25000,0.2287,0.0,0,0
GT-KLW-2401-J6BSQ-X,713,RELIABLE,16000,0.2299,16200.0,1,1
GT-TGH-2402-JKWY5-T,600,EMERGING,12500,0.3,0.0,0,0
GT-TNW-2304-VXWJP-7,741,RELIABLE,27500,0.2221,31500.0,1,0
GT-MHR-2111-AYKES-S,779,RELIABLE,34500,0.2134,28800.0,1,0
GT-KAC-2306-P78FW-U,886,STRONG,59500,0.1683,60500.0,1,0
GT-WBF-2309-QJCDB-X,759,RELIABLE,29500,0.2177,25700.0,1,0
GT-GJD-2312-51YM9-E,635,EMERGING,6500,0.3,0.0,0,1
GT-KAD-2107-9XXN2-3,791,RELIABLE,37500,0.2112,38700.0,1,0
GT-KLR-2101-M9H9G-O,600,EMERGING,14500,0.3,0.0,0,0
GT-WBR-2206-5A43R-Y,742,RELIABLE,30000,0.2218,32000.0,1,0
GT-KAD-2101-QDDRM-Q,784,RELIABLE,32000,0.2125,35700.0,1,0
GT-RJD-2402-HSAE2-O,600,EMERGING,13000,0.3,12600.0,1,0
GT-MHC-2103-0TZ81-R,719,RELIABLE,29000,0.2281,30300.0,1,1
GT-GJF-2101-DZFHR-A,802,STRONG,41000,0.1792,45700.0,1,0
GT-GJD-2112-PVKJV-3,694,RELIABLE,27000,0.2361,30600.0,1,0
GT-RJD-2311-61FVZ-F,735,RELIABLE,30000,0.2236,0.0,0,0
GT-RJD-2210-KGVVT-O,976,PRIME,161500,0.1419,178900.0,1,0
GT-KLD-2111-WR4B1-G,701,RELIABLE,21000,0.2337,22100.0,1,0
GT-KAF-2401-J0DS0-K,776,RELIABLE,31500,0.214,30700.0,1,0
GT-TND-2101-PJSH3-4,593,EMERGING,10000,0.3,0.0,0,0
GT-TNH-2311-2CTYA-H,764,RELIABLE,34000,0.2166,32300.0,1,1
GT-TND-2101-GZZWH-M,520,EMERGING,10500,0.3,0.0,0,1
GT-DLD-2110-K4ADC-Z,715,RELIABLE,30000,0.2293,29100.0,1,1
GT-DLC-2310-P5FC9-K,818,STRONG,40500,0.1766,35900.0,1,0
GT-KLR-2311-226ZZ-P,808,STRONG,54000,0.1782,59900.0,1,0
GT-RJR-2101-069Q7-E,823,STRONG,39000,0.1758,45300.0,1,0
GT-GJD-2105-P96YV-2,649,EMERGING,10000,0.2939,9700.0,1,1
GT-WBF-2208-RE6VV-R,911,PRIME,71500,0.1461,80600.0,1,0
GT-TGR-2102-9J6PM-Z,626,EMERGING,11000,0.3,0.0,0,1
GT-GJW-2110-DBV4D-P,899,STRONG,70500,0.1671,76000.0,1,0
GT-RJF-2211-8X21E-5,876,STRONG,57500,0.1693,58900.0,1,0
GT-TGC-2308-YS2WZ-T,788,RELIABLE,30500,0.2117,34700.0,1,0
GT-WBF-2104-ZH3PA-W,600,EMERGING,14500,0.3,0.0,0,1
GT-KLW-2107-1YNF7-U,794,RELIABLE,45500,0.2106,53500.0,1,0
GT-KLF-2211-R8EH0-I,708,RELIABLE,34000,0.2314,32400.0,1,0
GT-DLR-2208-MRZFB-8,739,RELIABLE,33000,0.2226,27200.0,1,0
GT-DLF-2306-FAN66-O,767,RELIABLE,27500,0.2159,22300.0,1,0
GT-DLF-2306-Y720F-J,546,EMERGING,6000,0.3,0.0,0,1
GT-KAD-2307-4XE33-W,871,STRONG,75000,0.1698,79900.0,1,0
GT-GJF-2402-18WFA-N,718,RELIABLE,16500,0.2284,18900.0,1,0
GT-TGD-2303-V55W3-D,733,RELIABLE,33500,0.2242,29600.0,1,0
GT-KAR-2401-TPKRQ-4,715,RELIABLE,24500,0.2293,25700.0,1,0
GT-DLD-2201-Q9RAC-M,798,RELIABLE,19500,0.2099,18800.0,1,0
GT-WBD-2302-N5JE2-S,681,RELIABLE,23500,0.2407,0.0,0,0
GT-RJD-2103-8DCD6-C,579,EMERGING,6500,0.3,0.0,0,1
GT-GJD-2309-RW8H0-9,790,RELIABLE,27500,0.2113,25200.0,1,0
GT-WBD-2207-N4Z1Q-T,781,RELIABLE,29500,0.213,31900.0,1,0
GT-MHD-2207-36FF7-O,600,EMERGING,13500,0.3,12000.0,1,0
GT-DLR-2110-TAQM3-9,685,RELIABLE,19500,0.2393,18900.0,1,0
GT-UPR-2211-TGMR9-3,754,RELIABLE,23000,0.2188,28600.0,1,0
GT-UPH-2204-6PEQC-Q,676,RELIABLE,22000,0.2427,21400.0,1,1
GT-RJW-2209-1RJP0-7,683,RELIABLE,21500,0.24,0.0,0,0
GT-WBD-2302-6D7ZY-U,655,RELIABLE,26500,0.2512,0.0,0,0
GT-DLR-2106-AB9CZ-N,886,STRONG,69500,0.1683,73800.0,1,0
GT-WBR-2207-7KSW7-I,600,EMERGING,16000,0.3,0.0,0,0
GT-RJR-2205-2CWBP-2,600,EMERGING,20000,0.3,21400.0,1,0
GT-MHR-2312-4XD2G-I,905,PRIME,100500,0.1466,101200.0,1,0
GT-RJF-2101-MYQ6N-D,802,STRONG,49500,0.1792,49600.0,1,0
GT-KLF-2208-ZBG9X-3,829,STRONG,31000,0.175,30300.0,1,0
GT-RJR-2104-YMM88-N,762,RELIABLE,30000,0.217,0.0,0,0
GT-GJF-2108-7E3CZ-D,712,RELIABLE,34000,0.2302,38000.0,1,1
GT-TGD-2207-X1NVS-V,554,EMERGING,8500,0.3,0.0,0,1
GT-RJW-2111-JY9TQ-6,832,STRONG,53000,0.1746,48700.0,1,0
GT-MHH-2311-BYXHG-U,828,STRONG,53000,0.1751,49200.0,1,1
GT-UPD-2106-AZ6H6-C,776,RELIABLE,23000,0.214,24100.0,1,0
GT-TGW-2306-5RBWV-P,772,RELIABLE,30000,0.2149,29300.0,1,0
GT-WBW-2105-27GJH-L,811,STRONG,50500,0.1777,56000.0,1,0
GT-TGR-2211-M2FKY-M,613,EMERGING,12000,0.3,11800.0,1,1
GT-KAD-2311-S6NNV-Q,670,RELIABLE,23500,0.245,23000.0,1,0
GT-KLW-2107-6ZR7S-C,671,RELIABLE,20500,0.2446,0.0,0,0
GT-GJR-2205-43D0E-J,894,STRONG,63000,0.1675,0.0,0,0
GT-GJD-2104-S7MPJ-Z,823,STRONG,49000,0.1758,50100.0,1,0
GT-MHF-2303-W30J7-V,537,EMERGING,6000,0.3,0.0,0,1
GT-UPR-2207-4ZFDT-J,659,RELIABLE,26000,0.2495,26500.0,1,0
GT-KLD-2110-GB6DT-3,756,RELIABLE,25000,0.2184,22800.0,1,0
GT-RJH-2111-ZH2KB-O,600,EMERGING,16000,0.3,0.0,0,0
GT-DLD-2211-P3600-X,616,EMERGING,9000,0.3,9500.0,1,1
GT-MHR-2202-P30GM-7,873,STRONG,56500,0.1696,63200.0,1,0
GT-TNF-2202-FZ8KJ-A,785,RELIABLE,33500,0.2122,31700.0,1,0
GT-KAD-2111-VBAC6-Y,600,EMERGING,17000,0.3,17000.0,1,0
GT-WBW-2206-MH6Z9-O,674,RELIABLE,26500,0.2434,32700.0,1,1
GT-TGF-2401-QFRSW-K,804,STRONG,69500,0.1788,69800.0,1,0
GT-WBR-2201-S36ZF-O,640,EMERGING,8500,0.298,0.0,0,0
GT-KLR-2310-367A0-6,783,RELIABLE,34000,0.2127,32700.0,1,1
GT-GJH-2112-WT6Q2-W,600,EMERGING,21000,0.3,0.0,0,0
GT-TGC-2308-DJ67W-W,600,EMERGING,9500,0.3,0.0,0,1
GT-UPD-2401-ZHBGR-1,896,STRONG,59500,0.1674,64400.0,1,0
GT-TNR-2208-MYXQN-L,778,RELIABLE,37000,0.2136,44300.0,1,0
GT-UPR-2105-M67RV-C,839,STRONG,57000,0.1736,56200.0,1,0
GT-KLC-2109-KXHZV-Q,631,EMERGING,9500,0.3,0.0,0,0
GT-KLW-2111-K337K-C,673,RELIABLE,18000,0.2438,19600.0,1,1
GT-WBR-2403-X1RC3-G,648,EMERGING,9000,0.2943,8100.0,1,0
GT-TGC-2302-91QDH-C,751,RELIABLE,22500,0.2196,19500.0,1,0
GT-TNR-2202-NCFG1-V,791,RELIABLE,39000,0.2112,43100.0,1,0
GT-WBD-2106-77RRE-4,673,RELIABLE,21500,0.2438,23900.0,1,0
GT-KLF-2202-CTQ9A-S,678,RELIABLE,16000,0.2419,13600.0,1,1
GT-RJR-2303-NEMR9-V,652,RELIABLE,21500,0.2526,0.0,0,1
GT-GJF-2209-D8NE7-J,769,RELIABLE,27500,0.2155,20800.0,1,0
GT-DLR-2402-V4VK2-2,714,RELIABLE,30000,0.2296,33600.0,1,1
GT-TNW-2111-C37W7-A,674,RELIABLE,21000,0.2434,0.0,0,1
GT-DLH-2310-SZSXZ-M,879,STRONG,66000,0.169,53200.0,1,0
GT-MHD-2105-KJ8GB-K,600,EMERGING,16500,0.3,0.0,0,1
GT-KAR-2210-5Q91B-P,888,STRONG,75500,0.1681,67200.0,1,0
GT-UPW-2403-9NWM2-T,680,RELIABLE,24000,0.2411,0.0,0,0
GT-UPD-2210-ZB3W5-H,761,RELIABLE,35500,0.2173,37900.0,1,0
GT-MHW-2201-RWBY6-Z,750,RELIABLE,23500,0.2198,26700.0,1,0
GT-GJF-2202-025D7-O,520,EMERGING,10000,0.3,0.0,0,1
GT-MHD-2304-W461Q-Y,894,STRONG,72500,0.1675,72400.0,1,0
GT-DLC-2108-JAJJD-Z,735,RELIABLE,20500,0.2236,19500.0,1,1
GT-DLR-2205-J1KK5-8,800,STRONG,33500,0.1795,35800.0,1,0
GT-MHD-2108-9HR08-P,658,RELIABLE,19000,0.2499,0.0,0,0
GT-UPD-2107-KQARZ-U,739,RELIABLE,19500,0.2226,16300.0,1,0
GT-KAW-2312-233PF-Q,697,RELIABLE,19000,0.235,18400.0,1,0
GT-TGH-2311-BSSCJ-3,847,STRONG,51500,0.1726,53600.0,1,0
GT-TGR-2112-5PSP0-Z,793,RELIABLE,31500,0.2107,36500.0,1,1
GT-WBD-2212-JKGY6-Z,767,RELIABLE,37000,0.2159,44000.0,1,0
GT-MHD-2104-MC5VH-3,881,STRONG,73500,0.1687,60500.0,1,0
GT-TGF-2306-QKCW7-H,846,STRONG,61000,0.1727,61800.0,1,0
GT-UPR-2211-QXYX9-Y,821,STRONG,62000,0.1761,61800.0,1,0
GT-TNR-2308-4ZPWX-A,619,EMERGING,9000,0.3,9200.0,1,1
GT-KLD-2209-MADGB-3,686,RELIABLE,14000,0.2389,11100.0,1,1
GT-TGR-2207-GZCRK-P,698,RELIABLE,15000,0.2347,16100.0,1,1
GT-UPF-2105-A25YR-M,831,STRONG,58000,0.1747,57200.0,1,0
GT-MHR-2208-D00NW-2,680,RELIABLE,28000,0.2411,36500.0,1,0
GT-RJD-2305-0RJH3-X,653,RELIABLE,22000,0.2521,26700.0,1,0
GT-TGR-2309-Z81H3-5,775,RELIABLE,46000,0.2142,49800.0,1,1
GT-KLR-2312-SBJ37-O,600,EMERGING,10500,0.3,0.0,0,0
GT-UPR-2101-H2H6J-K,764,RELIABLE,30000,0.2166,33400.0,1,0
GT-UPD-2306-7NAMS-6,645,EMERGING,9000,0.2957,7500.0,1,0
GT-MHD-2301-RNGTG-1,826,STRONG,42500,0.1754,46100.0,1,0
GT-WBR-2105-7W6C2-C,771,RELIABLE,36500,0.2151,28800.0,1,0
GT-UPD-2309-RYM62-V,876,STRONG,69500,0.1693,68800.0,1,0
GT-RJF-2102-KJCAA-B,837,STRONG,66500,0.1738,0.0,0,0
GT-TNR-2308-BRXBR-L,686,RELIABLE,17500,0.2389,19100.0,1,0
GT-WBD-2401-68FFP-L,600,EMERGING,18500,0.3,18300.0,1,0
GT-MHF-2109-4NAG1-N,647,EMERGING,9000,0.2948,0.0,0,0
GT-TGR-2212-TDBDR-P,625,EMERGING,9000,0.3,0.0,0,0
GT-TGD-2302-DR07E-6,805,STRONG,54500,0.1787,0.0,0,0
GT-KAW-2306-VZV96-I,589,EMERGING,7500,0.3,7600.0,1,1
GT-KLR-2201-DMD5Z-2,776,RELIABLE,36500,0.214,30300.0,1,0
GT-GJC-2312-0M38X-W,622,EMERGING,10000,0.3,11000.0,1,0
GT-MHD-2212-SR0BV-C,740,RELIABLE,27000,0.2223,30000.0,1,0
GT-RJC-2204-0K3WX-0,714,RELIABLE,33000,0.2296,35500.0,1,0
GT-GJW-2207-ZJ8WT-O,731,RELIABLE,24500,0.2247,25000.0,1,0
GT-GJD-2309-C5R4J-2,680,RELIABLE,22000,0.2411,26400.0,1,0
GT-KLR-2311-0VN9P-B,848,STRONG,35000,0.1725,38900.0,1,0
GT-TGF-2312-MZ4D7-B,719,RELIABLE,24500,0.2281,22200.0,1,0
GT-TNR-2208-R967P-Y,704,RELIABLE,24500,0.2328,21300.0,1,1
GT-GJR-2310-47876-0,600,EMERGING,15500,0.3,16000.0,1,0
GT-RJH-2107-6923D-S,646,EMERGING,10000,0.2953,0.0,0,1
GT-RJF-2306-DSV7A-B,755,RELIABLE,25000,0.2186,26100.0,1,0
GT-UPH-2403-7MPR3-K,600,EMERGING,18000,0.3,16400.0,1,1
GT-UPC-2305-345QF-W,957,PRIME,112000,0.1429,130000.0,1,0
GT-KAW-2109-QZTDB-H,716,RELIABLE,23500,0.229,23700.0,1,1
GT-TGW-2205-HENSD-W,773,RELIABLE,28000,0.2146,27500.0,1,0
GT-TNF-2309-5YBK1-I,520,EMERGING,12000,0.3,0.0,0,1
GT-TNC-2204-YH2PB-E,778,RELIABLE,32000,0.2136,35300.0,1,1
GT-RJF-2307-1DMD6-X,600,EMERGING,19000,0.3,17900.0,1,0
GT-TND-2109-56R4G-3,767,RELIABLE,28500,0.2159,32600.0,1,0
GT-RJF-2306-A3N9R-L,837,STRONG,65500,0.1738,61000.0,1,0
GT-KLD-2108-ZDHCP-F,692,RELIABLE,19000,0.2368,16600.0,1,0
GT-TGH-2308-JRABY-Q,849,STRONG,64500,0.1723,74800.0,1,0
GT-MHF-2101-0S5BZ-G,811,STRONG,42500,0.1777,49000.0,1,1
GT-GJR-2101-NX491-Q,767,RELIABLE,29500,0.2159,30100.0,1,0
GT-RJD-2301-H321A-S,696,RELIABLE,28000,0.2354,28300.0,1,0
GT-TGR-2309-PPZWM-T,680,RELIABLE,47000,0.2411,60500.0,1,0
GT-MHR-2206-S6YEG-C,703,RELIABLE,30000,0.2331,29800.0,1,1
GT-WBF-2209-M1JTC-R,791,RELIABLE,44000,0.2112,49800.0,1,0
GT-KLF-2104-VMD2V-M,671,RELIABLE,19000,0.2446,18300.0,1,1
GT-WBR-2308-CCSSX-1,894,STRONG,66500,0.1675,57400.0,1,0
GT-TGD-2202-J3MCJ-T,843,STRONG,71000,0.1731,75800.0,1,1
GT-TGR-2109-6FDGP-R,673,RELIABLE,15000,0.2438,14000.0,1,1
GT-UPR-2403-C9R62-W,792,RELIABLE,38500,0.211,39900.0,1,0
GT-TNC-2307-R0GVG-X,753,RELIABLE,30500,0.2191,36500.0,1,0
GT-UPC-2309-4Y3C5-Y,687,RELIABLE,27000,0.2386,25700.0,1,0
GT-KLW-2210-J4JMR-N,828,STRONG,51500,0.1751,53600.0,1,0
GT-UPD-2107-ARHJQ-Q,600,EMERGING,21000,0.3,16900.0,1,0
GT-KLD-2110-WP518-D,769,RELIABLE,25000,0.2155,0.0,0,0
GT-UPC-2111-5D882-P,759,RELIABLE,35500,0.2177,29600.0,1,0
GT-RJH-2205-N5XYH-4,764,RELIABLE,26000,0.2166,30500.0,1,0
GT-KAD-2302-0N7YQ-R,762,RELIABLE,35000,0.217,41500.0,1,0
GT-TNF-2101-EBHBY-Z,772,RELIABLE,29000,0.2149,25800.0,1,1
GT-DLR-2105-0X5M8-3,633,EMERGING,7500,0.3,7200.0,1,1
GT-RJD-2309-V0A7V-1,917,PRIME,93500,0.1456,89300.0,1,0
GT-DLH-2109-QV8TH-Z,687,RELIABLE,22000,0.2386,19200.0,1,1
GT-KLH-2107-AEHET-G,778,RELIABLE,25500,0.2136,22700.0,1,1
GT-GJH-2204-HWZGW-L,775,RELIABLE,25000,0.2142,23500.0,1,1
GT-MHD-2404-1KF3F-B,920,PRIME,89000,0.1454,114900.0,1,0
GT-GJR-2306-1NFEK-8,622,EMERGING,10000,0.3,0.0,0,1
GT-TNC-2306-S83PY-J,732,RELIABLE,24500,0.2244,25400.0,1,0
GT-DLF-2307-MG9N8-A,701,RELIABLE,21000,0.2337,19000.0,1,1
GT-KLR-2111-3B6GV-7,600,EMERGING,13500,0.3,0.0,0,0
GT-UPR-2310-KDHHE-Z,711,RELIABLE,32000,0.2305,28100.0,1,0
GT-UPD-2308-Q7WHQ-H,600,EMERGING,12500,0.3,13900.0,1,1
GT-TNF-2207-D2S5E-R,602,EMERGING,8000,0.3,8200.0,1,0
GT-GJC-2101-XB3KN-P,775,RELIABLE,42500,0.2142,43500.0,1,0
GT-TND-2203-B4MPB-X,749,RELIABLE,30500,0.22,31400.0,1,1
GT-GJD-2207-JFYBM-P,600,EMERGING,10000,0.3,0.0,0,0
GT-TNR-2209-W2C7M-O,870,STRONG,75000,0.1699,75000.0,1,0
GT-GJR-2204-7ZHB2-N,704,RELIABLE,23500,0.2328,22500.0,1,0
GT-UPR-2202-ZSFD3-L,801,STRONG,52000,0.1794,53900.0,1,0
GT-TND-2310-M749E-I,670,RELIABLE,23500,0.245,22300.0,1,1
GT-KAW-2203-GM5EC-U,845,STRONG,59000,0.1728,55900.0,1,0
GT-KAD-2308-TE4BW-O,680,RELIABLE,39500,0.2411,46600.0,1,0
GT-KLF-2305-8X7CR-T,658,RELIABLE,22000,0.2499,20300.0,1,1
GT-KLR-2308-P5E3J-I,686,RELIABLE,13000,0.2389,12600.0,1,1
GT-GJR-2105-KGQP6-A,781,RELIABLE,44000,0.213,38000.0,1,0
GT-MHF-2110-6FJNF-G,600,EMERGING,14500,0.3,0.0,0,0
GT-WBF-2309-XZSK5-B,750,RELIABLE,29000,0.2198,29700.0,1,1
GT-TGR-2312-642CY-D,867,STRONG,49500,0.1702,33900.0,1,0
GT-DLR-2212-VXS3N-P,722,RELIABLE,22000,0.2272,0.0,0,0
GT-TNR-2109-A3SA4-Y,740,RELIABLE,26500,0.2223,29800.0,1,0
GT-UPR-2104-J0J5E-L,861,STRONG,61500,0.1709,45800.0,1,0
GT-KLR-2212-MGZNW-1,805,STRONG,43000,0.1787,30600.0,1,0
GT-RJR-2203-PDRPT-G,736,RELIABLE,18500,0.2233,17300.0,1,0
GT-DLR-2307-ED9PM-N,715,RELIABLE,24000,0.2293,17900.0,1,0
GT-WBD-2302-MCHSS-X,595,EMERGING,9000,0.3,0.0,0,1
GT-WBW-2402-931X0-P,679,RELIABLE,26000,0.2415,19800.0,1,1
GT-DLD-2108-ZHY6J-1,600,EMERGING,16500,0.3,0.0,0,0
GT-TGC-2103-K5XMY-0,747,RELIABLE,24000,0.2205,21000.0,1,1
GT-TNF-2311-282DT-O,742,RELIABLE,35000,0.2218,32500.0,1,0
GT-KAD-2103-RTXZ8-M,855,STRONG,73500,0.1716,90800.0,1,0
GT-TGF-2402-3KPTJ-I,649,EMERGING,12500,0.2939,11700.0,1,0
GT-TNR-2307-4B0ZD-G,755,RELIABLE,20000,0.2186,16600.0,1,0
GT-TNC-2105-7J1HY-U,843,STRONG,69500,0.1731,71500.0,1,0
GT-GJH-2307-8BZXG-0,671,RELIABLE,25500,0.2446,24900.0,1,0
GT-UPC-2311-3RJ62-S,882,STRONG,80000,0.1687,70500.0,1,0
GT-KAR-2109-GXF6M-M,791,RELIABLE,27000,0.2112,29200.0,1,0
GT-TNC-2103-TE3DD-Z,752,RELIABLE,27000,0.2193,30400.0,1,0
GT-KAF-2302-AXDHD-R,921,PRIME,98500,0.1453,77700.0,1,0
GT-RJC-2303-YAJQ7-3,520,EMERGING,8000,0.3,0.0,0,1
GT-KLD-2312-TFQ8T-4,731,RELIABLE,31500,0.2247,33500.0,1,0
GT-TGC-2307-92WPR-X,803,STRONG,55500,0.179,54700.0,1,0
GT-KLF-2110-17RHX-G,656,RELIABLE,18500,0.2508,18600.0,1,1
GT-GJD-2312-P44PF-G,818,STRONG,61500,0.1766,61500.0,1,0
GT-RJH-2310-RS6SX-3,647,EMERGING,11500,0.2948,13100.0,1,0
GT-KLF-2107-H9QGZ-C,781,RELIABLE,23000,0.213,20200.0,1,0
GT-WBC-2104-5GADA-N,801,STRONG,46000,0.1794,45200.0,1,0
GT-TGD-2312-60J64-R,755,RELIABLE,38000,0.2186,43900.0,1,1
GT-UPR-2302-11HJT-H,503,EMERGING,6500,0.3,0.0,0,0
GT-MHF-2308-61Z3G-8,709,RELIABLE,26500,0.2311,26100.0,1,0
GT-DLD-2311-YJM6A-B,792,RELIABLE,38000,0.211,42000.0,1,0
GT-WBW-2206-P3FKH-D,743,RELIABLE,28500,0.2215,25000.0,1,0
GT-DLF-2205-VD8H1-K,501,EMERGING,6000,0.3,0.0,0,1
GT-TGD-2302-T2W47-M,680,RELIABLE,40500,0.2411,38500.0,1,0
GT-RJF-2105-0SFK1-6,797,RELIABLE,39000,0.2101,39300.0,1,1
GT-UPD-2111-EWB86-9,691,RELIABLE,20000,0.2371,18100.0,1,0
GT-RJW-2207-XZM5Y-P,600,EMERGING,24500,0.3,29000.0,1,0
GT-RJC-2109-WX38C-L,713,RELIABLE,33500,0.2299,0.0,0,0
GT-TNR-2312-JHA4H-L,743,RELIABLE,26000,0.2215,22100.0,1,0
GT-UPR-2304-KVQEW-Y,776,RELIABLE,29000,0.214,29500.0,1,1
GT-TNR-2212-D6865-0,866,STRONG,58500,0.1703,45100.0,1,0
GT-KLR-2307-3BKPK-L,870,STRONG,43000,0.1699,53300.0,1,0
GT-MHC-2201-CTW3P-2,819,STRONG,41000,0.1764,52800.0,1,0
GT-DLD-2108-VRR9Z-E,761,RELIABLE,32000,0.2173,31000.0,1,1
GT-KLR-2111-TZ1TC-2,841,STRONG,70000,0.1733,55200.0,1,0
GT-DLD-2312-7R1C5-W,520,EMERGING,11000,0.3,0.0,0,1
GT-GJF-2201-VB2WX-V,802,STRONG,53000,0.1792,56600.0,1,0
GT-DLW-2201-KVSZQ-9,724,RELIABLE,29500,0.2266,24500.0,1,1
GT-DLD-2306-EM1T8-Y,769,RELIABLE,28500,0.2155,33500.0,1,0
GT-GJD-2308-VQ5A2-H,600,EMERGING,15000,0.3,17700.0,1,1
GT-UPD-2205-42B4Y-3,785,RELIABLE,24500,0.2122,23300.0,1,0
GT-DLD-2111-6JEN7-4,776,RELIABLE,35000,0.214,37900.0,1,0
GT-KLR-2205-9Y27M-4,524,EMERGING,5500,0.3,0.0,0,0
GT-KAW-2309-WEFMH-W,743,RELIABLE,33000,0.2215,30300.0,1,0
GT-MHR-2109-BEA9H-H,828,STRONG,49000,0.1751,56600.0,1,0
GT-KLD-2311-QEP8P-M,799,RELIABLE,30000,0.2097,0.0,0,0
GT-KAF-2105-W164W-1,749,RELIABLE,34000,0.22,37000.0,1,1
GT-TNW-2304-DXRE5-S,887,STRONG,52500,0.1682,69500.0,1,0
GT-MHR-2105-24Z7X-3,748,RELIABLE,28000,0.2203,30000.0,1,1
GT-DLD-2105-PSD9T-X,600,EMERGING,18000,0.3,0.0,0,0
GT-KAW-2105-CS6E7-3,600,EMERGING,29000,0.3,32300.0,1,0
GT-TND-2102-3EE6T-4,802,STRONG,56500,0.1792,53100.0,1,1
GT-DLW-2304-RR2K1-6,733,RELIABLE,25500,0.2242,24300.0,1,1
GT-MHW-2102-J7EYV-J,545,EMERGING,6500,0.3,5300.0,1,0
GT-UPC-2205-J2JX6-K,733,RELIABLE,32000,0.2242,27600.0,1,1
GT-KAD-2312-69N2J-4,803,STRONG,44500,0.179,55200.0,1,0
GT-TGD-2210-KF1M7-1,742,RELIABLE,18000,0.2218,22000.0,1,0
GT-TNC-2211-SKGE4-L,828,STRONG,41000,0.1751,44800.0,1,0
GT-GJR-2310-PE0TB-6,750,RELIABLE,32000,0.2198,25700.0,1,0
GT-TNR-2309-SYQYA-4,867,STRONG,44000,0.1702,47900.0,1,0
GT-TGR-2201-DWFEW-N,759,RELIABLE,32500,0.2177,27200.0,1,0
GT-RJD-2307-6S4DW-U,798,RELIABLE,33500,0.2099,37800.0,1,0
GT-MHF-2104-ZPBB1-2,806,STRONG,42500,0.1785,52900.0,1,0
GT-TGH-2203-CMP5W-V,870,STRONG,72500,0.1699,66000.0,1,0
GT-WBF-2312-9RZNQ-D,624,EMERGING,10500,0.3,0.0,0,1
GT-UPR-2111-R0JRB-Q,755,RELIABLE,34500,0.2186,36500.0,1,0
GT-WBH-2304-6J0A5-8,818,STRONG,43000,0.1766,51100.0,1,0
GT-UPF-2305-DAYP2-7,861,STRONG,49500,0.1709,22300.0,1,0
GT-UPD-2101-MAKN7-G,782,RELIABLE,42500,0.2128,45400.0,1,0
GT-UPF-2308-BKAP2-B,723,RELIABLE,15500,0.2269,0.0,0,1
GT-GJD-2310-0F1ZF-I,600,EMERGING,14500,0.3,14600.0,1,0
GT-KLD-2112-QREXV-W,810,STRONG,53500,0.1779,57500.0,1,0
GT-KAF-2402-BPWFW-S,724,RELIABLE,19500,0.2266,0.0,0,1
GT-TGD-2303-HCD11-I,600,EMERGING,17000,0.3,0.0,0,0
GT-RJD-2206-TWN73-7,863,STRONG,54000,0.1707,58200.0,1,0
GT-MHF-2201-DVZCN-K,938,PRIME,110500,0.1441,135000.0,1,0
GT-RJD-2209-81VBY-V,841,STRONG,61500,0.1733,0.0,0,0
GT-KAR-2101-33RV2-5,811,STRONG,41500,0.1777,40300.0,1,0
GT-UPD-2111-E2C0M-C,750,RELIABLE,24500,0.2198,26800.0,1,1
GT-MHF-2401-XR6ZG-W,835,STRONG,42500,0.1741,47500.0,1,0
GT-GJC-2105-E66ZP-4,780,RELIABLE,30500,0.2133,36200.0,1,0
GT-RJD-2107-AK0GC-6,804,STRONG,38000,0.1788,34900.0,1,0
GT-RJW-2104-P4K2P-T,520,EMERGING,16500,0.3,0.0,0,1
GT-WBD-2209-ME5SG-2,882,STRONG,62500,0.1687,63300.0,1,0
GT-KLD-2307-NKEY2-Q,642,EMERGING,9500,0.2971,0.0,0,1
GT-MHR-2209-XP4CG-7,744,RELIABLE,35500,0.2213,33800.0,1,1
GT-DLD-2310-JEW77-W,739,RELIABLE,28500,0.2226,27900.0,1,0
GT-MHD-2208-569KY-7,929,PRIME,125000,0.1447,130800.0,1,0
GT-UPW-2209-J3ASM-M,725,RELIABLE,31500,0.2264,35700.0,1,0
GT-RJW-2102-SJFDM-G,680,RELIABLE,22500,0.2411,21100.0,1,0
GT-KLH-2101-SCTQ8-T,665,RELIABLE,17500,0.247,12500.0,1,0
GT-WBH-2107-VN9BN-4,878,STRONG,60500,0.169,46400.0,1,0
GT-MHR-2106-CMX7P-K,510,EMERGING,12500,0.3,0.0,0,1
GT-MHD-2401-ZF06W-E,699,RELIABLE,20500,0.2344,0.0,0,1
GT-GJD-2301-6G77D-Q,934,PRIME,112500,0.1444,116400.0,1,0
GT-RJR-2205-KGXF5-W,764,RELIABLE,28500,0.2166,29300.0,1,0
GT-KLC-2205-M31JD-W,652,RELIABLE,18000,0.2526,20000.0,1,0
GT-UPD-2109-P3S8G-Q,792,RELIABLE,31000,0.211,29600.0,1,1
GT-RJD-2210-VFC56-7,739,RELIABLE,21000,0.2226,0.0,0,0
GT-TGR-2110-3Q338-P,855,STRONG,48000,0.1716,34900.0,1,0
GT-MHC-2212-MFCET-E,910,PRIME,99500,0.1462,119000.0,1,0
GT-TGR-2203-8C9W1-0,753,RELIABLE,31500,0.2191,36900.0,1,0
GT-KAW-2209-PNXPR-D,721,RELIABLE,25500,0.2275,19900.0,1,0
GT-GJR-2102-Q4K91-F,850,STRONG,51500,0.1722,55700.0,1,0
GT-TNR-2109-9RACP-4,600,EMERGING,11000,0.3,0.0,0,0
GT-TNR-2301-S0T41-G,600,EMERGING,14500,0.3,0.0,0,0
GT-KAW-2302-PWY6K-5,599,EMERGING,10000,0.3,9600.0,1,1
GT-KLW-2403-81AV7-P,520,EMERGING,7500,0.3,0.0,0,1
GT-TGR-2303-EVWW1-T,714,RELIABLE,22000,0.2296,25200.0,1,1
GT-UPD-2108-F7TSX-N,647,EMERGING,9500,0.2948,10100.0,1,1
GT-WBD-2307-ZHRCA-T,600,EMERGING,21000,0.3,25700.0,1,0
GT-GJD-2208-AA1SY-2,732,RELIABLE,26000,0.2244,23400.0,1,0
GT-TGD-2301-JN1RF-A,523,EMERGING,7000,0.3,0.0,0,0
GT-GJD-2210-2HQ98-2,682,RELIABLE,18000,0.2404,19400.0,1,1
GT-MHF-2307-BW6BE-N,704,RELIABLE,19000,0.2328,20400.0,1,0
GT-KLW-2201-SZB9R-5,639,EMERGING,9500,0.2985,8100.0,1,0
GT-TGW-2303-Z226A-7,893,STRONG,109000,0.1676,95200.0,1,0
GT-KAW-2210-EYNPQ-I,520,EMERGING,17000,0.3,0.0,0,0
GT-KLH-2111-PX1WP-S,822,STRONG,73500,0.176,71300.0,1,0
GT-KAH-2103-4DPYM-X,600,EMERGING,11000,0.3,0.0,0,0
GT-TGD-2312-JZ893-N,768,RELIABLE,30000,0.2157,31200.0,1,0
GT-UPD-2312-JH57S-E,691,RELIABLE,15500,0.2371,18100.0,1,0
GT-TND-2308-FEB7R-H,784,RELIABLE,33500,0.2125,34400.0,1,1
GT-DLC-2311-ABTG2-P,689,RELIABLE,23000,0.2379,23600.0,1,0
GT-DLD-2401-08BM3-5,781,RELIABLE,28000,0.213,25500.0,1,0
GT-GJR-2105-N0GT4-5,675,RELIABLE,22000,0.243,18500.0,1,0
GT-WBR-2308-CK33C-4,730,RELIABLE,28000,0.225,26500.0,1,1
GT-WBF-2401-JFG2M-2,885,STRONG,56500,0.1684,47600.0,1,0
GT-WBF-2307-FEXFX-9,600,EMERGING,21500,0.3,0.0,0,0
GT-TNW-2109-C41DR-T,659,RELIABLE,22000,0.2495,23700.0,1,0
GT-KLR-2106-4JDZF-U,600,EMERGING,17500,0.3,16900.0,1,0
GT-DLC-2201-4V230-K,737,RELIABLE,30500,0.2231,36100.0,1,0
GT-RJD-2212-95RZK-6,743,RELIABLE,27000,0.2215,29900.0,1,0
GT-UPC-2308-14FNB-O,754,RELIABLE,29000,0.2188,25500.0,1,0
GT-KAF-2403-Q7M2K-Z,697,RELIABLE,32500,0.235,27300.0,1,1
GT-MHD-2304-NXCEE-N,600,EMERGING,13500,0.3,0.0,0,0
GT-WBH-2301-P80SR-S,598,EMERGING,5500,0.3,0.0,0,1
GT-MHH-2310-AKN63-W,727,RELIABLE,24000,0.2258,26700.0,1,0
GT-RJC-2304-R797W-8,836,STRONG,68000,0.174,66300.0,1,1
GT-TGC-2202-8QKDZ-1,717,RELIABLE,21500,0.2287,17600.0,1,0
GT-RJR-2203-FR161-8,925,PRIME,100000,0.145,113400.0,1,0
GT-MHD-2209-9GG45-D,520,EMERGING,24000,0.3,0.0,0,0
GT-KAD-2404-F1325-R,850,STRONG,80500,0.1722,77800.0,1,0
GT-GJC-2401-R2JNA-Y,806,STRONG,38500,0.1785,44300.0,1,0
GT-RJW-2310-VXPDR-Z,890,STRONG,65500,0.1679,61300.0,1,0
GT-KLH-2401-5JYV3-P,600,EMERGING,15000,0.3,15100.0,1,0
GT-UPC-2102-YE5FQ-O,542,EMERGING,7000,0.3,0.0,0,1
GT-UPF-2212-D06QS-M,743,RELIABLE,27000,0.2215,26100.0,1,0
GT-KAD-2307-KGSSK-Z,799,RELIABLE,35500,0.2097,36000.0,1,1
GT-GJD-2201-2WPH8-I,751,RELIABLE,29500,0.2196,26500.0,1,0
GT-UPR-2203-AK8V3-3,761,RELIABLE,34000,0.2173,45200.0,1,0
GT-TNW-2206-3JSC1-X,885,STRONG,64000,0.1684,55200.0,1,0
GT-KLD-2111-YQT2T-M,680,RELIABLE,27500,0.2411,24500.0,1,0
GT-KLC-2310-D4K63-A,775,RELIABLE,35000,0.2142,42600.0,1,0
GT-RJF-2307-A4MGA-D,677,RELIABLE,19000,0.2422,20800.0,1,0
GT-RJD-2307-VEKSG-E,654,RELIABLE,18500,0.2517,0.0,0,0
GT-WBC-2203-9YE8Y-H,680,RELIABLE,47500,0.2411,49500.0,1,0
GT-RJF-2105-D9THT-O,788,RELIABLE,26000,0.2117,21800.0,1,0
GT-KAW-2106-21X61-E,709,RELIABLE,26500,0.2311,26000.0,1,1
GT-DLR-2208-YEMDJ-8,710,RELIABLE,24500,0.2308,25700.0,1,0
GT-GJR-2102-82G1H-3,520,EMERGING,13000,0.3,0.0,0,1
GT-MHD-2106-SSJHV-1,731,RELIABLE,25000,0.2247,23400.0,1,0
GT-RJR-2206-BF23W-Z,689,RELIABLE,21500,0.2379,0.0,0,1
GT-MHW-2404-4FEZT-4,624,EMERGING,11500,0.3,11000.0,1,0
GT-TNH-2312-TYHQA-8,755,RELIABLE,39500,0.2186,37600.0,1,1
GT-DLC-2311-5CFH6-I,696,RELIABLE,29000,0.2354,30000.0,1,0
GT-WBD-2104-BRTXH-Y,858,STRONG,55000,0.1712,46300.0,1,0
GT-KAH-2108-3WD6F-7,810,STRONG,51000,0.1779,41100.0,1,0
GT-RJD-2207-N1H3C-C,776,RELIABLE,22500,0.214,20200.0,1,0
GT-RJD-2305-09K55-L,703,RELIABLE,25500,0.2331,0.0,0,0
GT-UPW-2311-ZTETY-8,724,RELIABLE,27000,0.2266,27600.0,1,0
GT-MHC-2301-KN5B3-A,815,STRONG,38500,0.1771,43800.0,1,0
GT-DLH-2201-J0C7J-O,808,STRONG,48500,0.1782,50400.0,1,0
GT-DLW-2301-3YK40-W,750,RELIABLE,29000,0.2198,25000.0,1,0
GT-GJD-2310-37JJE-1,827,STRONG,58500,0.1752,48000.0,1,0
GT-RJD-2105-HCJ15-S,600,EMERGING,21500,0.3,24400.0,1,1
GT-RJD-2208-NCK9E-J,839,STRONG,70500,0.1736,81000.0,1,0
GT-KLF-2202-X932T-K,708,RELIABLE,22000,0.2314,30200.0,1,0
GT-GJR-2307-40VGD-4,599,EMERGING,8000,0.3,7000.0,1,1
GT-DLD-2302-QJ7QM-E,767,RELIABLE,35000,0.2159,28600.0,1,0
GT-TNR-2311-87C3D-O,778,RELIABLE,41500,0.2136,48500.0,1,0
GT-DLR-2402-3Z3DD-Y,805,STRONG,61500,0.1787,66400.0,1,0
GT-KAW-2104-9FVM3-8,742,RELIABLE,34000,0.2218,27600.0,1,0
GT-RJR-2208-K58XZ-C,735,RELIABLE,36000,0.2236,30500.0,1,0
GT-WBD-2102-KMNA8-3,722,RELIABLE,21500,0.2272,28000.0,1,1
GT-KLF-2201-KCVCS-F,680,RELIABLE,40500,0.2411,47900.0,1,0
GT-RJF-2107-78HP7-P,600,EMERGING,15000,0.3,0.0,0,0
GT-GJD-2201-N0BPB-M,699,RELIABLE,17500,0.2344,20100.0,1,0
GT-KAD-2203-84XA2-E,830,STRONG,42500,0.1748,50100.0,1,0
GT-TGH-2203-VR5TP-I,657,RELIABLE,17500,0.2503,0.0,0,0
GT-TGW-2310-AXYD9-U,723,RELIABLE,25500,0.2269,26000.0,1,0
GT-GJD-2302-N9H8Q-L,864,STRONG,57000,0.1705,44800.0,1,0
GT-WBR-2210-VZNCD-D,830,STRONG,56000,0.1748,42400.0,1,0
GT-UPF-2111-EKSAF-0,689,RELIABLE,27500,0.2379,22600.0,1,1
GT-KAD-2306-AJQ6Z-E,771,RELIABLE,34000,0.2151,37400.0,1,0
GT-MHD-2402-H4YKB-L,775,RELIABLE,33500,0.2142,28800.0,1,0
GT-KLH-2111-A2FR2-6,577,EMERGING,8500,0.3,0.0,0,0
GT-TGR-2105-BKQE8-Q,677,RELIABLE,17000,0.2422,0.0,0,0
GT-RJD-2101-HW29A-T,757,RELIABLE,30000,0.2182,19700.0,1,0
GT-RJW-2103-2X0Z7-L,714,RELIABLE,23000,0.2296,26500.0,1,0
GT-MHR-2210-MD5HS-G,680,RELIABLE,31000,0.2411,27400.0,1,0
GT-UPF-2311-BSZHW-C,808,STRONG,49500,0.1782,41900.0,1,0
GT-MHD-2306-CJVFH-C,733,RELIABLE,25500,0.2242,23300.0,1,0
GT-MHD-2303-T3ZFV-V,600,EMERGING,12500,0.3,11400.0,1,0
GT-DLD-2204-3EXMK-K,791,RELIABLE,32500,0.2112,34600.0,1,1
GT-UPH-2101-TXMYY-D,735,RELIABLE,21000,0.2236,22100.0,1,0
GT-KAF-2109-F05Q3-0,763,RELIABLE,24500,0.2168,19900.0,1,0
GT-GJW-2207-DQ1XX-V,724,RELIABLE,23500,0.2266,27300.0,1,1
GT-TND-2401-FG7YM-C,902,PRIME,83500,0.1468,59500.0,1,0
GT-DLW-2307-Q6W6D-R,507,EMERGING,4500,0.3,0.0,0,1
GT-DLR-2204-S0RFN-I,729,RELIABLE,19500,0.2253,21400.0,1,0
GT-TNF-2306-32QRC-X,600,EMERGING,17000,0.3,15600.0,1,0
GT-TNR-2403-WZVH7-D,663,RELIABLE,18500,0.2478,14700.0,1,0
GT-TNF-2209-YNHWB-Z,600,EMERGING,25500,0.3,0.0,0,0
GT-WBD-2305-V02QS-K,795,RELIABLE,31000,0.2104,37600.0,1,0
GT-KLD-2206-5VG50-B,600,EMERGING,17500,0.3,0.0,0,0
GT-TGW-2106-MS22K-P,773,RELIABLE,26000,0.2146,32100.0,1,0
GT-MHD-2203-0YR1F-F,708,RELIABLE,29000,0.2314,0.0,0,0
GT-GJD-2106-KSTBN-K,739,RELIABLE,24500,0.2226,24800.0,1,0
GT-RJC-2401-1NDH2-I,600,EMERGING,16000,0.3,0.0,0,0
GT-WBD-2106-KM37V-W,722,RELIABLE,31500,0.2272,27800.0,1,0
GT-WBF-2204-G9P8R-F,754,RELIABLE,32500,0.2188,33100.0,1,0
GT-GJW-2402-RZFX6-N,680,RELIABLE,28500,0.2411,36100.0,1,0
GT-RJW-2203-5F5GK-E,691,RELIABLE,13500,0.2371,0.0,0,1
GT-KAD-2303-3ASS9-V,640,EMERGING,10500,0.298,0.0,0,0
GT-KLR-2107-MAPNY-L,603,EMERGING,9000,0.3,0.0,0,1
GT-RJR-2302-XHG7V-X,817,STRONG,58000,0.1767,76000.0,1,0
GT-KLR-2403-S1S2P-G,777,RELIABLE,25500,0.2139,24200.0,1,0
GT-TGW-2108-GMSQ8-Q,765,RELIABLE,34500,0.2164,0.0,0,0
GT-RJH-2101-B9FB5-6,612,EMERGING,12000,0.3,0.0,0,1
GT-KAD-2311-DD1ZM-T,901,PRIME,114000,0.1469,128400.0,1,0
GT-TGD-2101-KZMPG-R,650,RELIABLE,20500,0.2534,23100.0,1,0
GT-RJW-2105-NV687-T,748,RELIABLE,47500,0.2203,42500.0,1,0
GT-DLR-2201-6KQTB-N,814,STRONG,64500,0.1772,63800.0,1,0
GT-UPW-2403-TWJRM-V,701,RELIABLE,23500,0.2337,0.0,0,0
GT-TND-2306-2EN1K-4,728,RELIABLE,28500,0.2256,27700.0,1,1
GT-WBD-2306-3J1EJ-H,861,STRONG,61000,0.1709,53900.0,1,0
GT-GJF-2303-TYBM5-M,949,PRIME,107500,0.1434,104400.0,1,0
GT-RJH-2203-ZB6AS-W,600,EMERGING,15000,0.3,15100.0,1,0
GT-TND-2301-FWC1H-V,879,STRONG,57000,0.169,59500.0,1,0
GT-UPC-2307-SJZ3Y-V,849,STRONG,50500,0.1723,47100.0,1,0
GT-TGR-2212-W8HB5-N,779,RELIABLE,26000,0.2134,28400.0,1,0
GT-TND-2106-3GKGQ-H,690,RELIABLE,20000,0.2375,16000.0,1,0
GT-KAR-2202-KPFNT-W,600,EMERGING,21500,0.3,0.0,0,0
GT-KAD-2312-ZK98V-5,611,EMERGING,7000,0.3,6900.0,1,1
GT-UPF-2112-ESPW4-X,909,PRIME,106000,0.1462,105300.0,1,0
GT-MHD-2212-420Q9-8,807,STRONG,60000,0.1783,54100.0,1,0
GT-MHR-2401-7N0TR-0,587,EMERGING,7000,0.3,0.0,0,0
GT-MHD-2301-6ZKB5-R,726,RELIABLE,31500,0.2261,34500.0,1,1
GT-TNW-2207-FFNZE-9,847,STRONG,60000,0.1726,59100.0,1,0
GT-MHC-2201-CTGMZ-W,749,RELIABLE,31000,0.22,30200.0,1,0
GT-WBR-2210-T4H1E-Y,811,STRONG,39500,0.1777,41600.0,1,0
GT-RJR-2309-EM6F6-F,708,RELIABLE,22500,0.2314,24900.0,1,0
GT-WBH-2203-XXA2Q-U,621,EMERGING,10500,0.3,0.0,0,0
GT-GJD-2112-BRXBB-N,733,RELIABLE,27000,0.2242,0.0,0,0
GT-RJW-2111-KWBCH-2,769,RELIABLE,26000,0.2155,30500.0,1,0
GT-RJR-2308-20Y6T-3,701,RELIABLE,24000,0.2337,25000.0,1,1
GT-GJC-2304-ZJ05R-L,861,STRONG,69500,0.1709,80600.0,1,0
GT-KAD-2312-SDH7N-R,654,RELIABLE,21000,0.2517,23100.0,1,0
GT-UPD-2104-W2P2F-W,767,RELIABLE,41500,0.2159,55600.0,1,0
GT-UPD-2305-PWVYC-B,769,RELIABLE,24000,0.2155,22500.0,1,0
GT-TND-2305-BCW2H-D,674,RELIABLE,18500,0.2434,0.0,0,0
GT-MHD-2108-41RJ6-0,681,RELIABLE,23000,0.2407,24800.0,1,0
GT-MHH-2106-N5TJA-F,757,RELIABLE,23500,0.2182,24100.0,1,0
GT-DLD-2207-D6TV5-Z,896,STRONG,68000,0.1674,65600.0,1,0
GT-UPD-2202-A4FYY-Q,774,RELIABLE,36000,0.2145,37400.0,1,0
GT-KLD-2305-203CV-4,516,EMERGING,11500,0.3,0.0,0,1
GT-MHR-2312-AT5ZH-R,542,EMERGING,6500,0.3,0.0,0,1
GT-TGR-2309-VXQQJ-3,804,STRONG,57000,0.1788,58700.0,1,0
GT-RJD-2108-VCF5X-G,756,RELIABLE,36000,0.2184,35100.0,1,1
GT-KAW-2108-312WE-L,841,STRONG,39000,0.1733,39700.0,1,1
GT-KLW-2105-DV2QH-N,679,RELIABLE,22000,0.2415,0.0,0,0
GT-KAD-2211-0XF83-2,804,STRONG,42500,0.1788,39300.0,1,0
GT-DLW-2107-H7JC6-9,843,STRONG,71000,0.1731,63800.0,1,0
GT-KAR-2309-W2QJV-0,734,RELIABLE,29500,0.2239,31900.0,1,1
GT-UPR-2301-XKWGD-B,687,RELIABLE,27000,0.2386,26300.0,1,0
GT-TGH-2210-CHZR8-8,762,RELIABLE,36000,0.217,37500.0,1,0
GT-TGC-2103-0Q3KD-I,600,EMERGING,19500,0.3,0.0,0,0
GT-WBR-2302-N18C7-X,756,RELIABLE,38000,0.2184,47400.0,1,0
GT-DLR-2108-80XHM-8,828,STRONG,54500,0.1751,46200.0,1,0
GT-UPD-2201-X0X4S-P,773,RELIABLE,31500,0.2146,34000.0,1,0
GT-TGR-2308-P1CSP-R,658,RELIABLE,14500,0.2499,12600.0,1,1
GT-UPF-2109-6M0J4-6,896,STRONG,87500,0.1674,94900.0,1,0
GT-GJD-2207-BE5ZN-4,698,RELIABLE,20000,0.2347,22700.0,1,0
GT-GJC-2104-CN3HG-Z,600,EMERGING,17000,0.3,15000.0,1,0
GT-KLF-2309-WHRJB-D,751,RELIABLE,23500,0.2196,18500.0,1,0
GT-WBD-2401-YY6JV-C,782,RELIABLE,29500,0.2128,35200.0,1,0
GT-TNC-2306-WPP0C-J,735,RELIABLE,24500,0.2236,27300.0,1,0
GT-UPW-2312-XX7ED-7,753,RELIABLE,29500,0.2191,34800.0,1,0
GT-UPD-2210-KMFMX-1,720,RELIABLE,19000,0.2278,16700.0,1,0
GT-TGR-2312-WK4WJ-M,600,EMERGING,16000,0.3,0.0,0,1
GT-TNC-2312-TZ6NG-P,531,EMERGING,7500,0.3,0.0,0,1
GT-KLH-2311-SA2XD-T,935,PRIME,72500,0.1443,77000.0,1,0
GT-DLD-2209-J53TN-3,701,RELIABLE,21000,0.2337,20900.0,1,1
GT-KAF-2108-ZDNNT-4,814,STRONG,52500,0.1772,59000.0,1,0
GT-GJC-2303-N540S-J,716,RELIABLE,22500,0.229,23100.0,1,1
GT-KAH-2208-YDHCT-R,783,RELIABLE,27500,0.2127,27000.0,1,0
GT-UPD-2110-P1E7F-V,705,RELIABLE,21500,0.2324,22100.0,1,0
GT-RJR-2401-1X9E0-8,833,STRONG,62000,0.1744,54800.0,1,0
GT-UPC-2404-550DD-I,520,EMERGING,11500,0.3,0.0,0,0
GT-DLD-2205-WM6HF-N,802,STRONG,46500,0.1792,55900.0,1,0
GT-KLR-2109-T3GD4-U,730,RELIABLE,20000,0.225,22200.0,1,0
GT-KAF-2306-VGE02-Y,695,RELIABLE,20500,0.2358,11900.0,1,0
GT-MHR-2404-W8XFN-O,718,RELIABLE,25000,0.2284,23200.0,1,0
GT-TNW-2106-DZN5J-E,868,STRONG,78000,0.1701,82000.0,1,0
GT-WBD-2210-M86TH-A,520,EMERGING,8500,0.3,0.0,0,0
GT-UPW-2301-ZAT7Y-K,600,EMERGING,14000,0.3,0.0,0,0
GT-DLD-2306-3JJHV-N,600,EMERGING,13500,0.3,0.0,0,0
GT-KLW-2203-VAJYR-G,623,EMERGING,10500,0.3,0.0,0,1
GT-RJR-2105-ZBZ61-L,720,RELIABLE,22000,0.2278,21100.0,1,1
GT-DLD-2307-QGEFW-P,600,EMERGING,15000,0.3,0.0,0,1
GT-KAH-2202-WW9EW-Q,684,RELIABLE,27000,0.2397,27200.0,1,0
GT-UPW-2304-35Y7Z-3,579,EMERGING,8000,0.3,6400.0,1,1
GT-MHR-2306-XXSJ2-9,668,RELIABLE,18000,0.2458,18900.0,1,1
GT-DLD-2210-Z5HZX-W,854,STRONG,55000,0.1717,54800.0,1,0
GT-UPF-2402-CBXYN-W,787,RELIABLE,28000,0.2119,27900.0,1,0
GT-MHH-2102-VH8WK-0,768,RELIABLE,39000,0.2157,50200.0,1,0
GT-TND-2108-4V5FM-2,677,RELIABLE,24000,0.2422,0.0,0,1
GT-KLH-2307-XWH5X-M,520,EMERGING,9000,0.3,0.0,0,1
GT-GJD-2107-M5WB1-5,639,EMERGING,9500,0.2985,9100.0,1,0
GT-GJF-2104-PG1M7-T,742,RELIABLE,22500,0.2218,20000.0,1,0
GT-KLR-2102-EEXR3-A,833,STRONG,54000,0.1744,54300.0,1,0
GT-UPD-2208-NNWXX-E,817,STRONG,52000,0.1767,60900.0,1,0
GT-TGH-2208-3DNSH-T,600,EMERGING,13500,0.3,0.0,0,0
GT-GJD-2312-B0WS9-1,600,EMERGING,10000,0.3,0.0,0,1
GT-WBH-2209-N60FM-E,735,RELIABLE,23500,0.2236,22400.0,1,1
GT-TND-2202-NYA0D-P,794,RELIABLE,36000,0.2106,33700.0,1,0
GT-KLD-2203-RPNVH-8,769,RELIABLE,27500,0.2155,24300.0,1,0
GT-WBC-2105-DVP67-9,894,STRONG,56000,0.1675,54800.0,1,0
GT-UPF-2106-43BMQ-Y,612,EMERGING,7000,0.3,6400.0,1,1
GT-TGD-2306-C58VE-M,755,RELIABLE,39000,0.2186,41600.0,1,1
GT-MHF-2103-E1045-J,909,PRIME,75000,0.1462,73200.0,1,0
GT-MHD-2112-VCX0W-0,609,EMERGING,8000,0.3,0.0,0,1
GT-RJC-2106-HF4R1-2,747,RELIABLE,19500,0.2205,16900.0,1,0
GT-WBD-2306-RY114-X,704,RELIABLE,23500,0.2328,22800.0,1,0
GT-WBR-2103-V2H37-8,600,EMERGING,13500,0.3,0.0,0,0
GT-MHD-2402-KXHZH-T,645,EMERGING,10000,0.2957,10600.0,1,1
GT-UPF-2108-FFE2H-V,790,RELIABLE,51500,0.2113,48500.0,1,0
GT-DLH-2204-58ZC1-R,800,STRONG,42000,0.1795,41800.0,1,0
GT-WBW-2310-SH15A-H,748,RELIABLE,29000,0.2203,28300.0,1,0
GT-TNR-2210-9R1VF-U,733,RELIABLE,24000,0.2242,20800.0,1,0
GT-DLD-2205-EH5AG-0,759,RELIABLE,30000,0.2177,30700.0,1,0
GT-MHD-2301-0BHA2-5,680,RELIABLE,16500,0.2411,0.0,0,0
GT-RJC-2402-GDDPH-V,693,RELIABLE,25500,0.2364,0.0,0,0
GT-KAD-2210-5JSAZ-L,885,STRONG,68000,0.1684,67300.0,1,0
GT-KAF-2306-FCCV1-A,750,RELIABLE,23500,0.2198,21600.0,1,0
GT-TNR-2312-8D7YM-D,633,EMERGING,9500,0.3,8600.0,1,0
GT-RJH-2308-JYD8W-F,797,RELIABLE,40000,0.2101,40100.0,1,0
GT-UPR-2305-8HBJG-N,603,EMERGING,12000,0.3,0.0,0,0
GT-RJR-2112-V4SE1-7,666,RELIABLE,15000,0.2466,17500.0,1,0
GT-DLC-2210-XW6TE-5,672,RELIABLE,15000,0.2442,0.0,0,0
GT-KLH-2302-CCZZT-V,713,RELIABLE,28000,0.2299,21000.0,1,1
GT-MHF-2109-DQFFH-X,855,STRONG,89000,0.1716,72900.0,1,0
GT-KAW-2109-37KCB-3,848,STRONG,75500,0.1725,93500.0,1,0
GT-TGF-2208-ME890-3,759,RELIABLE,24500,0.2177,22400.0,1,0
GT-TGR-2111-35MK7-R,707,RELIABLE,25500,0.2318,24700.0,1,0
GT-DLD-2207-XVGG0-L,712,RELIABLE,25500,0.2302,0.0,0,1
GT-MHF-2104-JG290-T,791,RELIABLE,22500,0.2112,18900.0,1,1
GT-TNF-2304-6F06P-R,702,RELIABLE,19000,0.2334,17200.0,1,0
GT-TND-2208-TASF7-R,755,RELIABLE,22000,0.2186,0.0,0,0
GT-GJD-2105-M86VC-F,600,EMERGING,19500,0.3,0.0,0,0
GT-TNW-2201-DJGXR-5,766,RELIABLE,22000,0.2161,23700.0,1,0
GT-DLD-2311-4DGVP-Z,816,STRONG,54000,0.1769,53900.0,1,0
GT-WBF-2109-Z4D8M-C,854,STRONG,66000,0.1717,72600.0,1,0
GT-WBF-2211-97979-V,600,EMERGING,20500,0.3,19900.0,1,0
GT-TGR-2201-A8G45-8,872,STRONG,59000,0.1697,62400.0,1,0
GT-MHD-2103-HJS6W-R,804,STRONG,50000,0.1788,43800.0,1,0
GT-KLR-2210-AZ7Z6-Z,644,EMERGING,8500,0.2962,0.0,0,1
GT-WBR-2301-P33D8-Z,600,EMERGING,14000,0.3,16000.0,1,0
GT-DLF-2301-55RXD-5,679,RELIABLE,21000,0.2415,0.0,0,0
GT-UPW-2304-YQ1F7-Z,703,RELIABLE,21500,0.2331,23200.0,1,0
GT-TGC-2302-PFJB8-Z,760,RELIABLE,29500,0.2175,24700.0,1,0
GT-MHD-2102-YRBRQ-B,828,STRONG,40500,0.1751,44200.0,1,0
GT-UPW-2310-MM5FP-K,834,STRONG,66500,0.1743,57600.0,1,0
GT-KAD-2106-X50EF-X,784,RELIABLE,32000,0.2125,35500.0,1,0
GT-DLW-2212-ZAEHY-S,753,RELIABLE,35000,0.2191,0.0,0,0
GT-GJD-2209-784VB-B,622,EMERGING,10500,0.3,10500.0,1,0
GT-UPR-2402-B9Y2F-Z,754,RELIABLE,26000,0.2188,26200.0,1,1
GT-KLR-2102-P8N6V-D,789,RELIABLE,28000,0.2115,30500.0,1,1
GT-UPD-2109-6ZWC1-F,769,RELIABLE,26000,0.2155,32600.0,1,0
GT-DLH-2208-A6F55-J,932,PRIME,124500,0.1445,143400.0,1,0
GT-UPD-2204-QEZEV-2,902,PRIME,86000,0.1468,69300.0,1,0
GT-UPD-2101-AJ3GC-S,816,STRONG,52500,0.1769,60400.0,1,0
GT-GJF-2105-H39QQ-Z,600,EMERGING,10000,0.3,0.0,0,1
GT-UPR-2210-J6Q1F-4,729,RELIABLE,23000,0.2253,23300.0,1,1
GT-RJD-2308-D85T1-8,744,RELIABLE,34500,0.2213,35200.0,1,0
GT-WBD-2208-XFW3G-M,713,RELIABLE,32500,0.2299,34000.0,1,0
GT-KLD-2309-GXD19-B,810,STRONG,61000,0.1779,67600.0,1,0
GT-GJC-2308-YGM4J-U,755,RELIABLE,30000,0.2186,36600.0,1,0
GT-KAR-2401-MH3Z8-I,637,EMERGING,11000,0.2995,11400.0,1,1
GT-MHD-2307-RA6RB-4,907,PRIME,95000,0.1464,113500.0,1,0
GT-TGR-2207-BSKTP-D,680,RELIABLE,26500,0.2411,28100.0,1,0
GT-TGC-2109-HCJRP-Z,653,RELIABLE,26500,0.2521,0.0,0,1
GT-RJC-2105-DAKRP-6,600,EMERGING,19500,0.3,19500.0,1,0
GT-GJD-2302-45BSF-7,680,RELIABLE,46500,0.2411,50900.0,1,0
GT-KAF-2205-MGZJE-4,869,STRONG,64500,0.17,62400.0,1,0
GT-TGD-2210-M8CBW-E,686,RELIABLE,15000,0.2389,11900.0,1,0
GT-WBD-2108-7JNWJ-I,841,STRONG,50500,0.1733,51700.0,1,0
GT-KLC-2106-PAE3R-G,795,RELIABLE,32500,0.2104,28700.0,1,0
GT-GJC-2106-NY0SP-B,656,RELIABLE,20500,0.2508,0.0,0,1
GT-MHD-2312-E8J3X-O,663,RELIABLE,26000,0.2478,21000.0,1,0
GT-MHC-2109-V61E7-W,849,STRONG,54500,0.1723,65100.0,1,0
GT-TNW-2308-566CT-R,825,STRONG,47000,0.1755,53300.0,1,0
GT-TGW-2305-CYWCM-0,802,STRONG,41500,0.1792,37400.0,1,0
GT-MHW-2208-KT1SS-Q,929,PRIME,119000,0.1447,111400.0,1,0
GT-UPR-2202-YAR1B-C,814,STRONG,51000,0.1772,0.0,0,0
GT-KAH-2301-WHX84-J,829,STRONG,59500,0.175,54000.0,1,0
GT-KAD-2302-EYS36-H,687,RELIABLE,32500,0.2386,32400.0,1,0
GT-MHR-2211-0TZDY-B,842,STRONG,72500,0.1732,67400.0,1,0
GT-MHD-2111-ZF7DX-S,779,RELIABLE,22000,0.2134,21700.0,1,0
GT-WBW-2202-TP16S-6,691,RELIABLE,22000,0.2371,23900.0,1,1
GT-RJD-2402-7J6Q0-H,681,RELIABLE,19000,0.2407,23100.0,1,0
GT-KLR-2103-0856M-A,764,RELIABLE,26000,0.2166,26600.0,1,0
GT-RJW-2309-0JG4S-N,606,EMERGING,8000,0.3,0.0,0,1
GT-GJD-2309-N4K6J-S,804,STRONG,33500,0.1788,31600.0,1,0
GT-WBD-2211-3S1AR-0,600,EMERGING,13000,0.3,0.0,0,0
GT-TND-2103-1FW3S-A,790,RELIABLE,30000,0.2113,28000.0,1,0
GT-TGF-2101-0W2KW-A,731,RELIABLE,24000,0.2247,28200.0,1,1
GT-RJD-2102-9DEV7-N,600,EMERGING,10500,0.3,11700.0,1,1
GT-MHR-2301-Y81NE-S,600,EMERGING,15500,0.3,0.0,0,0
GT-RJR-2402-VMY3V-Y,726,RELIABLE,22500,0.2261,22500.0,1,0
GT-RJH-2209-3GKTX-S,895,STRONG,84500,0.1674,96100.0,1,0
GT-KAW-2201-132H3-U,878,STRONG,56500,0.169,47400.0,1,0
GT-DLD-2305-RZZZX-D,747,RELIABLE,38000,0.2205,41400.0,1,0
GT-TNC-2307-2NKCJ-S,788,RELIABLE,33000,0.2117,29100.0,1,0
GT-KLC-2212-2CEE7-K,783,RELIABLE,36000,0.2127,28300.0,1,0
GT-TGW-2306-1W25C-4,832,STRONG,50000,0.1746,46700.0,1,0
GT-UPR-2106-QGS5A-F,730,RELIABLE,31500,0.225,29600.0,1,0
GT-GJD-2102-62WXX-V,753,RELIABLE,29000,0.2191,22100.0,1,0
GT-KAF-2104-ES5AM-S,533,EMERGING,7500,0.3,9700.0,1,1
GT-GJR-2208-BX2WQ-9,680,RELIABLE,35500,0.2411,27600.0,1,0
GT-GJD-2205-JNPN5-O,856,STRONG,70000,0.1714,59300.0,1,0
GT-RJD-2202-N1TK6-N,719,RELIABLE,33000,0.2281,34900.0,1,0
GT-KLD-2201-8G8JR-8,567,EMERGING,5500,0.3,0.0,0,1
GT-WBF-2401-S79BH-8,815,STRONG,70000,0.1771,82100.0,1,0
GT-RJD-2404-N52R0-3,693,RELIABLE,21500,0.2364,23700.0,1,1
GT-MHF-2209-BEEYC-5,738,RELIABLE,26000,0.2229,27200.0,1,0
GT-GJW-2212-41F6D-9,753,RELIABLE,37000,0.2191,40100.0,1,0
GT-WBD-2201-3FPYW-4,763,RELIABLE,21500,0.2168,17800.0,1,0
GT-MHD-2401-E5D4Z-1,735,RELIABLE,26000,0.2236,30400.0,1,0
GT-WBD-2301-0MVDW-B,699,RELIABLE,24000,0.2344,19900.0,1,0
GT-GJR-2312-7YW5Z-3,755,RELIABLE,29000,0.2186,28400.0,1,1
GT-TGW-2310-JB973-U,708,RELIABLE,27000,0.2314,30300.0,1,0
GT-GJF-2403-GE8KQ-X,652,RELIABLE,23500,0.2526,0.0,0,0
GT-UPC-2311-Q8ZDF-7,725,RELIABLE,21000,0.2264,22600.0,1,0
GT-WBH-2311-6R9FR-5,797,RELIABLE,38500,0.2101,34500.0,1,0
GT-TND-2111-4KVGA-P,723,RELIABLE,25500,0.2269,22100.0,1,0
GT-DLF-2203-70ZR7-7,618,EMERGING,13000,0.3,0.0,0,1
GT-GJR-2209-00W1B-S,833,STRONG,67000,0.1744,70100.0,1,0
GT-KLR-2310-9475K-W,499,BUILDING,0,0.3,0.0,0,1
GT-TGD-2102-5FQ8T-N,737,RELIABLE,23000,0.2231,23300.0,1,0
GT-WBR-2105-0KHPV-G,703,RELIABLE,24500,0.2331,23200.0,1,1
GT-KLF-2201-PC4KF-7,802,STRONG,48500,0.1792,55100.0,1,0
GT-DLF-2105-6VF3D-U,795,RELIABLE,30000,0.2104,32300.0,1,0
GT-RJD-2401-C5T4V-6,847,STRONG,59500,0.1726,65000.0,1,0
GT-DLD-2209-J4HA3-0,724,RELIABLE,27000,0.2266,0.0,0,1
GT-DLR-2212-TPWS9-X,828,STRONG,45000,0.1751,38100.0,1,0
GT-DLW-2110-FJF9G-Y,784,RELIABLE,29000,0.2125,28100.0,1,0
GT-KAR-2305-0WGE2-G,588,EMERGING,11000,0.3,0.0,0,1
GT-TGD-2106-RHSS4-Z,932,PRIME,106000,0.1445,111100.0,1,0
GT-TND-2306-NBN0K-1,622,EMERGING,8500,0.3,6400.0,1,0
GT-DLW-2112-GA3CY-N,757,RELIABLE,27500,0.2182,28500.0,1,0
GT-UPW-2401-R4R31-8,788,RELIABLE,41000,0.2117,48000.0,1,0
GT-WBD-2312-WASVB-M,783,RELIABLE,34000,0.2127,27800.0,1,0
GT-MHR-2208-540SX-7,600,EMERGING,15000,0.3,0.0,0,1
GT-MHR-2304-GSEDB-W,827,STRONG,46000,0.1752,38900.0,1,0
GT-RJF-2109-1JF79-6,520,EMERGING,10500,0.3,0.0,0,1
GT-DLD-2212-89SEB-G,716,RELIABLE,27000,0.229,24700.0,1,0
GT-TNF-2102-Z5FYG-F,756,RELIABLE,37500,0.2184,37900.0,1,0
GT-MHH-2210-F2PMR-8,691,RELIABLE,28000,0.2371,0.0,0,0
GT-RJR-2102-668SB-T,600,EMERGING,17500,0.3,0.0,0,0
GT-TND-2404-1BZD7-1,826,STRONG,62500,0.1754,53600.0,1,0
GT-UPD-2211-D4QHM-1,703,RELIABLE,30500,0.2331,33000.0,1,0
GT-TGD-2310-X31JC-F,803,STRONG,48500,0.179,56000.0,1,1
GT-RJH-2403-V40CQ-N,600,EMERGING,13500,0.3,14600.0,1,0
GT-TGH-2206-ZR2CZ-A,643,EMERGING,7500,0.2966,0.0,0,0
GT-RJD-2312-97Y0F-Z,718,RELIABLE,35000,0.2284,29000.0,1,0
GT-UPC-2307-TK2TZ-V,680,RELIABLE,17500,0.2411,16200.0,1,1
GT-TGD-2305-MSB5E-Z,600,EMERGING,11000,0.3,14100.0,1,0
GT-TGR-2301-QD5VJ-7,520,EMERGING,14000,0.3,0.0,0,1
GT-GJF-2304-NV7V3-3,811,STRONG,63000,0.1777,68200.0,1,0
GT-GJR-2310-T489G-2,629,EMERGING,11000,0.3,10400.0,1,1
GT-UPR-2305-Q2DTY-M,604,EMERGING,9000,0.3,6900.0,1,1
GT-KAF-2203-B4WT2-P,810,STRONG,54500,0.1779,59300.0,1,0
GT-DLD-2311-7FMB0-D,600,EMERGING,12000,0.3,0.0,0,0
GT-TGH-2305-K3H4C-H,786,RELIABLE,26000,0.2121,19700.0,1,0
GT-WBD-2206-KY6CH-1,787,RELIABLE,26000,0.2119,26500.0,1,0
GT-KAD-2106-2KBFT-T,649,EMERGING,12000,0.2939,0.0,0,1
GT-MHH-2101-2XFGG-J,634,EMERGING,8500,0.3,9600.0,1,1
GT-TGR-2401-N15SC-6,885,STRONG,98000,0.1684,104700.0,1,0
GT-TGR-2203-JCMMQ-H,767,RELIABLE,26000,0.2159,22500.0,1,0
GT-GJD-2305-3S174-A,737,RELIABLE,28000,0.2231,32900.0,1,0
GT-KAD-2106-0K1JQ-J,735,RELIABLE,30500,0.2236,31900.0,1,1
GT-UPD-2401-4CK1G-G,684,RELIABLE,19000,0.2397,0.0,0,0
GT-TNR-2203-44WSJ-T,520,EMERGING,11500,0.3,0.0,0,0
GT-WBR-2208-80HQ2-2,835,STRONG,53000,0.1741,50400.0,1,0
GT-KLR-2111-PW598-X,736,RELIABLE,47500,0.2233,41300.0,1,1
GT-TNC-2205-8GCSZ-V,840,STRONG,53000,0.1735,54000.0,1,0
GT-TNC-2107-R0EWD-8,699,RELIABLE,20500,0.2344,20500.0,1,0
GT-DLD-2201-5J35C-1,656,RELIABLE,21500,0.2508,19400.0,1,0
GT-GJH-2310-KABDJ-7,669,RELIABLE,19500,0.2454,0.0,0,1
GT-KLC-2202-4X3H3-O,526,EMERGING,6000,0.3,0.0,0,1
GT-WBC-2205-JZ7FZ-Y,600,EMERGING,14000,0.3,18000.0,1,1
GT-MHF-2101-XQGJF-Y,803,STRONG,45000,0.179,55600.0,1,0
GT-KLD-2208-0RV8N-E,773,RELIABLE,33000,0.2146,25800.0,1,0
GT-KAD-2107-5Q5MD-I,584,EMERGING,7000,0.3,6300.0,1,1
GT-TGC-2207-NV2V4-6,892,STRONG,80000,0.1677,81500.0,1,0
GT-MHR-2403-2PYGV-E,833,STRONG,50000,0.1744,51100.0,1,0
GT-KAC-2205-K78WR-Z,854,STRONG,59500,0.1717,64100.0,1,0
GT-KLW-2208-2X058-A,764,RELIABLE,21000,0.2166,23200.0,1,0
GT-KAD-2309-G1YJH-P,866,STRONG,58000,0.1703,63900.0,1,0
GT-KLR-2402-QQ4Z4-J,658,RELIABLE,16000,0.2499,21500.0,1,1
GT-WBH-2104-4E4XW-5,824,STRONG,57500,0.1757,0.0,0,0
GT-TND-2205-DSEQ6-T,678,RELIABLE,15000,0.2419,17800.0,1,0
GT-RJF-2106-T9Q1S-E,594,EMERGING,10000,0.3,0.0,0,1
GT-KAH-2207-7NF2D-C,625,EMERGING,10000,0.3,11000.0,1,1
GT-GJD-2107-22R59-D,600,EMERGING,15000,0.3,0.0,0,0
GT-UPD-2204-75NKW-U,753,RELIABLE,21000,0.2191,22500.0,1,0
GT-TNR-2101-HY36Y-R,803,STRONG,58500,0.179,58800.0,1,0
GT-TNC-2302-Z9MG0-B,624,EMERGING,8500,0.3,0.0,0,1
GT-KAR-2304-3DBET-L,583,EMERGING,8000,0.3,0.0,0,1
GT-KAD-2204-8QZJE-Q,840,STRONG,73500,0.1735,78700.0,1,0
GT-KAD-2211-P84E2-U,800,STRONG,43000,0.1795,37100.0,1,0
GT-TGR-2209-CZ7R8-U,669,RELIABLE,23000,0.2454,18600.0,1,0
GT-WBD-2202-Y0E13-Y,783,RELIABLE,29000,0.2127,25200.0,1,0
GT-TGD-2108-7ZFTY-L,877,STRONG,70500,0.1692,57900.0,1,0
GT-UPC-2305-P8AG7-Z,828,STRONG,44000,0.1751,44300.0,1,0
GT-TND-2308-RZ180-9,741,RELIABLE,28000,0.2221,24600.0,1,0
GT-UPW-2206-EC3FY-U,814,STRONG,52000,0.1772,47700.0,1,0
GT-GJC-2305-MVTT5-W,680,RELIABLE,20000,0.2411,17400.0,1,0
GT-KLF-2212-PNGMD-7,696,RELIABLE,28500,0.2354,33200.0,1,0
GT-UPF-2108-MJXHV-1,777,RELIABLE,26500,0.2139,25500.0,1,0
GT-MHD-2207-F23F5-W,690,RELIABLE,24500,0.2375,22600.0,1,0
GT-WBR-2301-FYFS2-Y,733,RELIABLE,30000,0.2242,25600.0,1,0
GT-GJR-2309-BWTD9-7,743,RELIABLE,26500,0.2215,0.0,0,0
GT-KAD-2104-D159K-S,751,RELIABLE,25000,0.2196,30100.0,1,0
GT-KAF-2105-Y6BWA-Z,714,RELIABLE,20000,0.2296,19700.0,1,0
GT-KAD-2310-HYBE4-3,680,RELIABLE,30000,0.2411,36700.0,1,0
GT-MHD-2104-MKN57-4,689,RELIABLE,16000,0.2379,14600.0,1,1
GT-RJF-2111-TR8EV-H,757,RELIABLE,32500,0.2182,41300.0,1,1
GT-DLR-2212-WC615-K,765,RELIABLE,23000,0.2164,0.0,0,0
GT-MHD-2305-ERNSK-X,817,STRONG,39500,0.1767,45500.0,1,0
GT-TGD-2204-B8S6A-G,611,EMERGING,8000,0.3,0.0,0,1
GT-TND-2303-2BAT9-W,840,STRONG,43500,0.1735,33500.0,1,0
GT-KLR-2312-5D7S6-Z,724,RELIABLE,20500,0.2266,23400.0,1,1
GT-MHR-2201-TZ851-6,887,STRONG,82500,0.1682,78500.0,1,0
GT-RJD-2208-MGZPT-C,744,RELIABLE,22000,0.2213,0.0,0,0
GT-DLF-2308-J8WQM-G,760,RELIABLE,27000,0.2175,30300.0,1,1
GT-TNH-2403-RPFV8-O,904,PRIME,128000,0.1466,122900.0,1,0
GT-TGF-2402-SS7VR-E,600,EMERGING,15500,0.3,16400.0,1,1
GT-KLR-2107-FVZW8-3,871,STRONG,61500,0.1698,67500.0,1,0
GT-DLF-2307-CJJSB-W,740,RELIABLE,19000,0.2223,0.0,0,0
GT-TNC-2208-F9876-1,785,RELIABLE,33000,0.2122,45300.0,1,0
GT-GJH-2109-JF98A-R,770,RELIABLE,24500,0.2153,0.0,0,0
GT-GJD-2307-JZCWT-E,755,RELIABLE,38500,0.2186,42300.0,1,0
GT-TND-2105-P1KSS-8,671,RELIABLE,19500,0.2446,0.0,0,0
GT-MHD-2209-V4GPP-Q,635,EMERGING,11000,0.3,11100.0,1,1
GT-UPW-2309-RRTMG-X,683,RELIABLE,27500,0.24,34100.0,1,0
GT-KLD-2203-DDQHM-A,785,RELIABLE,38000,0.2122,42500.0,1,0
GT-GJC-2311-BZFVD-S,707,RELIABLE,19500,0.2318,19500.0,1,0
GT-RJD-2101-M5Z3D-E,824,STRONG,53500,0.1757,56400.0,1,0
GT-DLF-2101-8XMW5-0,920,PRIME,98500,0.1454,90700.0,1,0
GT-RJD-2108-BFVJH-4,700,RELIABLE,18000,0.2341,18800.0,1,0
GT-RJR-2401-PK50W-1,707,RELIABLE,32000,0.2318,25800.0,1,0
GT-KLR-2108-SQJDK-6,660,RELIABLE,19500,0.2491,24700.0,1,1
GT-KLW-2101-M7R33-W,887,STRONG,81000,0.1682,60700.0,1,0
GT-TNR-2201-CWG85-X,767,RELIABLE,33500,0.2159,40700.0,1,0
GT-MHR-2111-BJZRY-M,827,STRONG,53500,0.1752,64900.0,1,0
GT-UPW-2101-2JKZT-8,520,EMERGING,8500,0.3,0.0,0,1
GT-GJC-2308-V6NE8-L,721,RELIABLE,34500,0.2275,38400.0,1,0
GT-GJW-2303-EB25J-T,838,STRONG,70500,0.1737,84800.0,1,0
GT-GJW-2306-A76JJ-G,795,RELIABLE,44500,0.2104,56000.0,1,0
GT-KAR-2102-ZDVTK-U,832,STRONG,38000,0.1746,40600.0,1,1
GT-GJC-2310-TE6GD-A,680,RELIABLE,56500,0.2411,53200.0,1,0
GT-TGR-2312-XN37J-8,664,RELIABLE,22500,0.2474,20800.0,1,0
GT-KAH-2302-WNP29-O,628,EMERGING,9500,0.3,9200.0,1,1
GT-RJW-2108-J2CH1-I,704,RELIABLE,23000,0.2328,21000.0,1,1
GT-KAD-2308-ZTD7C-O,860,STRONG,48500,0.171,46500.0,1,0
GT-DLD-2212-DDCRD-I,851,STRONG,70500,0.172,84200.0,1,0
GT-DLW-2401-7MCAJ-7,761,RELIABLE,19000,0.2173,18700.0,1,0
GT-UPF-2312-J8XY9-C,680,RELIABLE,27000,0.2411,22200.0,1,0
GT-KAF-2308-VGNSJ-M,697,RELIABLE,25000,0.235,21100.0,1,1
GT-TNH-2206-NS50M-E,816,STRONG,50500,0.1769,50300.0,1,0
GT-TNR-2206-GYN05-B,733,RELIABLE,29500,0.2242,27600.0,1,0
GT-TGR-2103-4J4J8-B,732,RELIABLE,21500,0.2244,24600.0,1,0
GT-RJR-2106-7M2GB-V,812,STRONG,50000,0.1775,49400.0,1,0
GT-TND-2307-WKZ13-J,743,RELIABLE,19000,0.2215,19300.0,1,1
GT-TNR-2101-2Z436-6,753,RELIABLE,26500,0.2191,27200.0,1,0
GT-TGC-2206-1JV6V-B,762,RELIABLE,29000,0.217,26300.0,1,0
GT-TND-2206-JXCT8-7,841,STRONG,49000,0.1733,54200.0,1,0
GT-KLC-2111-N9TVY-N,914,PRIME,103000,0.1459,104800.0,1,0
GT-DLW-2202-71FJQ-0,776,RELIABLE,26500,0.214,23000.0,1,0
GT-MHD-2206-5JJ6Q-5,792,RELIABLE,28500,0.211,27500.0,1,0
GT-TGC-2206-6THMP-G,742,RELIABLE,25000,0.2218,20500.0,1,0
GT-KAW-2210-S77NG-0,600,EMERGING,14500,0.3,0.0,0,0
GT-UPR-2112-C52SK-U,842,STRONG,56000,0.1732,42400.0,1,0
GT-RJD-2103-T2CXF-E,770,RELIABLE,36000,0.2153,40000.0,1,0
GT-RJD-2203-Y3QR2-5,616,EMERGING,6500,0.3,6500.0,1,1
GT-RJF-2302-J5Q1B-3,738,RELIABLE,33000,0.2229,27400.0,1,1
GT-TGD-2402-RPJ8N-R,739,RELIABLE,24500,0.2226,27200.0,1,0
GT-GJD-2203-83JHA-5,708,RELIABLE,22000,0.2314,22400.0,1,1
GT-TNH-2306-A6243-V,855,STRONG,59000,0.1716,51600.0,1,0
GT-RJW-2307-F7EX1-1,740,RELIABLE,24500,0.2223,26700.0,1,0
GT-MHW-2201-QFZ5M-1,842,STRONG,54500,0.1732,49800.0,1,0
GT-MHH-2104-VNP4N-F,742,RELIABLE,36000,0.2218,41000.0,1,0
GT-KLD-2203-RYKP1-7,790,RELIABLE,37500,0.2113,41900.0,1,0
GT-TND-2106-TKCVQ-Y,701,RELIABLE,21500,0.2337,0.0,0,0
GT-TNF-2309-QAE7F-E,790,RELIABLE,31000,0.2113,32400.0,1,1
GT-GJR-2205-WX8MQ-3,756,RELIABLE,31500,0.2184,35300.0,1,0
GT-TND-2109-E4S1B-Y,706,RELIABLE,20000,0.2321,18500.0,1,0
GT-UPW-2109-ZCK69-A,520,EMERGING,14000,0.3,0.0,0,0
GT-TGD-2404-TKM51-W,686,RELIABLE,21000,0.2389,24400.0,1,1
GT-UPR-2208-ZA8A2-G,831,STRONG,43500,0.1747,35800.0,1,0
GT-KAR-2312-G3HTF-7,822,STRONG,45500,0.176,49900.0,1,0
GT-UPF-2312-BZCNK-X,668,RELIABLE,14000,0.2458,17400.0,1,0
GT-TND-2306-42FYA-H,826,STRONG,54500,0.1754,50600.0,1,0
GT-TGD-2401-G6NWT-Q,738,RELIABLE,25000,0.2229,26600.0,1,1
GT-KLC-2310-J37TM-Z,569,EMERGING,6500,0.3,0.0,0,1
GT-TGC-2209-HK40A-7,690,RELIABLE,28500,0.2375,31500.0,1,0
GT-KAR-2112-584YD-F,847,STRONG,62500,0.1726,65600.0,1,0
GT-TGD-2307-X56ZH-8,598,EMERGING,11500,0.3,10600.0,1,1
GT-DLF-2312-TR6RB-K,743,RELIABLE,41000,0.2215,37200.0,1,0
GT-TGD-2403-TGEV4-M,884,STRONG,69500,0.1684,63400.0,1,0
GT-DLD-2209-TFYY6-C,710,RELIABLE,19500,0.2308,20600.0,1,0
GT-GJD-2105-A0Y1J-6,733,RELIABLE,31000,0.2242,35400.0,1,0
GT-DLD-2301-N0PKS-X,620,EMERGING,9000,0.3,10000.0,1,0
GT-TGD-2306-T3J6V-S,880,STRONG,58000,0.1689,54800.0,1,0
GT-KLD-2203-T903A-1,755,RELIABLE,26500,0.2186,26700.0,1,0
GT-GJW-2103-MK59D-8,744,RELIABLE,33000,0.2213,33200.0,1,0
GT-UPR-2112-3T4VJ-J,864,STRONG,66500,0.1705,64900.0,1,0
GT-UPR-2308-HP6D1-4,680,RELIABLE,37000,0.2411,36300.0,1,0
GT-KLD-2208-0JR20-B,686,RELIABLE,21500,0.2389,24100.0,1,0
GT-RJC-2102-7S0CG-6,682,RELIABLE,24000,0.2404,23800.0,1,1
GT-RJD-2204-352HF-Q,762,RELIABLE,33500,0.217,31500.0,1,0
GT-TND-2202-252YD-7,600,EMERGING,11500,0.3,0.0,0,0
GT-GJF-2205-SDFYT-B,520,EMERGING,8000,0.3,0.0,0,1
GT-RJF-2401-410N5-9,778,RELIABLE,26500,0.2136,21700.0,1,0
GT-WBW-2310-QTZNF-K,694,RELIABLE,17000,0.2361,0.0,0,0
GT-MHR-2212-RSCWA-X,921,PRIME,81500,0.1453,74800.0,1,0
GT-WBR-2201-AHAYR-F,786,RELIABLE,26500,0.2121,31500.0,1,1
GT-DLD-2307-GFFP5-I,687,RELIABLE,22500,0.2386,30600.0,1,0
GT-GJR-2206-AW015-K,723,RELIABLE,26000,0.2269,33700.0,1,0
GT-RJR-2110-RW5YC-U,634,EMERGING,9500,0.3,0.0,0,1
GT-UPD-2110-VHBXV-M,666,RELIABLE,26000,0.2466,25500.0,1,1
GT-WBD-2108-C990K-5,827,STRONG,58000,0.1752,65800.0,1,0
GT-WBH-2302-KC6Q9-O,914,PRIME,101000,0.1459,93300.0,1,0
GT-WBD-2106-709PG-A,839,STRONG,38000,0.1736,38400.0,1,0
GT-TGD-2308-Q19EX-7,761,RELIABLE,49000,0.2173,42600.0,1,0
GT-DLC-2308-G7GA6-1,681,RELIABLE,20500,0.2407,0.0,0,0
GT-GJW-2201-G6211-2,667,RELIABLE,18500,0.2462,19900.0,1,1
GT-TNR-2112-1SC37-U,938,PRIME,122500,0.1441,125900.0,1,0
GT-MHF-2211-D9WQB-L,717,RELIABLE,20000,0.2287,16800.0,1,1
GT-RJD-2403-JG1V4-R,680,RELIABLE,53500,0.2411,0.0,0,0
GT-WBW-2108-9S2D8-Z,860,STRONG,57000,0.171,57900.0,1,0
GT-WBD-2206-58W61-7,578,EMERGING,8000,0.3,0.0,0,1
GT-WBH-2308-HD9PY-4,717,RELIABLE,21500,0.2287,0.0,0,0
GT-KAD-2210-4X3BN-B,658,RELIABLE,17500,0.2499,17400.0,1,0
GT-WBF-2210-226SQ-1,728,RELIABLE,25500,0.2256,25100.0,1,0
GT-WBR-2309-7MGVJ-E,774,RELIABLE,34500,0.2145,0.0,0,0
GT-WBD-2301-1FA71-K,680,RELIABLE,66000,0.2411,60300.0,1,0
GT-KAR-2210-X73R9-D,703,RELIABLE,38500,0.2331,38500.0,1,0
GT-UPW-2311-X6FF0-8,758,RELIABLE,30000,0.2179,26700.0,1,0
GT-GJD-2108-YRMEH-F,789,RELIABLE,25500,0.2115,26900.0,1,0
GT-UPH-2204-4SKED-O,794,RELIABLE,27000,0.2106,21400.0,1,0
GT-WBD-2101-65Q24-O,762,RELIABLE,21500,0.217,25100.0,1,0
GT-TNF-2105-X4N89-4,652,RELIABLE,23500,0.2526,30700.0,1,1
GT-RJF-2401-TK0GN-H,803,STRONG,57000,0.179,53600.0,1,0
GT-TNR-2211-6N39R-W,600,EMERGING,24500,0.3,17500.0,1,0
GT-TGF-2209-N838X-M,680,RELIABLE,24500,0.2411,0.0,0,0
GT-KAW-2209-DQYC4-L,764,RELIABLE,27000,0.2166,24000.0,1,0
GT-MHF-2211-W904X-O,680,RELIABLE,46000,0.2411,0.0,0,0
GT-MHR-2301-ADAQE-F,835,STRONG,52500,0.1741,58100.0,1,0
GT-TGF-2307-WKCA0-4,760,RELIABLE,24500,0.2175,23600.0,1,0
GT-DLR-2402-TP1RG-B,690,RELIABLE,15500,0.2375,11700.0,1,0
GT-TND-2404-SFTB5-W,741,RELIABLE,35000,0.2221,34400.0,1,1
GT-UPD-2403-YHK2V-O,733,RELIABLE,23000,0.2242,22900.0,1,0
GT-GJF-2201-BNBR5-W,600,EMERGING,21000,0.3,19600.0,1,0
GT-UPC-2211-XJM5V-K,702,RELIABLE,25000,0.2334,0.0,0,0
GT-RJD-2205-MKMJZ-V,704,RELIABLE,18000,0.2328,19800.0,1,1
GT-DLR-2102-SV35K-J,689,RELIABLE,21000,0.2379,23500.0,1,0
GT-GJD-2101-FCME0-2,520,EMERGING,7000,0.3,0.0,0,1
GT-RJR-2312-N0K2J-G,725,RELIABLE,32500,0.2264,30900.0,1,0
GT-TNW-2103-BEMMX-Z,597,EMERGING,8000,0.3,0.0,0,1
GT-TNW-2108-W7YH6-U,520,EMERGING,14000,0.3,0.0,0,0
GT-WBW-2301-WNWT6-X,720,RELIABLE,23500,0.2278,0.0,0,0
GT-UPW-2208-397JB-G,520,EMERGING,8000,0.3,0.0,0,0
GT-MHD-2309-J9S3E-S,781,RELIABLE,45000,0.213,45700.0,1,0
GT-TGR-2310-P7P1J-3,600,EMERGING,21000,0.3,21200.0,1,0
GT-DLD-2312-WPCQF-Z,712,RELIABLE,17500,0.2302,17100.0,1,1
GT-UPC-2208-97PVZ-0,743,RELIABLE,30500,0.2215,29900.0,1,0
GT-DLW-2311-SSZ2H-V,600,EMERGING,15500,0.3,11600.0,1,0
GT-TND-2102-KB8ZQ-X,695,RELIABLE,22500,0.2358,22600.0,1,0
GT-TND-2203-3HG7V-Q,689,RELIABLE,24000,0.2379,20500.0,1,0
GT-KAR-2201-4HBJX-6,873,STRONG,66000,0.1696,67800.0,1,0
GT-GJH-2211-R293A-Y,842,STRONG,71000,0.1732,63500.0,1,0
GT-DLD-2104-4QEXQ-N,793,RELIABLE,30500,0.2107,22500.0,1,1
GT-TGR-2201-EQTPN-5,831,STRONG,62000,0.1747,73500.0,1,0
GT-GJR-2312-JEHC9-3,571,EMERGING,7500,0.3,6600.0,1,1
GT-UPF-2212-Y905X-T,839,STRONG,51500,0.1736,47000.0,1,0
GT-KLF-2205-7JW3H-P,729,RELIABLE,19500,0.2253,0.0,0,0
GT-MHD-2301-WCH6X-O,813,STRONG,51500,0.1774,45300.0,1,0
GT-GJW-2311-YEJD1-F,786,RELIABLE,25500,0.2121,30000.0,1,0
GT-TND-2205-1S6MY-G,763,RELIABLE,24500,0.2168,21000.0,1,0
GT-UPW-2207-0WDSC-D,724,RELIABLE,28000,0.2266,29100.0,1,0
GT-TND-2207-5RQ4E-P,807,STRONG,61500,0.1783,60800.0,1,0
GT-KAF-2209-RTW55-F,713,RELIABLE,23000,0.2299,23600.0,1,0
GT-RJR-2310-JB6A4-V,600,EMERGING,24500,0.3,21800.0,1,0
GT-UPF-2305-MV22H-P,627,EMERGING,9500,0.3,12300.0,1,0
GT-TND-2204-QRB5E-F,729,RELIABLE,22000,0.2253,19900.0,1,0
GT-RJR-2303-GBQXH-J,908,PRIME,83000,0.1463,93500.0,1,0
GT-TGD-2202-MDV0B-O,728,RELIABLE,31500,0.2256,31200.0,1,0
GT-TGR-2403-5P41G-2,600,EMERGING,14500,0.3,0.0,0,0
GT-DLW-2109-6DXX5-C,686,RELIABLE,23500,0.2389,21700.0,1,0
GT-TGR-2404-M3K3V-U,823,STRONG,42500,0.1758,44800.0,1,0
GT-KLR-2208-SP7BQ-L,600,EMERGING,12000,0.3,11900.0,1,1
GT-KAF-2204-Q4XPE-7,719,RELIABLE,25000,0.2281,28100.0,1,0
GT-WBR-2211-4P6XS-O,832,STRONG,75500,0.1746,72300.0,1,0
GT-MHC-2312-905N9-T,699,RELIABLE,24500,0.2344,26300.0,1,0
GT-MHR-2309-K38GW-9,837,STRONG,60000,0.1738,64200.0,1,0
GT-KAH-2101-B24MR-5,809,STRONG,50000,0.178,47000.0,1,0
GT-DLC-2102-JT5BS-S,821,STRONG,66500,0.1761,67300.0,1,0
GT-UPR-2112-JN3H4-3,758,RELIABLE,30500,0.2179,25500.0,1,0
GT-UPR-2308-M138T-7,935,PRIME,117500,0.1443,101000.0,1,0
GT-UPF-2312-W4Z7Z-W,824,STRONG,52500,0.1757,71100.0,1,0
GT-MHW-2208-9EEYS-W,764,RELIABLE,33500,0.2166,34000.0,1,0
GT-MHD-2302-P84CX-P,738,RELIABLE,30500,0.2229,24900.0,1,1
GT-KLD-2307-0DTS7-9,756,RELIABLE,29000,0.2184,33600.0,1,0
GT-KLD-2107-C3MW3-F,891,STRONG,69000,0.1678,71800.0,1,0
GT-UPW-2201-58M9E-T,878,STRONG,81000,0.169,104400.0,1,0
GT-RJF-2208-25ZDW-W,889,STRONG,44000,0.168,34300.0,1,0
GT-RJD-2206-MCWWT-H,680,RELIABLE,33500,0.2411,31400.0,1,0
GT-WBR-2112-W7BTZ-1,679,RELIABLE,19500,0.2415,0.0,0,1
GT-TGW-2204-5G6C3-I,787,RELIABLE,34000,0.2119,0.0,0,0
GT-KLH-2210-S53R9-C,639,EMERGING,10500,0.2985,13900.0,1,0
GT-GJD-2311-MN2R0-0,694,RELIABLE,25500,0.2361,0.0,0,0
GT-RJD-2302-X4Z01-H,757,RELIABLE,25500,0.2182,19500.0,1,0
GT-DLR-2102-6S8M1-7,772,RELIABLE,29500,0.2149,22300.0,1,0
GT-DLF-2206-AHVCV-R,803,STRONG,41500,0.179,44400.0,1,0
GT-GJD-2307-YS6GV-F,795,RELIABLE,30000,0.2104,0.0,0,0
GT-KLD-2102-5QJ96-Y,781,RELIABLE,27000,0.213,24000.0,1,0
GT-GJW-2208-WT2B2-Z,673,RELIABLE,31500,0.2438,30700.0,1,0
GT-TGR-2107-B5AG7-0,736,RELIABLE,30500,0.2233,0.0,0,0
GT-KAD-2210-H4X5Q-P,615,EMERGING,8000,0.3,0.0,0,0
GT-MHR-2403-R227E-N,562,EMERGING,7500,0.3,0.0,0,1
GT-DLD-2303-2ANZX-7,772,RELIABLE,32000,0.2149,30100.0,1,0
GT-DLR-2109-8CAS4-W,694,RELIABLE,24500,0.2361,0.0,0,0
GT-UPR-2209-NNG8D-Q,838,STRONG,52500,0.1737,45300.0,1,0
GT-GJD-2202-AFTM1-J,830,STRONG,42500,0.1748,33400.0,1,0
GT-TND-2102-J5PQ5-M,721,RELIABLE,22000,0.2275,23100.0,1,0
GT-KLC-2305-TYR26-0,798,RELIABLE,41000,0.2099,46400.0,1,0
GT-TNC-2211-GTFJN-V,600,EMERGING,9000,0.3,0.0,0,0
GT-TGD-2303-DBFJN-W,634,EMERGING,12000,0.3,0.0,0,1
GT-WBF-2311-SNPGT-0,680,RELIABLE,29500,0.2411,23500.0,1,0
GT-WBD-2206-VG1TQ-7,600,EMERGING,13000,0.3,12700.0,1,0
GT-MHW-2403-C479E-Z,729,RELIABLE,30000,0.2253,33400.0,1,1
GT-TNC-2207-CED6S-L,946,PRIME,105000,0.1436,90100.0,1,0
GT-GJF-2104-2RJA5-8,631,EMERGING,6500,0.3,0.0,0,1
GT-RJF-2104-7XRJ6-Q,600,EMERGING,15000,0.3,17000.0,1,0
GT-TGR-2209-0FAZN-T,707,RELIABLE,22000,0.2318,25000.0,1,1
GT-MHD-2201-0XSSQ-2,810,STRONG,66000,0.1779,78500.0,1,0
GT-RJR-2112-K0928-Y,809,STRONG,46500,0.178,34900.0,1,0
GT-WBD-2206-PY5QP-Y,792,RELIABLE,34500,0.211,34500.0,1,0
GT-TGF-2212-BAESS-I,680,RELIABLE,17500,0.2411,0.0,0,1
GT-WBR-2112-85T96-M,706,RELIABLE,24500,0.2321,21500.0,1,1
GT-RJD-2103-9QTFZ-9,841,STRONG,49500,0.1733,50400.0,1,0
GT-KAF-2309-JE2HV-5,925,PRIME,108000,0.145,90500.0,1,0
GT-TNW-2102-631ZA-Q,832,STRONG,47000,0.1746,42900.0,1,0
GT-KLF-2203-V9SQ2-3,651,RELIABLE,16000,0.253,0.0,0,0
GT-TNR-2306-F1EXX-A,798,RELIABLE,43000,0.2099,50200.0,1,0
GT-KLC-2212-KJSE2-T,887,STRONG,64500,0.1682,58600.0,1,0
GT-DLD-2207-4EVVP-0,780,RELIABLE,31500,0.2133,28600.0,1,0
GT-TGF-2403-DDTYN-J,834,STRONG,46000,0.1743,49000.0,1,0
GT-KAR-2101-KE73Y-Z,684,RELIABLE,23000,0.2397,0.0,0,1
GT-UPD-2310-JF329-U,782,RELIABLE,39000,0.2128,43500.0,1,0
GT-DLH-2201-JCZ0R-S,799,RELIABLE,31000,0.2097,0.0,0,1
GT-RJR-2107-820A9-Q,793,RELIABLE,26500,0.2107,0.0,0,0
GT-MHD-2212-1AMYE-F,710,RELIABLE,19500,0.2308,20400.0,1,1
GT-MHD-2209-3F72N-9,729,RELIABLE,22000,0.2253,24000.0,1,1
GT-TGH-2112-Q59QK-J,853,STRONG,83500,0.1718,74200.0,1,0
GT-KAC-2210-GYNKN-9,874,STRONG,77000,0.1695,73900.0,1,0
GT-TND-2402-P2YDG-J,874,STRONG,76500,0.1695,78600.0,1,0
GT-GJR-2107-0FA5A-N,849,STRONG,54500,0.1723,56500.0,1,0
GT-WBD-2309-Q47DQ-T,600,EMERGING,20500,0.3,22300.0,1,0
GT-WBF-2311-E7WC2-I,709,RELIABLE,30000,0.2311,27300.0,1,0
GT-KAR-2208-ETWFP-G,896,STRONG,72000,0.1674,85300.0,1,0
GT-GJD-2309-H6ZX1-J,827,STRONG,43000,0.1752,42400.0,1,0
GT-KAR-2306-Y17ZQ-X,724,RELIABLE,28500,0.2266,0.0,0,1
GT-WBC-2104-9W0RP-A,717,RELIABLE,20500,0.2287,20900.0,1,1
GT-UPR-2309-8TA5Q-2,811,STRONG,60000,0.1777,49900.0,1,0
GT-UPD-2404-JE6JE-V,728,RELIABLE,26500,0.2256,27000.0,1,1
GT-TNH-2112-WDCSX-M,738,RELIABLE,22500,0.2229,27400.0,1,0
GT-MHD-2311-Y1H4D-0,834,STRONG,51000,0.1743,46700.0,1,0
GT-RJR-2302-1T435-N,859,STRONG,77000,0.1711,90300.0,1,0
GT-DLR-2402-K1D2Q-X,873,STRONG,49000,0.1696,41400.0,1,0
GT-TGD-2311-H6FHX-B,583,EMERGING,10000,0.3,0.0,0,1
GT-DLD-2106-SCFGV-R,837,STRONG,57500,0.1738,52900.0,1,0
GT-KAD-2106-M5QEQ-F,794,RELIABLE,32000,0.2106,33200.0,1,0
GT-TGD-2304-W1SCR-A,648,EMERGING,9500,0.2943,0.0,0,1
GT-WBR-2206-8WS4W-I,734,RELIABLE,19500,0.2239,19700.0,1,0
GT-UPC-2307-JXQRH-S,675,RELIABLE,28000,0.243,22100.0,1,0
GT-UPD-2108-61159-W,753,RELIABLE,21500,0.2191,15800.0,1,0
GT-RJF-2107-7EJK7-J,840,STRONG,40000,0.1735,42900.0,1,0
GT-RJR-2105-BJXNE-N,926,PRIME,98500,0.145,78400.0,1,1
GT-TGD-2310-V4Q2E-G,667,RELIABLE,16000,0.2462,13300.0,1,0
GT-TNR-2103-PP1WF-Y,837,STRONG,52500,0.1738,51700.0,1,0
GT-GJD-2210-GK2A1-X,793,RELIABLE,27000,0.2107,24300.0,1,0
GT-TGF-2212-KFE77-M,767,RELIABLE,29000,0.2159,25300.0,1,0
GT-DLR-2301-P1486-6,797,RELIABLE,35500,0.2101,37200.0,1,0
GT-KAF-2310-6AKA8-O,831,STRONG,52500,0.1747,52900.0,1,1
GT-TGC-2111-H0NB9-M,876,STRONG,85000,0.1693,97500.0,1,0
GT-TGD-2301-RKS55-K,832,STRONG,52000,0.1746,58100.0,1,0
GT-KLH-2112-8M5QF-K,669,RELIABLE,23500,0.2454,23800.0,1,1
GT-RJD-2202-SDQ4E-7,600,EMERGING,20000,0.3,22200.0,1,0
GT-DLD-2204-MKKRC-D,860,STRONG,71500,0.171,72300.0,1,0
GT-MHD-2212-5GDAZ-1,811,STRONG,41000,0.1777,38900.0,1,0
GT-UPW-2312-MVVGV-F,827,STRONG,50000,0.1752,46500.0,1,0
GT-TGF-2211-EBXVX-W,774,RELIABLE,30000,0.2145,25600.0,1,0
GT-KAH-2307-EG46R-T,680,RELIABLE,23000,0.2411,0.0,0,0
GT-UPF-2305-4G1P6-6,768,RELIABLE,36500,0.2157,42700.0,1,0
GT-TNR-2108-YM8WX-Z,573,EMERGING,8000,0.3,0.0,0,1
GT-MHC-2310-0TF71-W,725,RELIABLE,21500,0.2264,25300.0,1,0
GT-GJH-2106-3M03S-6,683,RELIABLE,22500,0.24,24300.0,1,1
GT-UPW-2403-W695Z-W,686,RELIABLE,23000,0.2389,0.0,0,0
GT-UPR-2307-HWASK-8,834,STRONG,53000,0.1743,58400.0,1,0
GT-DLW-2305-81YJV-H,839,STRONG,60000,0.1736,55200.0,1,0
GT-WBD-2112-65W6H-F,738,RELIABLE,27000,0.2229,24900.0,1,0
GT-TGC-2212-NM1P5-O,743,RELIABLE,28000,0.2215,26200.0,1,1
GT-RJH-2311-MTRYP-E,748,RELIABLE,37500,0.2203,40900.0,1,0
GT-MHF-2208-1EV1W-J,824,STRONG,59000,0.1757,71100.0,1,0
GT-RJD-2302-52KKR-X,700,RELIABLE,22000,0.2341,25300.0,1,0
GT-TND-2206-91Z8X-J,787,RELIABLE,29500,0.2119,24000.0,1,0
GT-GJH-2107-NQE2M-H,812,STRONG,38500,0.1775,41500.0,1,0
GT-WBC-2402-GTK46-J,606,EMERGING,10500,0.3,9400.0,1,1
GT-TNW-2402-Y19PS-X,755,RELIABLE,29000,0.2186,35200.0,1,1
GT-DLH-2212-9VN45-K,600,EMERGING,12500,0.3,0.0,0,0
GT-TNR-2312-HM6NK-3,698,RELIABLE,16000,0.2347,15000.0,1,0
GT-GJC-2303-FS1NB-V,744,RELIABLE,24500,0.2213,15800.0,1,1
GT-GJD-2308-T8ZM2-2,743,RELIABLE,26000,0.2215,31000.0,1,1
GT-GJD-2212-DDSGM-E,892,STRONG,62000,0.1677,52500.0,1,0
GT-GJR-2303-VZPKB-2,712,RELIABLE,21000,0.2302,14700.0,1,0
GT-KAD-2310-9V1MG-A,787,RELIABLE,24500,0.2119,24600.0,1,0
GT-TNR-2210-TSZ21-C,897,STRONG,82000,0.1672,60000.0,1,0
GT-TNW-2209-AY7Y1-M,709,RELIABLE,35500,0.2311,39100.0,1,0
GT-TND-2106-2Y7C8-X,912,PRIME,78500,0.146,74900.0,1,0
GT-TNW-2402-J921F-C,782,RELIABLE,32500,0.2128,24500.0,1,1
GT-MHD-2201-7XXXP-B,864,STRONG,63500,0.1705,62500.0,1,0
GT-KLC-2106-P005R-G,857,STRONG,60000,0.1713,58600.0,1,0
GT-KAD-2206-VPW56-E,788,RELIABLE,29500,0.2117,28800.0,1,0
GT-WBW-2201-ZGNGX-B,600,EMERGING,17500,0.3,20400.0,1,0
GT-TGF-2311-8YGF8-E,685,RELIABLE,18000,0.2393,14700.0,1,1
GT-UPR-2104-VRE0Q-X,807,STRONG,47500,0.1783,48800.0,1,0
GT-RJD-2212-G6YVX-R,838,STRONG,62500,0.1737,60700.0,1,1
GT-GJD-2212-5VX5B-0,774,RELIABLE,37000,0.2145,42800.0,1,1
GT-UPR-2204-DWSAZ-7,721,RELIABLE,26000,0.2275,24400.0,1,0
GT-DLD-2105-V19JD-7,726,RELIABLE,28500,0.2261,27800.0,1,0
GT-KLD-2302-X0PNH-P,825,STRONG,50500,0.1755,59100.0,1,0
GT-KAW-2309-YEDCM-V,849,STRONG,50500,0.1723,39200.0,1,0
GT-GJD-2211-DHP6S-F,717,RELIABLE,20000,0.2287,21100.0,1,1
GT-MHD-2307-W4981-X,658,RELIABLE,23500,0.2499,23000.0,1,0
GT-DLR-2205-HFEV9-T,799,RELIABLE,40500,0.2097,40300.0,1,0
GT-RJR-2204-S1X82-9,849,STRONG,70500,0.1723,56600.0,1,0
GT-GJR-2403-02SHT-L,830,STRONG,53000,0.1748,52800.0,1,0
GT-GJF-2112-MM90Y-G,652,RELIABLE,20000,0.2526,20500.0,1,1
GT-RJF-2103-S3GB4-D,731,RELIABLE,17500,0.2247,17500.0,1,1
GT-DLR-2207-WEV3S-N,633,EMERGING,9500,0.3,0.0,0,0
GT-GJR-2308-8GQ7N-D,726,RELIABLE,26500,0.2261,24300.0,1,0
GT-DLD-2305-QQ8JE-Q,875,STRONG,45000,0.1693,51000.0,1,0
GT-TGF-2307-X5V9C-R,683,RELIABLE,20000,0.24,18400.0,1,1
GT-TGD-2401-KYVKS-N,641,EMERGING,7500,0.2975,7000.0,1,1
GT-GJC-2106-SV6H7-4,707,RELIABLE,27000,0.2318,27100.0,1,0
GT-KAF-2309-K722Z-H,807,STRONG,50000,0.1783,63600.0,1,0
GT-KAF-2110-N7VJB-T,818,STRONG,45500,0.1766,54000.0,1,0
GT-KAR-2308-8M415-2,787,RELIABLE,35000,0.2119,38600.0,1,0
GT-DLC-2306-AJ182-7,871,STRONG,66500,0.1698,79100.0,1,0
GT-WBR-2112-KWV6J-E,594,EMERGING,9000,0.3,0.0,0,1
GT-MHR-2306-A5W7Y-N,839,STRONG,61000,0.1736,59600.0,1,0
GT-KLC-2310-H2D50-Q,729,RELIABLE,20500,0.2253,24800.0,1,0
GT-TGF-2103-VHK9G-3,858,STRONG,62000,0.1712,59100.0,1,0
GT-TNR-2201-539QV-J,600,EMERGING,13000,0.3,16000.0,1,1
GT-RJD-2203-KZ5FY-R,778,RELIABLE,31000,0.2136,36000.0,1,1
GT-MHD-2102-E7J8B-X,727,RELIABLE,29000,0.2258,31900.0,1,1
GT-MHW-2211-13FX2-8,856,STRONG,63000,0.1714,69200.0,1,0
GT-TND-2203-4MRMS-N,662,RELIABLE,24500,0.2482,0.0,0,1
GT-KAD-2108-CYMAV-7,784,RELIABLE,43000,0.2125,36300.0,1,0
GT-GJD-2203-QQ2EY-6,600,EMERGING,9500,0.3,0.0,0,1
GT-UPH-2302-B7JZB-H,804,STRONG,54500,0.1788,49900.0,1,0
GT-TNR-2111-HBCE5-9,817,STRONG,50500,0.1767,45700.0,1,0
GT-RJR-2201-GWPJC-R,841,STRONG,43500,0.1733,42000.0,1,0
GT-KAC-2210-JHDQY-C,600,EMERGING,17500,0.3,0.0,0,1
GT-WBR-2306-9AMTN-6,838,STRONG,73000,0.1737,67500.0,1,0
GT-UPW-2312-FKA2V-Q,892,STRONG,79500,0.1677,74600.0,1,0
GT-TNW-2203-DM4VC-L,639,EMERGING,9500,0.2985,0.0,0,0
GT-KLR-2204-2NTCN-4,835,STRONG,54000,0.1741,46200.0,1,0
GT-TGW-2105-BBKMF-K,874,STRONG,65000,0.1695,56000.0,1,0
GT-KLH-2307-3FEZW-6,744,RELIABLE,33500,0.2213,31200.0,1,0
GT-GJD-2302-KEZ15-Z,668,RELIABLE,26000,0.2458,26500.0,1,0
GT-DLD-2402-2PRYF-M,834,STRONG,59500,0.1743,66800.0,1,0
GT-RJW-2309-T16Z3-M,674,RELIABLE,20000,0.2434,20800.0,1,1
GT-KAR-2305-1R0TY-7,720,RELIABLE,24500,0.2278,22300.0,1,0
GT-MHR-2303-A3GT1-Y,781,RELIABLE,27000,0.213,29200.0,1,0
GT-UPD-2203-TRJEN-W,600,EMERGING,20500,0.3,0.0,0,0
GT-KLC-2205-BKVZR-4,663,RELIABLE,16000,0.2478,17600.0,1,1
GT-TNW-2404-FR712-H,698,RELIABLE,35500,0.2347,34000.0,1,0
GT-GJH-2211-8J2R4-M,754,RELIABLE,25000,0.2188,25800.0,1,0
GT-GJR-2302-BDNH7-9,847,STRONG,52500,0.1726,48100.0,1,0
GT-UPH-2311-3VZZA-E,913,PRIME,93000,0.1459,79400.0,1,0
GT-KLR-2205-GWB2Y-R,636,EMERGING,8500,0.2999,8600.0,1,1
GT-KAF-2308-TH4P4-Q,770,RELIABLE,33000,0.2153,30500.0,1,0
GT-MHF-2111-YX0X6-N,680,RELIABLE,20500,0.2411,22600.0,1,0
GT-KLR-2209-338BJ-X,826,STRONG,70000,0.1754,80900.0,1,0
GT-WBR-2111-5XMQX-F,520,EMERGING,13500,0.3,0.0,0,1
GT-WBD-2303-WAABB-8,646,EMERGING,10500,0.2953,0.0,0,0
GT-TGR-2402-5TNXX-1,733,RELIABLE,19000,0.2242,18200.0,1,0
GT-TNF-2305-KZCPH-N,736,RELIABLE,40000,0.2233,45300.0,1,0
GT-DLD-2302-6XD2B-4,806,STRONG,46500,0.1785,41200.0,1,0
GT-TNF-2205-V6979-Z,786,RELIABLE,33000,0.2121,40200.0,1,0
GT-KAD-2106-0TDM6-O,761,RELIABLE,24500,0.2173,15900.0,1,0
GT-DLD-2308-DRZ62-V,520,EMERGING,10500,0.3,0.0,0,1
GT-KLF-2310-SQM0P-J,820,STRONG,51000,0.1763,55900.0,1,0
GT-MHD-2303-1V6J4-Q,764,RELIABLE,36500,0.2166,37400.0,1,0
GT-UPH-2211-2RX52-Z,850,STRONG,60000,0.1722,52700.0,1,0
GT-KAH-2401-W23Y7-Q,683,RELIABLE,24000,0.24,21900.0,1,1
GT-UPR-2307-PKWTN-N,597,EMERGING,8000,0.3,0.0,0,0
GT-DLR-2203-ZAYPD-S,600,EMERGING,15000,0.3,15500.0,1,0
GT-UPD-2201-67YHS-M,830,STRONG,57500,0.1748,67300.0,1,0
GT-TGW-2309-VPBNQ-Q,600,EMERGING,16000,0.3,15800.0,1,1
GT-UPD-2109-E9RME-Z,704,RELIABLE,17000,0.2328,13500.0,1,0
GT-GJH-2305-96BN6-C,738,RELIABLE,17500,0.2229,20300.0,1,0
GT-WBH-2311-M2BHN-Z,894,STRONG,64000,0.1675,75700.0,1,0
GT-UPD-2107-GCT7P-I,671,RELIABLE,22000,0.2446,0.0,0,0
GT-KLF-2108-JZ4CS-7,667,RELIABLE,15500,0.2462,14200.0,1,0
GT-WBR-2209-T22D5-T,824,STRONG,57000,0.1757,49200.0,1,0
GT-MHR-2301-PWRJ3-V,594,EMERGING,10000,0.3,0.0,0,0
GT-MHD-2103-RH553-7,849,STRONG,46000,0.1723,40800.0,1,0
GT-WBW-2207-XVPTP-T,853,STRONG,76000,0.1718,79800.0,1,0
GT-TGD-2209-46P7H-I,813,STRONG,58000,0.1774,67700.0,1,0
GT-GJC-2206-3H6V3-Q,833,STRONG,47000,0.1744,60700.0,1,0
GT-GJR-2107-SVQED-A,768,RELIABLE,31500,0.2157,26700.0,1,1
GT-MHF-2101-WE2F8-M,639,EMERGING,11000,0.2985,9600.0,1,0
GT-UPC-2304-58TAR-3,600,EMERGING,15500,0.3,0.0,0,1
GT-KLW-2401-DK8KP-C,652,RELIABLE,16500,0.2526,0.0,0,0
GT-TNR-2311-46V7Z-H,772,RELIABLE,30500,0.2149,34400.0,1,0
GT-KLR-2309-SPXXT-A,801,STRONG,50000,0.1794,56100.0,1,0
GT-KLR-2108-DMXXG-2,874,STRONG,68500,0.1695,59000.0,1,0
GT-TGR-2105-VX687-L,810,STRONG,58000,0.1779,70000.0,1,0
GT-UPH-2204-Z2BF0-V,800,STRONG,46500,0.1795,51600.0,1,0
GT-KLD-2111-3PKT6-G,716,RELIABLE,25000,0.229,0.0,0,0
GT-RJR-2210-1WVZ1-E,709,RELIABLE,21000,0.2311,0.0,0,1
GT-TNW-2211-H5NJ5-H,824,STRONG,59000,0.1757,60700.0,1,0
GT-GJR-2212-N62YN-J,707,RELIABLE,26000,0.2318,22300.0,1,0
GT-WBC-2103-BBBMB-4,735,RELIABLE,25500,0.2236,0.0,0,0
GT-TGD-2304-8N7NE-O,600,EMERGING,11000,0.3,12700.0,1,1
GT-GJD-2101-YADKQ-X,703,RELIABLE,16000,0.2331,12500.0,1,0
GT-KLF-2310-8NX60-E,794,RELIABLE,40000,0.2106,34800.0,1,0
GT-KAR-2201-J3P2Z-9,833,STRONG,53500,0.1744,51200.0,1,0
GT-KLH-2112-092PG-I,600,EMERGING,19500,0.3,0.0,0,0
GT-TNR-2304-YTPW2-M,795,RELIABLE,30000,0.2104,28000.0,1,0
GT-RJD-2210-DM2CC-2,520,EMERGING,12500,0.3,0.0,0,0
GT-MHD-2203-YY555-7,753,RELIABLE,34500,0.2191,31900.0,1,1
GT-RJR-2309-DFXSM-V,841,STRONG,66500,0.1733,65700.0,1,0
GT-TGF-2209-H0VBK-9,834,STRONG,58500,0.1743,51900.0,1,0
GT-KLD-2204-DHJ6Y-6,858,STRONG,49500,0.1712,55900.0,1,0
GT-TGR-2308-QBCFX-C,903,PRIME,77000,0.1468,63000.0,1,1
GT-UPC-2201-Z8QSE-X,688,RELIABLE,35500,0.2382,23800.0,1,1
GT-WBR-2207-PGRB7-8,683,RELIABLE,26000,0.24,0.0,0,1
GT-DLF-2208-RDTKZ-I,680,RELIABLE,21000,0.2411,0.0,0,0
GT-DLD-2205-6KP76-V,520,EMERGING,16500,0.3,0.0,0,0
GT-WBW-2305-A34N7-B,564,EMERGING,5500,0.3,0.0,0,1
GT-TGD-2103-9RABP-4,789,RELIABLE,27000,0.2115,18900.0,1,1
GT-GJR-2211-SYR85-U,702,RELIABLE,19000,0.2334,17100.0,1,1
GT-RJD-2403-M69R9-9,600,EMERGING,20000,0.3,17200.0,1,0
GT-UPD-2306-VKZEW-H,775,RELIABLE,24000,0.2142,21500.0,1,0
GT-KAD-2310-SX46D-L,713,RELIABLE,29000,0.2299,26700.0,1,0
GT-TGD-2306-AJ0QQ-8,812,STRONG,66500,0.1775,62200.0,1,0
GT-MHC-2205-1VTWF-G,824,STRONG,59500,0.1757,53500.0,1,0
GT-WBD-2204-ZE8NJ-9,716,RELIABLE,22500,0.229,0.0,0,0
GT-WBH-2212-69NCF-M,682,RELIABLE,23500,0.2404,25100.0,1,0
GT-KLR-2109-9VTAV-0,551,EMERGING,6500,0.3,5600.0,1,0
GT-TND-2103-3946E-N,690,RELIABLE,24500,0.2375,33100.0,1,0
GT-TGR-2106-NRGBX-2,691,RELIABLE,22000,0.2371,22800.0,1,1
GT-WBD-2304-S5623-H,791,RELIABLE,22500,0.2112,18300.0,1,0
GT-MHW-2206-Y3YAB-C,673,RELIABLE,18500,0.2438,20200.0,1,1
GT-KAD-2210-XHDXC-L,752,RELIABLE,32000,0.2193,34800.0,1,0
GT-UPC-2401-N08FV-6,672,RELIABLE,16500,0.2442,0.0,0,0
GT-TND-2211-XSJT8-8,729,RELIABLE,25000,0.2253,24800.0,1,0
GT-TND-2205-80WCC-W,600,EMERGING,18000,0.3,18500.0,1,0
GT-KLD-2311-JXFGE-H,757,RELIABLE,20500,0.2182,17300.0,1,0
GT-DLF-2206-NERC3-W,600,EMERGING,17500,0.3,19200.0,1,0
GT-KLR-2210-6JWXE-U,621,EMERGING,11500,0.3,0.0,0,1
GT-GJH-2312-FVEMK-E,713,RELIABLE,27500,0.2299,23300.0,1,0
GT-DLR-2201-V1046-7,729,RELIABLE,27000,0.2253,24800.0,1,1
GT-KLD-2212-BKFC0-7,706,RELIABLE,21000,0.2321,0.0,0,0
GT-GJW-2304-A7PBD-0,787,RELIABLE,23000,0.2119,23600.0,1,0
GT-TNR-2208-7D3K9-P,880,STRONG,78000,0.1689,85200.0,1,0
GT-TGW-2209-0BNCV-8,843,STRONG,59500,0.1731,45200.0,1,1
GT-TNR-2212-6SEXV-8,600,EMERGING,9500,0.3,10100.0,1,0
GT-RJW-2108-H4R53-Y,778,RELIABLE,28000,0.2136,31200.0,1,0
GT-TGD-2203-REGTV-9,799,RELIABLE,34000,0.2097,35300.0,1,0
GT-KAH-2403-JR7QM-U,675,RELIABLE,22000,0.243,23100.0,1,0
GT-GJD-2107-2738X-5,823,STRONG,62000,0.1758,64500.0,1,0
GT-UPW-2110-57HM4-C,766,RELIABLE,34500,0.2161,34400.0,1,0
GT-TND-2110-JHG1X-X,614,EMERGING,10000,0.3,0.0,0,0
GT-KLW-2303-QBH38-R,825,STRONG,61000,0.1755,67200.0,1,0
GT-TGC-2310-0MJG0-I,756,RELIABLE,27000,0.2184,18300.0,1,0
GT-DLC-2108-NVAWE-A,600,EMERGING,14500,0.3,0.0,0,0
GT-UPR-2207-M6YQ0-I,744,RELIABLE,29500,0.2213,31700.0,1,0
GT-MHR-2107-4PA8E-T,671,RELIABLE,25500,0.2446,0.0,0,0
GT-KLW-2106-96VTG-V,755,RELIABLE,39500,0.2186,46000.0,1,0
GT-GJR-2103-KGTAS-C,730,RELIABLE,26000,0.225,29100.0,1,0
GT-TNF-2112-GS331-6,771,RELIABLE,33500,0.2151,37700.0,1,0
GT-KAD-2202-MS12G-7,770,RELIABLE,24500,0.2153,25800.0,1,0
GT-WBR-2105-ZKG9S-5,661,RELIABLE,26000,0.2487,0.0,0,1
GT-WBR-2105-V5T43-L,661,RELIABLE,17500,0.2487,17600.0,1,1
GT-UPF-2204-63QJ9-2,557,EMERGING,5000,0.3,0.0,0,1
GT-DLD-2205-H5MR4-E,787,RELIABLE,31000,0.2119,34600.0,1,0
GT-DLR-2103-Q1R74-Y,648,EMERGING,10500,0.2943,0.0,0,0
GT-TGC-2207-7GFMK-4,729,RELIABLE,19000,0.2253,19400.0,1,0
GT-RJR-2404-30V9Z-V,844,STRONG,46000,0.1729,46300.0,1,1
GT-KLC-2309-5JFV7-I,600,EMERGING,25000,0.3,0.0,0,0
GT-TND-2212-3256N-7,640,EMERGING,12500,0.298,13300.0,1,0
GT-KAR-2109-36AXM-M,774,RELIABLE,28500,0.2145,27500.0,1,1
GT-MHR-2304-A4F67-9,900,PRIME,108500,0.147,117200.0,1,0
GT-WBR-2303-BPDRG-Q,879,STRONG,62000,0.169,56500.0,1,0
GT-KAF-2101-BJYPV-Q,782,RELIABLE,30500,0.2128,31800.0,1,0
GT-UPD-2101-HP4X3-7,799,RELIABLE,38000,0.2097,33000.0,1,0
GT-KAR-2107-AWJQR-Y,671,RELIABLE,20000,0.2446,0.0,0,0
GT-TGD-2205-V7YHR-P,770,RELIABLE,27000,0.2153,26300.0,1,0
GT-UPF-2109-7EEF3-Q,600,EMERGING,13000,0.3,0.0,0,0
GT-TGW-2403-3HBPA-J,833,STRONG,49000,0.1744,53500.0,1,0
GT-GJD-2301-68GZB-S,698,RELIABLE,23000,0.2347,22600.0,1,1
GT-TNR-2203-9KGV2-W,725,RELIABLE,30500,0.2264,0.0,0,0
GT-UPR-2401-PMBBX-V,765,RELIABLE,29500,0.2164,29800.0,1,0
GT-TGW-2202-NRPVZ-T,600,EMERGING,12500,0.3,15000.0,1,0
GT-UPD-2301-8ESXN-G,600,EMERGING,17500,0.3,14600.0,1,1
GT-KLR-2301-5XSD0-2,737,RELIABLE,31500,0.2231,35400.0,1,1
GT-TNW-2201-ZR3XG-1,685,RELIABLE,25000,0.2393,24200.0,1,1
GT-DLR-2210-ZW3D1-Y,859,STRONG,60500,0.1711,68500.0,1,1
GT-KLW-2205-VH1V7-G,935,PRIME,132500,0.1443,119100.0,1,0
GT-GJR-2305-RDB92-G,855,STRONG,49500,0.1716,42200.0,1,0
GT-RJC-2304-3GW86-H,616,EMERGING,9000,0.3,8500.0,1,1
GT-TND-2110-GQRA5-K,666,RELIABLE,17000,0.2466,16900.0,1,0
GT-TND-2108-V6PF4-4,808,STRONG,48000,0.1782,55000.0,1,0
GT-MHR-2205-KN8BA-8,902,PRIME,94500,0.1468,90700.0,1,0
GT-UPR-2105-64861-J,647,EMERGING,13500,0.2948,11400.0,1,1
GT-RJF-2205-ES32S-0,711,RELIABLE,30500,0.2305,26900.0,1,0
GT-RJD-2203-RKRQH-7,775,RELIABLE,32000,0.2142,27200.0,1,0
GT-DLD-2302-YNY5V-E,867,STRONG,79000,0.1702,77600.0,1,0
GT-TGW-2207-3TGYN-V,707,RELIABLE,21000,0.2318,22900.0,1,0
GT-TGD-2309-SA3Z6-3,520,EMERGING,13500,0.3,0.0,0,0
GT-MHW-2403-ZYSK7-Q,836,STRONG,52000,0.174,63600.0,1,0
GT-KAF-2106-YCN33-A,845,STRONG,55500,0.1728,51100.0,1,0
GT-TND-2207-44W76-F,775,RELIABLE,22500,0.2142,23000.0,1,0
GT-WBF-2404-SE9N3-E,825,STRONG,54500,0.1755,64300.0,1,0
GT-KLC-2306-9YZMG-K,738,RELIABLE,30500,0.2229,27600.0,1,0
GT-RJW-2201-RNFS0-8,715,RELIABLE,15000,0.2293,14700.0,1,0
GT-UPD-2109-JCZ5X-J,852,STRONG,65500,0.1719,71000.0,1,0
GT-KLR-2203-CZH52-C,786,RELIABLE,22500,0.2121,23100.0,1,0
GT-UPC-2106-AW115-8,771,RELIABLE,24500,0.2151,26200.0,1,1
GT-WBF-2211-VXP4S-Z,848,STRONG,57500,0.1725,66400.0,1,0
GT-KLD-2303-3QVKZ-D,723,RELIABLE,28500,0.2269,27200.0,1,0
GT-KLD-2309-YHK5J-M,715,RELIABLE,23000,0.2293,23700.0,1,1
GT-DLF-2211-FWNV2-P,761,RELIABLE,33500,0.2173,32800.0,1,0
GT-DLW-2204-9674E-9,711,RELIABLE,20000,0.2305,0.0,0,0
GT-KLC-2401-4QZVQ-C,796,RELIABLE,37000,0.2102,33800.0,1,0
GT-KAC-2205-686J7-D,701,RELIABLE,25000,0.2337,28800.0,1,1
GT-WBD-2211-395QN-3,649,EMERGING,15000,0.2939,16700.0,1,1
GT-TNF-2207-Y9N7G-H,734,RELIABLE,23500,0.2239,18900.0,1,0
GT-UPD-2103-GQVCK-9,600,EMERGING,14000,0.3,15100.0,1,0
GT-KLD-2306-RP0RR-Y,829,STRONG,60000,0.175,59100.0,1,0
GT-TND-2312-DNFRG-B,774,RELIABLE,33000,0.2145,42000.0,1,0
GT-DLC-2109-E2E55-M,818,STRONG,53500,0.1766,61700.0,1,0
GT-TND-2311-1HCVP-P,775,RELIABLE,31500,0.2142,28600.0,1,0
GT-UPR-2308-6D8HB-A,747,RELIABLE,23500,0.2205,0.0,0,0
GT-TNR-2106-H47YR-U,702,RELIABLE,15500,0.2334,14400.0,1,1
GT-GJD-2205-KB8EZ-H,600,EMERGING,24000,0.3,0.0,0,0
GT-TNR-2206-Y7JTE-Y,688,RELIABLE,26000,0.2382,28800.0,1,0
GT-UPD-2311-JJHA1-5,861,STRONG,60500,0.1709,53600.0,1,0
GT-KAR-2108-WGB4B-4,879,STRONG,75000,0.169,82500.0,1,0
GT-TNR-2104-X5HGD-P,600,EMERGING,28500,0.3,35900.0,1,0
GT-TNW-2204-J4VE7-X,807,STRONG,53500,0.1783,50100.0,1,0
GT-WBF-2207-3NTEX-Y,823,STRONG,57500,0.1758,58000.0,1,0
GT-GJC-2212-DRYR0-N,643,EMERGING,7500,0.2966,7900.0,1,1
GT-UPR-2202-JPK67-8,600,EMERGING,15000,0.3,15300.0,1,1
GT-KLD-2202-84QRM-K,520,EMERGING,15500,0.3,0.0,0,0
GT-UPR-2112-XHC1G-R,788,RELIABLE,34500,0.2117,33500.0,1,0
GT-KAH-2107-21160-N,787,RELIABLE,31500,0.2119,24200.0,1,0
GT-GJD-2208-Y6P3F-8,821,STRONG,35500,0.1761,36700.0,1,0
GT-KAD-2104-WM143-G,725,RELIABLE,31000,0.2264,0.0,0,1
GT-TGH-2309-Z7KNZ-E,679,RELIABLE,17000,0.2415,18400.0,1,0
GT-WBH-2107-WRE0J-7,883,STRONG,78500,0.1686,77700.0,1,0
GT-TND-2101-KHH1R-6,836,STRONG,50500,0.174,56700.0,1,0
GT-GJW-2206-6CKGR-E,713,RELIABLE,24500,0.2299,24300.0,1,1
GT-UPR-2112-BDTK3-C,744,RELIABLE,26000,0.2213,0.0,0,0
GT-GJR-2307-07G49-K,744,RELIABLE,27000,0.2213,27000.0,1,0
GT-WBR-2108-AS7TS-7,775,RELIABLE,31500,0.2142,37100.0,1,0
GT-KLH-2304-1BV2N-X,788,RELIABLE,43500,0.2117,41400.0,1,0
GT-GJD-2311-K7YCE-E,934,PRIME,101500,0.1444,104100.0,1,0
GT-DLW-2304-XDKBN-7,795,RELIABLE,28000,0.2104,32300.0,1,0
GT-GJD-2302-4FC72-6,816,STRONG,35500,0.1769,36900.0,1,1
GT-TGF-2112-MFQH7-K,629,EMERGING,12000,0.3,0.0,0,1
GT-KAF-2204-VKW29-G,731,RELIABLE,22500,0.2247,22400.0,1,0
GT-KLW-2101-EH8YY-K,870,STRONG,51000,0.1699,44800.0,1,0
GT-UPC-2305-17BZW-D,753,RELIABLE,26500,0.2191,28800.0,1,0
GT-GJW-2110-1C13A-8,431,BUILDING,0,0.3,0.0,0,1
GT-GJW-2210-NTYAR-G,827,STRONG,42500,0.1752,50800.0,1,0
GT-WBD-2202-BD3JW-D,917,PRIME,100500,0.1456,91500.0,1,0
GT-TNH-2108-8N88Q-R,581,EMERGING,10500,0.3,0.0,0,1
GT-KLR-2310-C1HJ3-U,867,STRONG,61000,0.1702,67800.0,1,0
GT-WBR-2209-V40F5-P,547,EMERGING,4500,0.3,0.0,0,1
GT-TNR-2402-HWMS7-J,841,STRONG,62500,0.1733,57200.0,1,0
GT-GJR-2304-KGT7G-1,743,RELIABLE,34000,0.2215,38000.0,1,1
GT-MHF-2106-Y4Z9P-Z,586,EMERGING,9000,0.3,9600.0,1,0
GT-TNR-2201-MVYW6-M,748,RELIABLE,35000,0.2203,30400.0,1,0
GT-MHD-2108-D2Q15-3,880,STRONG,91000,0.1689,103100.0,1,0
GT-KAC-2101-FXVDG-K,796,RELIABLE,35000,0.2102,33800.0,1,0
GT-RJC-2105-HQ6FH-4,811,STRONG,80000,0.1777,89000.0,1,0
GT-TGR-2303-9YE5H-W,728,RELIABLE,29500,0.2256,28700.0,1,1
GT-RJH-2109-TFWYX-K,604,EMERGING,11000,0.3,10800.0,1,1
GT-GJR-2303-TFWGP-N,520,EMERGING,16500,0.3,0.0,0,0
GT-DLR-2108-TV7QP-8,680,RELIABLE,38000,0.2411,45200.0,1,0
GT-DLC-2110-553ZK-5,819,STRONG,56000,0.1764,43800.0,1,0
GT-TGF-2211-0QDCR-9,610,EMERGING,8000,0.3,8200.0,1,1
GT-KAW-2211-QGD5S-B,668,RELIABLE,16500,0.2458,0.0,0,0
GT-WBR-2311-PMPZ1-X,702,RELIABLE,23500,0.2334,27600.0,1,1
GT-TGR-2201-ARH5Z-X,649,EMERGING,10500,0.2939,8700.0,1,1
GT-MHD-2312-TRNKZ-H,741,RELIABLE,25500,0.2221,22900.0,1,0
GT-WBH-2308-S22XN-K,600,EMERGING,20000,0.3,19200.0,1,1
GT-RJD-2102-WVKWD-4,600,EMERGING,8500,0.3,0.0,0,1
GT-KLR-2111-H8ZHJ-I,791,RELIABLE,35000,0.2112,40500.0,1,0
GT-TGD-2105-VZKB5-5,600,EMERGING,14000,0.3,13800.0,1,0
GT-KAF-2402-DQ9V8-V,689,RELIABLE,22500,0.2379,20700.0,1,1
GT-RJR-2301-J5J4D-Z,758,RELIABLE,27500,0.2179,29000.0,1,0
GT-WBW-2302-R7FVE-3,622,EMERGING,8000,0.3,0.0,0,1
GT-UPR-2107-CE9X8-O,701,RELIABLE,25000,0.2337,24200.0,1,0
GT-KAD-2208-GCRJ4-K,761,RELIABLE,30000,0.2173,34400.0,1,0
GT-DLD-2101-PNSXY-D,795,RELIABLE,31000,0.2104,32400.0,1,0
GT-DLD-2110-B6HY6-T,809,STRONG,44000,0.178,32200.0,1,0
GT-UPW-2302-TH476-O,795,RELIABLE,36000,0.2104,39300.0,1,0
GT-GJW-2309-W32JN-8,600,EMERGING,13500,0.3,0.0,0,1
GT-UPR-2303-7T0F5-R,755,RELIABLE,36500,0.2186,32700.0,1,0
GT-TNR-2307-C82KT-H,803,STRONG,41500,0.179,49100.0,1,0
GT-TND-2403-XAKS6-R,734,RELIABLE,25500,0.2239,22200.0,1,0
GT-MHC-2212-KYZ40-L,753,RELIABLE,26000,0.2191,25800.0,1,0
GT-DLH-2203-2V4PE-Z,772,RELIABLE,28000,0.2149,30500.0,1,0
GT-MHW-2108-EENG5-X,669,RELIABLE,22500,0.2454,22700.0,1,1
GT-RJD-2108-Z4DAS-P,734,RELIABLE,25000,0.2239,25800.0,1,0
GT-GJR-2307-DZFYN-H,686,RELIABLE,26500,0.2389,0.0,0,0
GT-GJH-2306-90ZV2-4,743,RELIABLE,43000,0.2215,0.0,0,0
GT-RJD-2101-ZTK31-I,813,STRONG,47000,0.1774,50100.0,1,0
GT-UPF-2204-FEKZ2-J,710,RELIABLE,21500,0.2308,17000.0,1,0
GT-TNH-2403-WS4BE-5,721,RELIABLE,27000,0.2275,28100.0,1,0
GT-TNW-2308-VVH8X-V,600,EMERGING,11500,0.3,9300.0,1,0
GT-MHF-2203-7NQ2R-M,632,EMERGING,8500,0.3,10500.0,1,0
GT-UPR-2104-9PY05-A,778,RELIABLE,38500,0.2136,0.0,0,0
GT-RJC-2301-FQAJX-1,600,EMERGING,11500,0.3,0.0,0,0
GT-UPR-2111-1NT47-V,853,STRONG,59000,0.1718,64300.0,1,0
GT-TGC-2311-XEDW7-D,687,RELIABLE,29000,0.2386,22300.0,1,1
GT-TNR-2102-6DZJD-Y,933,PRIME,105500,0.1444,107400.0,1,0
GT-TGW-2112-RQ70H-I,710,RELIABLE,28500,0.2308,29100.0,1,1
GT-DLC-2207-CHTR4-X,712,RELIABLE,20500,0.2302,0.0,0,0
GT-MHR-2310-Z2JTE-O,658,RELIABLE,27500,0.2499,29500.0,1,1
GT-TGD-2109-JFRWX-P,633,EMERGING,9500,0.3,9400.0,1,0
GT-DLD-2102-6DERA-1,878,STRONG,85000,0.169,72000.0,1,0
GT-UPW-2309-WV306-6,845,STRONG,76500,0.1728,79500.0,1,0
GT-KLF-2311-NXXYH-I,795,RELIABLE,35000,0.2104,39900.0,1,0
GT-MHD-2303-WXQN5-M,676,RELIABLE,21500,0.2427,21000.0,1,0
GT-KAC-2304-8CZJ7-I,923,PRIME,123000,0.1451,115600.0,1,0
GT-RJC-2306-AXMS7-I,703,RELIABLE,18500,0.2331,0.0,0,0
GT-DLC-2401-TVQBW-P,725,RELIABLE,25000,0.2264,26400.0,1,0
GT-DLF-2205-89B76-T,830,STRONG,47000,0.1748,48200.0,1,0
GT-RJH-2309-01WF5-N,801,STRONG,49500,0.1794,56100.0,1,0
GT-RJC-2110-REZXN-G,933,PRIME,104000,0.1444,98200.0,1,0
GT-WBD-2112-V2BA5-U,806,STRONG,40500,0.1785,40400.0,1,0
GT-MHH-2309-GX7G5-J,722,RELIABLE,22500,0.2272,0.0,0,0
GT-UPR-2204-NSFXQ-C,706,RELIABLE,20000,0.2321,19500.0,1,1
GT-UPC-2110-M066B-S,508,EMERGING,9000,0.3,0.0,0,0
GT-TGW-2402-ZE6EJ-W,706,RELIABLE,23500,0.2321,0.0,0,0
GT-WBF-2204-CPTS8-I,860,STRONG,65000,0.171,63000.0,1,0
GT-WBD-2105-T2PPG-3,600,EMERGING,16000,0.3,0.0,0,0
GT-GJD-2204-97S42-9,780,RELIABLE,32000,0.2133,31400.0,1,0
GT-WBD-2205-BGMX0-J,675,RELIABLE,22000,0.243,18500.0,1,1
GT-KLF-2207-C5A8Z-U,822,STRONG,53000,0.176,51500.0,1,0
GT-KAC-2211-VVDS1-2,842,STRONG,54000,0.1732,40200.0,1,0
GT-KAD-2401-G14KM-9,834,STRONG,51000,0.1743,47900.0,1,0
GT-MHD-2209-Y14G5-P,768,RELIABLE,35000,0.2157,28600.0,1,0
GT-MHF-2203-7PCG6-6,681,RELIABLE,18000,0.2407,18900.0,1,0
GT-TGD-2306-66PCG-D,825,STRONG,47500,0.1755,44700.0,1,0
GT-KAD-2208-EMH2Z-P,498,BUILDING,0,0.3,0.0,0,1
GT-MHD-2301-T7RHP-J,789,RELIABLE,41500,0.2115,40100.0,1,0
GT-WBF-2305-NQQQ0-G,940,PRIME,106500,0.144,103400.0,1,0
GT-RJF-2204-FF11D-C,649,EMERGING,9500,0.2939,8800.0,1,0
GT-RJC-2206-GWKJ4-R,675,RELIABLE,26000,0.243,0.0,0,0
GT-DLD-2306-4C5ZE-2,740,RELIABLE,33000,0.2223,39500.0,1,0
GT-KAD-2101-DR8ZJ-B,731,RELIABLE,29500,0.2247,29300.0,1,0
GT-UPW-2208-HYHNN-M,832,STRONG,51500,0.1746,42700.0,1,0
GT-UPH-2206-YSZK6-B,830,STRONG,63000,0.1748,66000.0,1,0
GT-KLR-2111-PGBQ1-Y,751,RELIABLE,22500,0.2196,23500.0,1,0
GT-TGC-2202-6BK3N-I,600,EMERGING,24500,0.3,0.0,0,0
GT-KAW-2203-JXRVN-Z,738,RELIABLE,29500,0.2229,31000.0,1,1
GT-KLC-2112-464W3-X,946,PRIME,160500,0.1436,180800.0,1,0
GT-DLR-2102-SQ5HT-Q,743,RELIABLE,34000,0.2215,33300.0,1,1
GT-TND-2101-Z1132-1,757,RELIABLE,29000,0.2182,29500.0,1,0
GT-TGD-2104-R3H74-N,627,EMERGING,9000,0.3,0.0,0,0
GT-KLW-2101-B26PX-K,720,RELIABLE,24000,0.2278,26100.0,1,0
GT-TNC-2402-YBRNM-K,853,STRONG,73500,0.1718,80400.0,1,0
GT-WBR-2107-KK9H6-C,631,EMERGING,10000,0.3,11500.0,1,0
GT-WBD-2102-9X3ZV-K,568,EMERGING,7500,0.3,0.0,0,1
GT-KLD-2103-3PM8G-D,600,EMERGING,20000,0.3,15200.0,1,1
GT-KLF-2201-6CWPR-V,680,RELIABLE,36000,0.2411,44000.0,1,0
GT-GJC-2108-578JZ-A,720,RELIABLE,26000,0.2278,26200.0,1,0
GT-MHR-2211-R2CVW-G,726,RELIABLE,31500,0.2261,0.0,0,0
GT-TNF-2212-8M3FY-K,593,EMERGING,13000,0.3,13000.0,1,0
GT-GJR-2301-N6G3K-U,832,STRONG,53000,0.1746,55700.0,1,0
GT-RJC-2308-81Z97-9,823,STRONG,52000,0.1758,54500.0,1,0
GT-UPW-2205-ZPJ89-0,577,EMERGING,6500,0.3,0.0,0,1
GT-TGD-2302-X5PKB-1,865,STRONG,82500,0.1704,100100.0,1,0
GT-GJF-2106-ZWFT3-0,775,RELIABLE,30000,0.2142,30300.0,1,0
GT-TNC-2106-T16RZ-G,838,STRONG,52000,0.1737,42900.0,1,0
GT-GJH-2109-R7T93-R,831,STRONG,56000,0.1747,42200.0,1,0
GT-TGF-2107-VGTQF-3,600,EMERGING,16000,0.3,0.0,0,0
GT-GJD-2307-HGCHP-P,818,STRONG,33000,0.1766,32700.0,1,0
GT-RJR-2209-1Z8VG-P,805,STRONG,38500,0.1787,40600.0,1,0
GT-RJF-2101-H8V2F-P,552,EMERGING,8000,0.3,0.0,0,1
GT-UPD-2102-35HJ8-W,611,EMERGING,12000,0.3,0.0,0,1
GT-UPH-2210-4ZF8B-4,761,RELIABLE,33500,0.2173,27200.0,1,0
GT-MHD-2103-R0PSP-N,759,RELIABLE,27000,0.2177,0.0,0,0
GT-MHC-2104-S3S2G-L,793,RELIABLE,32000,0.2107,35800.0,1,0
GT-RJR-2306-S7QKM-X,808,STRONG,54500,0.1782,39400.0,1,0
GT-WBD-2107-ABTS5-6,843,STRONG,68000,0.1731,60600.0,1,0
GT-TGR-2309-WRYA6-Y,861,STRONG,67000,0.1709,69200.0,1,0
GT-GJF-2108-RK2M5-J,702,RELIABLE,22000,0.2334,16900.0,1,0
GT-KAC-2211-S1PPB-W,756,RELIABLE,29000,0.2184,30100.0,1,0
GT-MHR-2303-67JBE-N,637,EMERGING,13500,0.2995,0.0,0,0
GT-MHD-2311-NET58-T,600,EMERGING,10500,0.3,0.0,0,0
GT-WBC-2108-XJV4Y-K,764,RELIABLE,30000,0.2166,29500.0,1,0
GT-KAR-2305-PZSM6-T,522,EMERGING,5500,0.3,0.0,0,1
GT-KAD-2401-PDK36-V,921,PRIME,79000,0.1453,92900.0,1,0
GT-GJC-2307-K2E4R-2,842,STRONG,64500,0.1732,63200.0,1,1
GT-UPD-2205-6NRJ1-X,688,RELIABLE,28000,0.2382,25900.0,1,0
GT-DLD-2102-H0WVZ-8,902,PRIME,65500,0.1468,54300.0,1,0
GT-GJR-2302-MPQ0B-D,726,RELIABLE,23500,0.2261,19600.0,1,0
GT-KAF-2209-FAPW9-2,773,RELIABLE,26000,0.2146,26700.0,1,1
GT-TGR-2311-ST07M-D,697,RELIABLE,19500,0.235,22100.0,1,0
GT-TNC-2112-TRC85-O,878,STRONG,67500,0.169,71200.0,1,0
GT-TND-2204-6E4AP-J,520,EMERGING,13000,0.3,0.0,0,1
GT-RJH-2303-R129C-R,815,STRONG,53000,0.1771,49100.0,1,0
GT-KAD-2303-8Z7JA-A,859,STRONG,73500,0.1711,70800.0,1,0
GT-GJD-2306-HY1XQ-C,796,RELIABLE,38500,0.2102,42400.0,1,0
GT-DLD-2101-D0KW9-L,772,RELIABLE,26500,0.2149,26700.0,1,0
GT-TGD-2105-512T1-B,849,STRONG,66500,0.1723,71100.0,1,1
GT-DLR-2207-W9P8Q-3,680,RELIABLE,64000,0.2411,73100.0,1,0
GT-UPC-2208-GFZZF-V,740,RELIABLE,17500,0.2223,19900.0,1,0
GT-KAW-2101-3S50J-G,759,RELIABLE,37500,0.2177,41500.0,1,1
GT-KAW-2101-834ET-Z,779,RELIABLE,31500,0.2134,39500.0,1,0
GT-TND-2101-EVQQN-5,826,STRONG,63500,0.1754,70800.0,1,0
GT-RJC-2110-5BWD7-F,600,EMERGING,9000,0.3,0.0,0,0
GT-KAR-2108-6HCWZ-D,600,EMERGING,19500,0.3,20900.0,1,0
GT-MHW-2303-RKBEY-7,520,EMERGING,11500,0.3,0.0,0,1
GT-TGW-2308-PV0DH-C,600,EMERGING,12000,0.3,0.0,0,0
GT-KAD-2203-SNYEF-U,697,RELIABLE,19000,0.235,21900.0,1,0
GT-WBR-2103-STWZV-J,754,RELIABLE,33500,0.2188,27200.0,1,1
GT-TNC-2108-2NS88-4,899,STRONG,85000,0.1671,88800.0,1,0
GT-GJD-2104-TCKW5-I,777,RELIABLE,30500,0.2139,31700.0,1,0
GT-KAF-2212-SHBE0-2,674,RELIABLE,15000,0.2434,0.0,0,1
GT-MHH-2207-ZH8M8-L,520,EMERGING,13000,0.3,0.0,0,0
GT-MHR-2308-70V30-Z,892,STRONG,54000,0.1677,49700.0,1,0
GT-UPR-2107-2SZN5-T,808,STRONG,50000,0.1782,56100.0,1,0
GT-UPR-2103-6Z286-Q,803,STRONG,53500,0.179,49500.0,1,0
GT-MHW-2309-PS8D4-T,743,RELIABLE,24500,0.2215,22500.0,1,0
GT-TGR-2304-3JPF4-F,849,STRONG,58000,0.1723,55300.0,1,0
GT-UPR-2207-79PF2-Z,648,EMERGING,9000,0.2943,0.0,0,1
GT-KAD-2311-4GRPQ-T,777,RELIABLE,30000,0.2139,28600.0,1,0
GT-MHH-2109-R9DPC-N,921,PRIME,94000,0.1453,95000.0,1,0
GT-GJC-2204-NTEN7-V,739,RELIABLE,23500,0.2226,24200.0,1,1
GT-WBF-2305-MQGQD-D,717,RELIABLE,25500,0.2287,0.0,0,0
GT-UPH-2202-34PTY-K,788,RELIABLE,39000,0.2117,28300.0,1,0
GT-TGF-2205-4ECPY-M,717,RELIABLE,22000,0.2287,0.0,0,0
GT-KLH-2104-RPSGY-A,706,RELIABLE,22000,0.2321,26300.0,1,0
GT-MHD-2105-32358-R,833,STRONG,35000,0.1744,46000.0,1,0
GT-MHD-2303-GRAE3-Z,804,STRONG,56500,0.1788,71700.0,1,0
GT-GJC-2205-HRWQ8-3,706,RELIABLE,27500,0.2321,25800.0,1,0
GT-RJR-2105-B4SZE-0,730,RELIABLE,23000,0.225,0.0,0,0
GT-KAR-2306-SY6S0-2,600,EMERGING,11500,0.3,0.0,0,0
GT-UPW-2109-DRAHG-0,741,RELIABLE,27500,0.2221,35600.0,1,0
GT-KLF-2204-FC1KC-1,723,RELIABLE,40500,0.2269,37400.0,1,0
GT-WBR-2301-47E9N-P,741,RELIABLE,35500,0.2221,35000.0,1,1
GT-RJR-2204-M2W2W-3,915,PRIME,106000,0.1457,93200.0,1,0
GT-DLR-2203-J8V3N-X,772,RELIABLE,27000,0.2149,23500.0,1,0
GT-RJD-2206-W2EZP-D,792,RELIABLE,35000,0.211,39000.0,1,0
GT-TGD-2104-XA1VP-5,841,STRONG,69500,0.1733,73700.0,1,0
GT-DLR-2307-SWCEB-3,783,RELIABLE,25000,0.2127,22500.0,1,1
GT-MHW-2312-HC6CF-E,747,RELIABLE,19500,0.2205,0.0,0,1
GT-RJR-2103-VKHTN-R,766,RELIABLE,24500,0.2161,27200.0,1,0
GT-UPR-2105-9YTSD-2,780,RELIABLE,34500,0.2133,41700.0,1,0
GT-UPF-2210-CAKP4-1,791,RELIABLE,35000,0.2112,0.0,0,1
GT-UPD-2112-CCCD5-R,787,RELIABLE,38000,0.2119,34300.0,1,0
GT-DLR-2102-TYP0N-4,737,RELIABLE,29500,0.2231,34400.0,1,0
GT-MHD-2106-E8DSW-E,611,EMERGING,10000,0.3,10500.0,1,0
GT-GJF-2401-MSBZK-Z,772,RELIABLE,30000,0.2149,36200.0,1,0
GT-DLD-2105-MJYC2-L,714,RELIABLE,31000,0.2296,31200.0,1,0
GT-GJR-2306-KR80C-A,596,EMERGING,12000,0.3,13900.0,1,1
GT-KLF-2302-9JDPB-G,799,RELIABLE,36000,0.2097,34400.0,1,0
GT-UPW-2311-QS91Q-9,829,STRONG,54000,0.175,55300.0,1,0
GT-TGW-2106-WYNX9-K,994,PRIME,132000,0.1411,144100.0,1,0
GT-KLH-2206-R9ATT-L,746,RELIABLE,36500,0.2208,35500.0,1,0
GT-WBF-2102-2EA6M-C,737,RELIABLE,21000,0.2231,21300.0,1,0
GT-TGR-2310-XTFCD-O,520,EMERGING,10000,0.3,0.0,0,1
GT-KLD-2302-6Q8AF-Y,771,RELIABLE,29500,0.2151,38200.0,1,0
GT-TND-2101-HYFGP-P,680,RELIABLE,31500,0.2411,26400.0,1,0
GT-DLD-2103-GVSSN-D,699,RELIABLE,21500,0.2344,22000.0,1,0
GT-MHD-2308-BYGVZ-B,600,EMERGING,15500,0.3,0.0,0,0
GT-GJR-2207-NDRZ7-Q,592,EMERGING,6000,0.3,0.0,0,1
GT-WBF-2307-K32KQ-9,600,EMERGING,18500,0.3,18800.0,1,0
GT-UPF-2110-5GMKF-P,705,RELIABLE,24500,0.2324,18900.0,1,1
GT-MHD-2102-VM8ES-1,809,STRONG,57500,0.178,46100.0,1,0
GT-TNR-2401-59SVG-Y,600,EMERGING,13000,0.3,15000.0,1,0
GT-MHD-2109-0Y43K-8,753,RELIABLE,25500,0.2191,23100.0,1,1
GT-TNR-2212-AT35A-K,764,RELIABLE,24000,0.2166,20800.0,1,0
GT-KLR-2203-Q414J-C,744,RELIABLE,24500,0.2213,18400.0,1,0
GT-RJD-2108-84M94-3,768,RELIABLE,27500,0.2157,26200.0,1,1
GT-TGD-2304-XG1DQ-D,847,STRONG,81000,0.1726,98400.0,1,0
GT-KAH-2108-Y722F-V,600,EMERGING,18500,0.3,20000.0,1,0
GT-KLR-2204-VTWXJ-S,890,STRONG,84500,0.1679,92300.0,1,0
GT-MHR-2311-S3QV9-U,849,STRONG,60500,0.1723,51700.0,1,0
GT-MHD-2211-SGS2P-O,767,RELIABLE,34500,0.2159,28800.0,1,0
GT-TGD-2203-ZAH9Z-7,740,RELIABLE,28500,0.2223,25100.0,1,1
GT-KLR-2209-YPPXN-R,820,STRONG,68500,0.1763,74000.0,1,0
GT-UPH-2307-52HAZ-A,862,STRONG,53000,0.1708,54600.0,1,0
GT-TND-2202-KEVFY-M,788,RELIABLE,40500,0.2117,36700.0,1,0
GT-TGD-2105-QGNPH-Q,647,EMERGING,9500,0.2948,0.0,0,0
GT-KAH-2302-VGPHP-L,659,RELIABLE,23000,0.2495,0.0,0,0
GT-DLR-2202-AVHNX-J,713,RELIABLE,25500,0.2299,27000.0,1,0
GT-GJD-2203-XJ03V-K,600,EMERGING,19000,0.3,0.0,0,0
GT-TGF-2312-0G8CA-Q,600,EMERGING,17500,0.3,17900.0,1,1
GT-KLR-2211-NTXKR-4,831,STRONG,48000,0.1747,42000.0,1,0
GT-TGH-2207-89PCA-E,838,STRONG,72000,0.1737,90100.0,1,0
GT-RJD-2312-4JXMW-E,857,STRONG,62500,0.1713,55300.0,1,0
GT-UPW-2110-ZEXJQ-D,864,STRONG,56000,0.1705,54700.0,1,0
GT-WBD-2304-1RZPH-C,660,RELIABLE,25000,0.2491,17600.0,1,0
GT-RJW-2302-3RMYD-4,753,RELIABLE,29000,0.2191,34200.0,1,0
GT-RJC-2104-KSXF8-V,712,RELIABLE,25000,0.2302,26700.0,1,0
GT-TNC-2202-TSKNZ-3,652,RELIABLE,18500,0.2526,18400.0,1,0
GT-DLC-2404-HK8GN-0,745,RELIABLE,34000,0.2211,35600.0,1,0
GT-UPF-2112-MDZYH-J,818,STRONG,58000,0.1766,63000.0,1,0
GT-KAD-2206-5251S-W,740,RELIABLE,24500,0.2223,24900.0,1,0
GT-UPD-2101-B6QNN-Y,924,PRIME,99500,0.1451,90500.0,1,0
GT-TGR-2302-KYQNW-8,600,EMERGING,19000,0.3,22200.0,1,1
GT-UPR-2403-G3GPD-C,905,PRIME,80500,0.1466,79300.0,1,0
GT-MHD-2106-4R42Y-J,713,RELIABLE,22500,0.2299,21900.0,1,0
GT-WBW-2212-AN8DT-M,757,RELIABLE,44000,0.2182,37000.0,1,1
GT-WBW-2401-SA9FH-K,641,EMERGING,9000,0.2975,10300.0,1,1
GT-KAH-2112-DES2K-7,819,STRONG,55500,0.1764,56700.0,1,0
GT-WBR-2309-V0AAK-I,721,RELIABLE,22500,0.2275,22700.0,1,0
GT-GJW-2303-9Y3BZ-C,721,RELIABLE,21500,0.2275,14300.0,1,1
GT-TGW-2206-MN3WE-A,866,STRONG,48000,0.1703,44700.0,1,0
GT-GJH-2104-N9D5E-H,815,STRONG,44500,0.1771,43900.0,1,0
GT-TNW-2212-S4PQW-0,834,STRONG,53000,0.1743,55700.0,1,0
GT-GJD-2308-6M308-2,747,RELIABLE,23500,0.2205,24000.0,1,1
GT-DLD-2103-ZWSQ8-6,741,RELIABLE,23000,0.2221,0.0,0,0
GT-DLH-2207-WF70R-E,600,EMERGING,11000,0.3,0.0,0,0
GT-KAF-2201-K9JCN-3,845,STRONG,49000,0.1728,49000.0,1,0
GT-KAW-2207-ECQ46-J,924,PRIME,110000,0.1451,128900.0,1,0
GT-MHW-2301-XQ4T7-9,786,RELIABLE,27500,0.2121,22500.0,1,0
GT-MHW-2305-DPD4X-1,904,PRIME,79000,0.1466,72200.0,1,0
GT-UPW-2401-0P9G7-I,680,RELIABLE,44500,0.2411,51600.0,1,0
GT-DLC-2109-XFFH6-Q,709,RELIABLE,23500,0.2311,25300.0,1,1
GT-TNC-2109-TWJ38-Y,848,STRONG,82500,0.1725,68900.0,1,0
GT-MHR-2112-BG2K9-5,897,STRONG,73000,0.1672,64900.0,1,0
GT-TGD-2203-P0X60-6,914,PRIME,86500,0.1459,80300.0,1,0
GT-DLD-2110-W0BX4-9,858,STRONG,59000,0.1712,55400.0,1,0
GT-TNR-2211-FZV4S-K,784,RELIABLE,38500,0.2125,41100.0,1,0
GT-KAW-2102-VKVWB-6,712,RELIABLE,25000,0.2302,0.0,0,1
GT-WBC-2203-Z2718-Y,791,RELIABLE,30500,0.2112,31400.0,1,0
GT-DLR-2307-TKYS7-Y,888,STRONG,88000,0.1681,95900.0,1,0
GT-GJD-2110-FWRWC-1,795,RELIABLE,34000,0.2104,37600.0,1,1
GT-KLR-2112-Q8D55-C,600,EMERGING,16500,0.3,14600.0,1,0
GT-TGW-2312-SBSEZ-7,730,RELIABLE,23500,0.225,27300.0,1,0
GT-WBF-2209-QF54K-6,752,RELIABLE,17000,0.2193,17700.0,1,1
GT-RJD-2102-0876Y-U,760,RELIABLE,35000,0.2175,33700.0,1,0
GT-TNR-2307-GSJFA-Y,795,RELIABLE,30500,0.2104,33600.0,1,0
GT-MHR-2310-V5DKX-C,878,STRONG,82500,0.169,70400.0,1,0
GT-UPR-2102-9CY5K-P,712,RELIABLE,23500,0.2302,20900.0,1,0
GT-GJW-2309-1SM21-V,600,EMERGING,15500,0.3,19100.0,1,0
GT-TGH-2202-QFSRH-D,674,RELIABLE,18500,0.2434,22400.0,1,1
GT-TND-2307-PFTXS-3,810,STRONG,52000,0.1779,55400.0,1,0
GT-KAD-2111-PX03H-V,870,STRONG,57000,0.1699,45700.0,1,0
GT-WBR-2110-WSPKW-4,880,STRONG,70000,0.1689,74400.0,1,0
GT-WBD-2110-9SR46-M,817,STRONG,43000,0.1767,40000.0,1,0
GT-WBR-2104-GTWH6-4,802,STRONG,45000,0.1792,54500.0,1,0
GT-TND-2305-V2ZH9-D,740,RELIABLE,25500,0.2223,30300.0,1,0
GT-MHD-2307-1TS1K-0,834,STRONG,50000,0.1743,51400.0,1,1
GT-WBW-2108-GAX9Y-Z,803,STRONG,41500,0.179,43500.0,1,0
GT-GJD-2110-3V5SB-5,799,RELIABLE,44500,0.2097,46100.0,1,0
GT-MHW-2109-CXVVC-8,600,EMERGING,16000,0.3,0.0,0,1
GT-MHD-2310-AXGDB-F,600,EMERGING,16000,0.3,0.0,0,0
GT-TGD-2105-6HZB7-4,520,EMERGING,12500,0.3,0.0,0,0
GT-KAD-2309-8Q6GM-T,724,RELIABLE,24500,0.2266,24800.0,1,0
GT-MHD-2111-V8G90-O,887,STRONG,65500,0.1682,59300.0,1,0
GT-GJR-2209-RVJNM-V,910,PRIME,94000,0.1462,94800.0,1,0
GT-DLW-2305-H4SZ0-J,657,RELIABLE,22500,0.2503,0.0,0,0
GT-TGC-2102-XQRWW-W,647,EMERGING,14000,0.2948,12300.0,1,0
GT-GJD-2309-XVHH8-0,690,RELIABLE,22000,0.2375,21100.0,1,1
GT-MHD-2208-S3QW8-5,762,RELIABLE,30000,0.217,29700.0,1,0
GT-DLD-2304-Q7R1S-W,838,STRONG,44500,0.1737,43900.0,1,0
GT-DLW-2209-39GT5-O,789,RELIABLE,37000,0.2115,34400.0,1,0
GT-TGD-2106-315YZ-6,780,RELIABLE,24000,0.2133,22000.0,1,0
GT-WBD-2211-KQ0GB-W,600,EMERGING,15000,0.3,0.0,0,0
GT-KAC-2402-K8XCZ-O,711,RELIABLE,19000,0.2305,0.0,0,0
GT-TGC-2310-FJ7XF-5,746,RELIABLE,25500,0.2208,23800.0,1,0
GT-GJF-2108-49QXK-M,743,RELIABLE,22500,0.2215,27400.0,1,0
GT-RJD-2303-SK2DY-X,604,EMERGING,5500,0.3,0.0,0,1
GT-WBR-2102-9DS3B-C,662,RELIABLE,17500,0.2482,14000.0,1,0
GT-GJD-2106-ZV0NN-Y,684,RELIABLE,17500,0.2397,22700.0,1,0
GT-RJF-2307-5GAY3-W,859,STRONG,50500,0.1711,54700.0,1,0
GT-UPW-2305-1TB5N-J,784,RELIABLE,27500,0.2125,27800.0,1,1
GT-WBD-2208-AFZY9-A,600,EMERGING,19000,0.3,19100.0,1,0
GT-WBC-2111-T6RQG-X,613,EMERGING,8500,0.3,0.0,0,1
GT-KLR-2306-0XH3Z-5,575,EMERGING,8500,0.3,0.0,0,0
GT-UPW-2306-EHQ2A-3,767,RELIABLE,49000,0.2159,59200.0,1,0
GT-DLD-2209-D515B-X,514,EMERGING,5500,0.3,0.0,0,1
GT-TGR-2111-DRD7A-B,816,STRONG,53500,0.1769,52900.0,1,0
GT-UPD-2202-X20GH-S,600,EMERGING,9000,0.3,0.0,0,1
GT-WBF-2110-2WAGA-9,809,STRONG,47500,0.178,48100.0,1,0
GT-TGD-2403-6Z3V2-4,663,RELIABLE,17500,0.2478,16900.0,1,0
GT-GJD-2109-QDEFS-1,855,STRONG,56000,0.1716,48300.0,1,0
GT-TNW-2112-T4JWS-D,953,PRIME,147000,0.1432,121500.0,1,0
GT-GJW-2403-QTW75-N,553,EMERGING,6000,0.3,0.0,0,1
GT-UPF-2111-QZK7T-M,800,STRONG,55500,0.1795,49900.0,1,0
GT-RJF-2208-2N0VD-Y,605,EMERGING,11500,0.3,12100.0,1,1
GT-KLF-2312-X3D5A-3,801,STRONG,30000,0.1794,34100.0,1,1
GT-UPF-2312-X6GFN-B,722,RELIABLE,27000,0.2272,32500.0,1,0
GT-UPR-2212-G7W60-L,735,RELIABLE,27500,0.2236,24300.0,1,0
GT-UPD-2401-RF25X-0,685,RELIABLE,19500,0.2393,0.0,0,0
GT-TNR-2207-PH16Q-4,794,RELIABLE,37500,0.2106,0.0,0,0
GT-KLD-2111-XMM00-V,661,RELIABLE,26500,0.2487,30800.0,1,1
GT-WBR-2101-84CT7-3,876,STRONG,63000,0.1693,61100.0,1,0
GT-RJR-2311-HDDMC-R,686,RELIABLE,30500,0.2389,32000.0,1,0
GT-DLD-2107-SS1WY-G,654,RELIABLE,18000,0.2517,0.0,0,0
GT-TNW-2205-NMVHD-R,885,STRONG,71500,0.1684,67700.0,1,0
GT-GJF-2107-2MDNG-O,752,RELIABLE,26000,0.2193,21600.0,1,0
GT-WBR-2305-PXF2W-B,882,STRONG,68500,0.1687,87300.0,1,0
GT-TGC-2210-Z7Z42-B,839,STRONG,55000,0.1736,53500.0,1,0
GT-DLD-2104-7W64Q-K,717,RELIABLE,21000,0.2287,19400.0,1,0
GT-DLD-2101-GGV1N-F,760,RELIABLE,22500,0.2175,20700.0,1,0
GT-UPD-2307-5CMZX-8,600,EMERGING,13000,0.3,13400.0,1,0
GT-KAR-2306-DECGG-L,900,PRIME,100000,0.147,96300.0,1,0
GT-MHD-2308-QATDB-8,783,RELIABLE,44500,0.2127,38900.0,1,0
GT-KLC-2102-4YE6V-S,799,RELIABLE,22500,0.2097,20800.0,1,0
GT-KLD-2111-6KG2Y-U,717,RELIABLE,24500,0.2287,25100.0,1,0
GT-KAR-2210-NDKFG-Q,728,RELIABLE,24500,0.2256,20000.0,1,0
GT-MHR-2301-5Y3RY-C,888,STRONG,66500,0.1681,51600.0,1,0
GT-TND-2402-3JCEN-4,729,RELIABLE,26500,0.2253,28300.0,1,0
GT-WBW-2105-QSJ85-F,730,RELIABLE,29000,0.225,27000.0,1,0
GT-MHF-2304-Y10DS-R,647,EMERGING,9000,0.2948,10300.0,1,0
GT-KLW-2204-CVSB3-F,668,RELIABLE,24000,0.2458,19400.0,1,0
GT-TGF-2101-4PE46-I,670,RELIABLE,16500,0.245,16400.0,1,0
GT-WBR-2403-K9EXZ-B,600,EMERGING,10000,0.3,8700.0,1,0
GT-MHR-2212-WPKDH-E,883,STRONG,70500,0.1686,73000.0,1,0
GT-TNF-2211-45H3T-4,600,EMERGING,13500,0.3,15100.0,1,0
GT-UPR-2107-X2A8T-9,801,STRONG,54500,0.1794,55100.0,1,0
GT-GJR-2303-YDXAM-P,520,EMERGING,8500,0.3,0.0,0,1
GT-DLD-2401-8511T-G,815,STRONG,50500,0.1771,45900.0,1,0
GT-TGF-2112-3BG3S-J,748,RELIABLE,42000,0.2203,41500.0,1,0
GT-MHD-2206-HTRD5-R,738,RELIABLE,16500,0.2229,19600.0,1,0
GT-TGH-2310-RBP24-Z,774,RELIABLE,29000,0.2145,25700.0,1,0
GT-DLD-2310-7Q0CJ-8,729,RELIABLE,19500,0.2253,21300.0,1,0
GT-KLR-2212-Z3674-C,543,EMERGING,6000,0.3,0.0,0,1
GT-DLD-2104-0DAA2-G,824,STRONG,50000,0.1757,58500.0,1,0
GT-TGD-2311-48VDJ-Y,802,STRONG,58000,0.1792,58700.0,1,0
GT-GJD-2205-9CYP1-8,735,RELIABLE,26000,0.2236,28100.0,1,0
GT-KAF-2111-9ERHD-K,631,EMERGING,9000,0.3,0.0,0,0
GT-DLD-2401-0CC06-F,633,EMERGING,10500,0.3,0.0,0,0
GT-KLD-2207-M6S5C-N,753,RELIABLE,27000,0.2191,24500.0,1,0
GT-GJD-2311-JBJVA-V,870,STRONG,83000,0.1699,74800.0,1,0
GT-DLD-2105-1CQ35-I,791,RELIABLE,23000,0.2112,23900.0,1,0
GT-TGH-2307-KXRM4-Y,600,EMERGING,9000,0.3,7700.0,1,1
GT-RJR-2106-D6D34-4,812,STRONG,54500,0.1775,38000.0,1,0
GT-MHW-2207-G3XDR-E,721,RELIABLE,27000,0.2275,30200.0,1,0
GT-DLR-2205-Y8SXC-0,600,EMERGING,21500,0.3,0.0,0,0
GT-DLR-2107-K60NY-F,773,RELIABLE,33000,0.2146,28800.0,1,0
GT-GJW-2312-HGFG2-F,526,EMERGING,6000,0.3,0.0,0,1
GT-WBD-2207-DD6ZQ-U,781,RELIABLE,27000,0.213,32700.0,1,0
GT-WBC-2310-0GP67-F,692,RELIABLE,22000,0.2368,20000.0,1,0
GT-TNR-2201-DKCY2-V,600,EMERGING,11500,0.3,0.0,0,1
GT-TNR-2104-FVM15-K,706,RELIABLE,19500,0.2321,26100.0,1,0
GT-WBC-2107-KWR0T-K,843,STRONG,42500,0.1731,39400.0,1,0
GT-UPD-2205-Q2D8K-E,667,RELIABLE,16000,0.2462,19400.0,1,0
GT-RJH-2310-4XC4Y-J,800,STRONG,40000,0.1795,45200.0,1,0
GT-UPH-2305-31E1R-C,836,STRONG,59000,0.174,49700.0,1,0
GT-KAD-2309-ZWVYM-7,719,RELIABLE,25500,0.2281,0.0,0,0
GT-TGR-2112-T4P31-X,671,RELIABLE,22000,0.2446,0.0,0,1
GT-TNW-2109-1CCCK-0,692,RELIABLE,28500,0.2368,30700.0,1,1
GT-KLD-2201-BSM9P-B,680,RELIABLE,25500,0.2411,0.0,0,0
GT-TGW-2311-K34JF-9,655,RELIABLE,16500,0.2512,16100.0,1,1
GT-DLD-2101-JQHEV-Y,822,STRONG,53500,0.176,52700.0,1,0
GT-DLD-2204-MRH2K-L,698,RELIABLE,25000,0.2347,0.0,0,0
GT-MHR-2208-7VW9N-M,755,RELIABLE,23500,0.2186,0.0,0,0
GT-TGW-2202-B9GJX-Z,597,EMERGING,8500,0.3,10400.0,1,0
GT-DLW-2105-4WZG1-M,736,RELIABLE,26000,0.2233,0.0,0,0
GT-WBF-2106-0FP7X-T,789,RELIABLE,32500,0.2115,23000.0,1,0
GT-DLD-2207-HBKH2-O,625,EMERGING,11000,0.3,11100.0,1,1
GT-WBR-2209-4BCHV-U,772,RELIABLE,28000,0.2149,28300.0,1,0
GT-GJD-2403-V996Z-3,520,EMERGING,13500,0.3,0.0,0,0
GT-GJD-2205-8W42K-Z,676,RELIABLE,14500,0.2427,9400.0,1,0
GT-RJD-2305-4D5P7-G,851,STRONG,56500,0.172,50600.0,1,0
GT-KAF-2301-29GX6-O,574,EMERGING,9000,0.3,7600.0,1,0
GT-KAD-2312-6KMY8-M,791,RELIABLE,27000,0.2112,28300.0,1,0
GT-TGD-2104-ARK6G-4,914,PRIME,71000,0.1459,62200.0,1,0
GT-WBF-2306-M1V9A-T,872,STRONG,85000,0.1697,90000.0,1,0
GT-UPD-2201-J68SY-Q,768,RELIABLE,44500,0.2157,54600.0,1,0
GT-DLH-2401-H7PWB-L,769,RELIABLE,37000,0.2155,37000.0,1,1
GT-TGR-2310-X69H8-S,520,EMERGING,12500,0.3,0.0,0,1
GT-GJD-2103-FAC5K-R,714,RELIABLE,29500,0.2296,33500.0,1,0
GT-GJC-2201-QQAJD-V,770,RELIABLE,32500,0.2153,0.0,0,0
GT-WBF-2201-EM0M8-D,669,RELIABLE,19000,0.2454,0.0,0,0
GT-WBW-2312-7TY91-T,810,STRONG,45000,0.1779,54000.0,1,0
GT-MHR-2312-3V2Q8-0,921,PRIME,100000,0.1453,109400.0,1,0
GT-TGR-2202-Q4E0V-5,813,STRONG,52500,0.1774,56400.0,1,1
GT-WBF-2307-6NNMC-2,648,EMERGING,9000,0.2943,8200.0,1,0
GT-KAR-2211-DCFDX-P,658,RELIABLE,21500,0.2499,16300.0,1,0
GT-KLR-2306-2Z0QF-F,812,STRONG,49500,0.1775,48000.0,1,0
GT-GJD-2212-3QAKA-7,745,RELIABLE,30500,0.2211,26600.0,1,0
GT-UPD-2403-K566P-T,817,STRONG,64000,0.1767,64800.0,1,0
GT-WBD-2204-JPW54-U,723,RELIABLE,33000,0.2269,37600.0,1,0
GT-KLW-2402-DHERV-J,830,STRONG,53000,0.1748,54000.0,1,0
GT-KAR-2303-YGT23-K,786,RELIABLE,38000,0.2121,34800.0,1,1
GT-KLH-2305-4RRGK-A,718,RELIABLE,23000,0.2284,20800.0,1,0
GT-DLD-2302-FAT8R-9,733,RELIABLE,32500,0.2242,34200.0,1,1
GT-RJR-2205-4QY6S-F,648,EMERGING,11000,0.2943,12500.0,1,1
GT-KAD-2210-9BA2N-I,864,STRONG,53000,0.1705,50000.0,1,0
GT-TNF-2112-AY0NK-V,730,RELIABLE,39500,0.225,40700.0,1,1
GT-WBW-2207-V3012-7,600,EMERGING,15500,0.3,15600.0,1,0
GT-GJR-2205-ZBPGC-J,676,RELIABLE,23000,0.2427,0.0,0,0
GT-KAR-2205-HTBAD-E,642,EMERGING,12000,0.2971,8200.0,1,1
GT-TNW-2207-J41N7-A,754,RELIABLE,25500,0.2188,0.0,0,1
GT-RJD-2307-X073D-A,899,STRONG,64000,0.1671,62300.0,1,0
GT-MHF-2205-B7SK8-9,739,RELIABLE,31000,0.2226,32700.0,1,0
GT-KLW-2202-A5JRS-Y,675,RELIABLE,17500,0.243,19700.0,1,1
GT-UPD-2307-K6H35-B,772,RELIABLE,27500,0.2149,32000.0,1,1
GT-KLF-2109-6RF0X-L,827,STRONG,48000,0.1752,44700.0,1,1
GT-KLW-2108-DACMM-E,894,STRONG,86500,0.1675,99500.0,1,0
GT-DLD-2304-4BKHK-F,836,STRONG,67500,0.174,65000.0,1,0
GT-KLD-2207-5G80C-M,810,STRONG,39500,0.1779,34100.0,1,0
GT-TGR-2103-PKJPV-R,774,RELIABLE,34000,0.2145,0.0,0,0
GT-DLW-2104-YCKNY-A,680,RELIABLE,17500,0.2411,17100.0,1,1
GT-RJR-2104-NX8P8-A,660,RELIABLE,20500,0.2491,21800.0,1,0
GT-TGR-2110-TR46J-F,720,RELIABLE,31500,0.2278,37700.0,1,1
GT-GJD-2104-KFRPV-9,612,EMERGING,11500,0.3,0.0,0,1
GT-GJD-2207-RVVW9-5,811,STRONG,42000,0.1777,45100.0,1,0
GT-DLD-2107-2CMBZ-P,818,STRONG,36000,0.1766,44900.0,1,0
GT-KLD-2304-JXDQG-6,600,EMERGING,21500,0.3,19500.0,1,0
GT-RJD-2309-N4S46-U,573,EMERGING,6500,0.3,0.0,0,1
GT-WBD-2211-VVD7M-1,919,PRIME,87000,0.1454,106700.0,1,0
GT-WBF-2305-MWEM4-X,666,RELIABLE,23000,0.2466,23700.0,1,0
GT-KAF-2106-Z8041-Q,921,PRIME,100500,0.1453,115100.0,1,0
GT-UPD-2402-HVB08-6,639,EMERGING,8500,0.2985,7100.0,1,0
GT-KLF-2110-TRBNN-M,669,RELIABLE,21000,0.2454,26200.0,1,1
GT-KLD-2206-87VHB-0,570,EMERGING,10500,0.3,0.0,0,1
GT-WBR-2312-K7TQC-0,782,RELIABLE,34500,0.2128,35800.0,1,0
GT-KLH-2206-GPXXZ-1,650,RELIABLE,24000,0.2534,25500.0,1,0
GT-UPR-2111-5R9M1-I,651,RELIABLE,17500,0.253,0.0,0,0
GT-WBD-2101-57N4W-7,611,EMERGING,8500,0.3,0.0,0,1
GT-RJR-2105-YJ20E-Q,805,STRONG,52500,0.1787,48000.0,1,0
GT-MHF-2307-PJ82H-6,600,EMERGING,16000,0.3,0.0,0,0
GT-GJD-2308-40M0G-9,907,PRIME,89000,0.1464,79700.0,1,0
GT-GJH-2304-22J87-R,695,RELIABLE,22000,0.2358,22500.0,1,1
GT-TGR-2305-QDGEZ-2,768,RELIABLE,31500,0.2157,34500.0,1,0
GT-GJD-2303-HCKDD-9,600,EMERGING,10500,0.3,9400.0,1,1
GT-RJR-2108-156SA-4,706,RELIABLE,25000,0.2321,23100.0,1,0
GT-WBF-2107-CZ1RS-N,741,RELIABLE,25000,0.2221,19700.0,1,0
GT-TNR-2107-XXG1N-Q,783,RELIABLE,28000,0.2127,24900.0,1,0
GT-TGC-2403-9AJQB-E,813,STRONG,44000,0.1774,43200.0,1,0
GT-WBC-2101-YTBY5-D,849,STRONG,59000,0.1723,64500.0,1,0
GT-WBD-2203-PK3K7-Q,663,RELIABLE,21500,0.2478,16900.0,1,1
GT-TND-2208-C3AVV-5,813,STRONG,44000,0.1774,45400.0,1,0
GT-WBD-2307-0FW77-V,717,RELIABLE,34500,0.2287,25700.0,1,0
GT-DLF-2307-FY8ZG-H,723,RELIABLE,29000,0.2269,22100.0,1,0
GT-KLF-2110-6FPGF-4,739,RELIABLE,20000,0.2226,0.0,0,0
GT-WBD-2108-0W0A3-D,692,RELIABLE,26000,0.2368,28600.0,1,0
GT-RJH-2403-P7RT3-7,886,STRONG,72500,0.1683,69200.0,1,0
GT-TND-2401-X1854-I,600,EMERGING,20000,0.3,19500.0,1,0
GT-TNW-2209-EK5QW-D,774,RELIABLE,30500,0.2145,24300.0,1,0
GT-DLW-2310-YV6ZP-Q,743,RELIABLE,29500,0.2215,25400.0,1,0
GT-WBD-2108-EWT00-E,961,PRIME,145500,0.1427,128700.0,1,0
GT-GJD-2112-3AA8R-1,870,STRONG,60500,0.1699,55400.0,1,0
GT-WBD-2111-XNZX6-4,680,RELIABLE,22000,0.2411,23200.0,1,0
GT-RJC-2202-0Q8S4-D,718,RELIABLE,31000,0.2284,27200.0,1,0
GT-WBR-2305-7N95T-1,718,RELIABLE,23000,0.2284,0.0,0,1
GT-RJW-2203-AN7N7-C,724,RELIABLE,24500,0.2266,26600.0,1,1
GT-KAR-2111-N4T56-B,600,EMERGING,14500,0.3,13200.0,1,0
GT-TNR-2308-XPB2E-N,759,RELIABLE,29500,0.2177,32200.0,1,1
GT-UPC-2307-MTVKS-0,868,STRONG,54000,0.1701,54000.0,1,0
GT-TNR-2108-Q1PRT-E,600,EMERGING,13000,0.3,0.0,0,1
GT-UPW-2311-R38M8-E,646,EMERGING,7500,0.2953,7400.0,1,1
GT-WBR-2209-2CYW0-0,731,RELIABLE,24500,0.2247,25800.0,1,0
GT-TGD-2306-6S1YJ-B,683,RELIABLE,18000,0.24,11500.0,1,0
GT-WBD-2109-4FSWQ-3,900,PRIME,98500,0.147,105900.0,1,0
GT-KLD-2207-EZGJN-Z,844,STRONG,72500,0.1729,78700.0,1,0
GT-GJW-2212-VWYVV-2,826,STRONG,43500,0.1754,42300.0,1,0
GT-KLR-2301-H7VTH-K,749,RELIABLE,17000,0.22,0.0,0,0
GT-KAR-2106-FA946-P,740,RELIABLE,28000,0.2223,26500.0,1,0
GT-RJD-2403-XTXV8-L,628,EMERGING,9000,0.3,9700.0,1,1
GT-RJF-2210-GKJQA-N,826,STRONG,51000,0.1754,45800.0,1,0
GT-KLW-2401-XEMJQ-J,600,EMERGING,18500,0.3,20500.0,1,0
GT-WBF-2207-WFGEK-0,862,STRONG,63500,0.1708,52400.0,1,0
GT-TGH-2304-SNGB5-R,740,RELIABLE,31500,0.2223,0.0,0,1
GT-WBD-2105-WQJYM-Z,757,RELIABLE,30000,0.2182,30400.0,1,0
GT-KLD-2202-JPQA5-S,758,RELIABLE,30000,0.2179,30400.0,1,0
GT-RJR-2401-S5FVN-D,817,STRONG,46500,0.1767,42000.0,1,0
GT-KLD-2201-G20DV-K,633,EMERGING,10500,0.3,9600.0,1,1
GT-KLF-2203-GA4SK-7,795,RELIABLE,33000,0.2104,38700.0,1,0
GT-GJW-2308-0VZVM-5,741,RELIABLE,30000,0.2221,31700.0,1,0
GT-DLD-2210-1KQ1M-F,685,RELIABLE,17500,0.2393,15300.0,1,0
GT-MHC-2208-9PFAQ-V,549,EMERGING,8000,0.3,0.0,0,1
GT-RJD-2211-Z9JGG-U,600,EMERGING,13000,0.3,0.0,0,0
GT-MHF-2307-PEF9Z-P,836,STRONG,52500,0.174,54300.0,1,0
GT-KAR-2102-9CKDE-R,859,STRONG,83000,0.1711,71600.0,1,0
GT-TGF-2102-M5SY0-P,744,RELIABLE,31000,0.2213,30000.0,1,0
GT-UPD-2105-D033D-C,920,PRIME,103000,0.1454,91300.0,1,0
GT-UPH-2212-356VB-T,734,RELIABLE,21500,0.2239,16800.0,1,1
GT-DLH-2309-H5BF9-U,901,PRIME,71000,0.1469,78800.0,1,0
GT-WBR-2107-V38FD-X,722,RELIABLE,26500,0.2272,24500.0,1,1
GT-RJR-2211-CKN7G-H,600,EMERGING,13500,0.3,0.0,0,0
GT-UPF-2303-4NR06-9,600,EMERGING,18000,0.3,19900.0,1,0
GT-KLF-2305-V236Y-D,574,EMERGING,7500,0.3,0.0,0,1
GT-UPR-2305-J0H3S-W,838,STRONG,53000,0.1737,42100.0,1,0
GT-KAF-2304-NB0A8-R,691,RELIABLE,19500,0.2371,0.0,0,1
GT-DLC-2104-MFTYJ-G,687,RELIABLE,18000,0.2386,18700.0,1,0
GT-MHF-2402-MW16F-H,666,RELIABLE,18000,0.2466,17500.0,1,1
GT-MHD-2204-5FFED-3,731,RELIABLE,27500,0.2247,22000.0,1,0
GT-RJC-2105-ASERC-Y,891,STRONG,62000,0.1678,62300.0,1,1
GT-UPD-2107-PJ804-D,897,STRONG,99000,0.1672,84900.0,1,0
GT-KLD-2101-5DTGQ-G,672,RELIABLE,20500,0.2442,22500.0,1,1
GT-TNH-2403-HP44F-8,753,RELIABLE,28500,0.2191,26600.0,1,0
GT-KLD-2202-VWHK0-G,710,RELIABLE,21000,0.2308,22400.0,1,1
GT-KLD-2101-4M5K6-N,600,EMERGING,25500,0.3,19800.0,1,0
GT-MHR-2106-04SXH-R,805,STRONG,57500,0.1787,63600.0,1,0
GT-RJW-2401-ZNBKT-J,702,RELIABLE,31000,0.2334,27000.0,1,0
GT-MHD-2402-ZCJ0E-K,753,RELIABLE,24000,0.2191,28000.0,1,0
GT-TGR-2308-PXQ1W-F,708,RELIABLE,23000,0.2314,28100.0,1,0
GT-MHD-2104-T6A1K-8,700,RELIABLE,41000,0.2341,37500.0,1,1
GT-WBR-2306-MRW82-6,849,STRONG,87000,0.1723,96000.0,1,0
GT-KAR-2304-XEWQ1-X,795,RELIABLE,32000,0.2104,32800.0,1,0
GT-RJD-2211-C82WX-Q,585,EMERGING,9500,0.3,0.0,0,0
GT-TGH-2107-WTXMX-H,520,EMERGING,17000,0.3,0.0,0,1
GT-RJF-2208-Y0V4Y-L,945,PRIME,119000,0.1436,142700.0,1,0
GT-TGC-2304-31JS9-1,847,STRONG,64000,0.1726,64900.0,1,0
GT-WBC-2202-F0XQ0-G,653,RELIABLE,21000,0.2521,19300.0,1,1
GT-UPH-2105-VGRQT-U,699,RELIABLE,25500,0.2344,0.0,0,0
GT-KLW-2109-G560A-Z,669,RELIABLE,28500,0.2454,18200.0,1,0
GT-TND-2208-NPK93-I,885,STRONG,67000,0.1684,71600.0,1,0
GT-WBW-2308-J5JWT-A,741,RELIABLE,25500,0.2221,24000.0,1,0
GT-TNR-2204-46GJZ-0,733,RELIABLE,26000,0.2242,0.0,0,1
GT-KAD-2403-SZGCP-Y,756,RELIABLE,31500,0.2184,33600.0,1,1
GT-RJR-2304-8BATT-A,563,EMERGING,5500,0.3,0.0,0,1
GT-WBD-2210-5N4J9-O,635,EMERGING,10500,0.3,10600.0,1,0
GT-TNR-2109-FPQ7K-C,748,RELIABLE,24000,0.2203,22200.0,1,1
GT-UPW-2209-TVRAW-9,803,STRONG,45500,0.179,52400.0,1,0
GT-RJR-2309-3FX8Y-B,589,EMERGING,8500,0.3,0.0,0,1
GT-KLD-2208-3BPQ5-J,677,RELIABLE,16000,0.2422,18300.0,1,0
GT-TGD-2108-D8WFN-1,808,STRONG,48000,0.1782,39100.0,1,0
GT-MHC-2107-3ZWKY-A,643,EMERGING,11000,0.2966,11000.0,1,1
GT-TGR-2210-53VHM-F,779,RELIABLE,33500,0.2134,42000.0,1,0
GT-TGR-2307-E3T1S-Z,739,RELIABLE,19500,0.2226,20800.0,1,0
GT-DLW-2310-SPPY8-5,906,PRIME,93000,0.1465,62400.0,1,0
GT-WBC-2402-9D1J6-1,520,EMERGING,15500,0.3,0.0,0,0
GT-TGR-2112-JTDJA-J,760,RELIABLE,26500,0.2175,26700.0,1,0
GT-RJF-2207-AR584-A,824,STRONG,50500,0.1757,44600.0,1,0
GT-KAD-2102-GX05H-D,632,EMERGING,9500,0.3,9100.0,1,1
GT-UPH-2106-NNP0B-X,707,RELIABLE,32000,0.2318,37600.0,1,0
GT-GJR-2205-82JDZ-F,736,RELIABLE,21000,0.2233,23500.0,1,0
GT-DLF-2305-Q3T43-5,600,EMERGING,16000,0.3,16600.0,1,0
GT-TND-2103-E1SNX-C,823,STRONG,53000,0.1758,49700.0,1,0
GT-RJF-2105-R0F9Z-T,520,EMERGING,22000,0.3,0.0,0,0
GT-TNR-2203-PF30B-7,647,EMERGING,11000,0.2948,0.0,0,1
GT-GJR-2303-TTYXE-B,799,RELIABLE,26500,0.2097,31300.0,1,0
GT-WBF-2112-HX3FS-Q,865,STRONG,70500,0.1704,55100.0,1,0
GT-RJW-2204-Q909K-T,724,RELIABLE,24500,0.2266,23100.0,1,1
GT-GJR-2310-PM764-L,772,RELIABLE,33000,0.2149,35700.0,1,0
GT-RJC-2403-N6Z9S-6,759,RELIABLE,30000,0.2177,27800.0,1,0
GT-KLD-2106-H5MAG-0,747,RELIABLE,23000,0.2205,22400.0,1,0
GT-MHR-2108-71777-V,579,EMERGING,7500,0.3,7800.0,1,1
GT-RJD-2104-J59GW-I,891,STRONG,87000,0.1678,85500.0,1,0
GT-KLD-2301-K7AGC-L,680,RELIABLE,23000,0.2411,30000.0,1,0
GT-KAC-2301-W17XF-A,843,STRONG,57000,0.1731,58400.0,1,0
GT-TGD-2112-FN3YS-G,600,EMERGING,9000,0.3,0.0,0,1
GT-DLC-2101-3JFG5-M,702,RELIABLE,19500,0.2334,22200.0,1,1
GT-KLD-2105-JX9AZ-S,848,STRONG,46000,0.1725,40700.0,1,0
GT-TNF-2205-8K90N-A,805,STRONG,54000,0.1787,55900.0,1,1
GT-MHD-2102-Z8V7R-5,600,EMERGING,17500,0.3,0.0,0,0
GT-KAF-2208-T8P0F-W,792,RELIABLE,27000,0.211,28700.0,1,1
GT-UPC-2105-7J2PH-E,699,RELIABLE,22000,0.2344,18000.0,1,1
GT-KAR-2103-KD51M-S,825,STRONG,36000,0.1755,26300.0,1,0
GT-TNR-2304-SX2WG-D,668,RELIABLE,19500,0.2458,0.0,0,0
GT-WBW-2208-A4D86-7,884,STRONG,93500,0.1684,85700.0,1,0
GT-KAF-2106-R8QCT-W,740,RELIABLE,32500,0.2223,19500.0,1,1
GT-MHD-2104-2M9BG-C,836,STRONG,65000,0.174,57300.0,1,0
GT-KLF-2103-FXB7G-3,744,RELIABLE,23000,0.2213,20600.0,1,0
GT-TGF-2401-FATCA-X,747,RELIABLE,23000,0.2205,26600.0,1,0
GT-TNW-2204-00QYB-M,830,STRONG,49500,0.1748,49600.0,1,0
GT-RJD-2308-Q8AAK-N,520,EMERGING,12000,0.3,0.0,0,1
GT-KAR-2101-7CG74-V,765,RELIABLE,32500,0.2164,28700.0,1,1
GT-DLH-2306-VA9TH-9,720,RELIABLE,25000,0.2278,23800.0,1,0
GT-RJR-2203-44P6J-3,600,EMERGING,20500,0.3,0.0,0,0
GT-UPR-2108-ZYSHP-6,678,RELIABLE,16500,0.2419,12500.0,1,0
GT-TGH-2204-05WGD-D,600,EMERGING,14500,0.3,0.0,0,0
GT-KLD-2107-CZVV6-W,741,RELIABLE,27000,0.2221,27300.0,1,0
GT-WBR-2307-PR16J-T,791,RELIABLE,31000,0.2112,34300.0,1,0
GT-UPW-2103-W5YD2-8,680,RELIABLE,26000,0.2411,21200.0,1,1
GT-KLF-2303-Y4PJ9-0,927,PRIME,81000,0.1448,103300.0,1,0
GT-WBH-2107-Q32YV-9,697,RELIABLE,26000,0.235,22300.0,1,0
GT-TGF-2308-GTG50-O,770,RELIABLE,32500,0.2153,30000.0,1,1
GT-GJD-2207-JH6ED-O,706,RELIABLE,22000,0.2321,23300.0,1,1
GT-KAR-2112-149XV-H,637,EMERGING,10000,0.2995,0.0,0,0
GT-TGD-2101-PSESN-N,653,RELIABLE,19000,0.2521,20300.0,1,0
GT-GJC-2107-FZJZJ-S,743,RELIABLE,30500,0.2215,0.0,0,0
GT-TND-2307-7HM7F-X,842,STRONG,65500,0.1732,57100.0,1,0
GT-UPR-2211-GZHAW-S,600,EMERGING,14500,0.3,11000.0,1,0
GT-TGR-2105-R41E0-4,600,EMERGING,12500,0.3,10700.0,1,1
GT-MHD-2109-EPPYQ-B,836,STRONG,63500,0.174,70000.0,1,0
GT-MHD-2311-T34F9-V,894,STRONG,54500,0.1675,62300.0,1,1
GT-WBF-2108-8GK36-7,839,STRONG,57000,0.1736,52900.0,1,0
GT-MHD-2109-VQHTE-M,631,EMERGING,11500,0.3,11500.0,1,0
GT-TNH-2304-TMS7Z-1,735,RELIABLE,16000,0.2236,10500.0,1,1
GT-WBC-2104-HWWGC-3,879,STRONG,59000,0.169,58400.0,1,0
GT-KAD-2205-4Q6KM-2,600,EMERGING,15000,0.3,14200.0,1,0
GT-TGC-2105-G7HGD-F,743,RELIABLE,39500,0.2215,42900.0,1,1
GT-TND-2201-Y7H19-O,680,RELIABLE,28500,0.2411,27600.0,1,0
GT-TND-2303-Z1PVT-9,813,STRONG,64500,0.1774,60700.0,1,0
GT-KLD-2303-H9BH6-X,698,RELIABLE,22500,0.2347,27000.0,1,0
GT-KLW-2204-J63S8-D,600,EMERGING,19500,0.3,0.0,0,0
GT-TNF-2308-2PZS9-X,849,STRONG,50500,0.1723,46700.0,1,0
GT-RJD-2210-F670D-E,601,EMERGING,8000,0.3,9600.0,1,1
GT-DLF-2112-Z7JY5-8,718,RELIABLE,33500,0.2284,31600.0,1,0
GT-TNF-2305-MVV1Q-P,520,EMERGING,9500,0.3,0.0,0,0
GT-KLW-2201-P6GH4-X,709,RELIABLE,26500,0.2311,25000.0,1,1
GT-MHR-2106-25VG5-L,721,RELIABLE,21000,0.2275,17400.0,1,0
GT-TNW-2108-VKRD1-B,796,RELIABLE,27000,0.2102,33700.0,1,0
GT-RJF-2304-Y49A4-C,732,RELIABLE,24500,0.2244,25600.0,1,0
GT-KLD-2210-JQQ6V-E,735,RELIABLE,32000,0.2236,34400.0,1,0
GT-KLW-2312-EVTG6-X,769,RELIABLE,28500,0.2155,26300.0,1,0
GT-RJD-2301-VW7FM-T,609,EMERGING,9500,0.3,10300.0,1,0
GT-KLF-2204-16V9S-O,746,RELIABLE,36000,0.2208,38000.0,1,0
GT-TGF-2403-J0ZJE-5,865,STRONG,63000,0.1704,42700.0,1,1
GT-TND-2310-XN8EF-1,819,STRONG,57500,0.1764,50600.0,1,0
GT-TND-2309-0N78P-C,600,EMERGING,20000,0.3,19000.0,1,0
GT-MHF-2208-F282N-V,825,STRONG,43500,0.1755,44600.0,1,1
GT-MHC-2403-A1BYD-V,548,EMERGING,10500,0.3,0.0,0,1
GT-KLW-2306-ZS5E8-2,600,EMERGING,14500,0.3,15300.0,1,0
GT-MHF-2209-H0JW7-8,959,PRIME,146000,0.1428,99500.0,1,0
GT-GJD-2401-DJ802-Z,721,RELIABLE,24000,0.2275,0.0,0,0
GT-DLD-2204-TXA4S-X,709,RELIABLE,30000,0.2311,25900.0,1,1
GT-GJW-2209-KGG4B-W,820,STRONG,66500,0.1763,73000.0,1,0
GT-TGR-2102-H64FK-E,855,STRONG,45000,0.1716,56900.0,1,0
GT-MHW-2103-ZA9H4-T,781,RELIABLE,46000,0.213,47000.0,1,0
GT-TND-2104-KNQDP-6,586,EMERGING,10000,0.3,0.0,0,1
GT-UPD-2211-0F8CA-B,824,STRONG,51000,0.1757,54400.0,1,1
GT-RJF-2110-7ZFP6-9,941,PRIME,101000,0.1439,99500.0,1,0
GT-DLF-2208-6MM94-W,826,STRONG,54500,0.1754,51500.0,1,0
GT-DLF-2208-RK0VC-Y,670,RELIABLE,16000,0.245,14200.0,1,0
GT-UPD-2304-Y609E-W,723,RELIABLE,30500,0.2269,33000.0,1,0
GT-TGW-2204-5X2JQ-R,586,EMERGING,8000,0.3,0.0,0,0
GT-KAR-2209-G8JTH-P,818,STRONG,51000,0.1766,59700.0,1,0
GT-MHW-2110-A5FRG-4,600,EMERGING,14000,0.3,0.0,0,0
GT-TNF-2206-9E88A-Y,756,RELIABLE,26000,0.2184,30800.0,1,0
GT-DLR-2403-7Z3N2-1,648,EMERGING,10000,0.2943,11500.0,1,0
GT-MHF-2112-6MVX0-3,701,RELIABLE,21000,0.2337,18100.0,1,1
GT-UPR-2303-6TVQ8-L,889,STRONG,73500,0.168,78600.0,1,0
GT-TGR-2112-0NAM9-X,753,RELIABLE,29000,0.2191,19600.0,1,0
GT-UPF-2207-7HJVQ-M,520,EMERGING,11000,0.3,0.0,0,0
GT-KAD-2110-KTQ8N-B,698,RELIABLE,18000,0.2347,21600.0,1,0
GT-TGC-2308-YA4DQ-8,657,RELIABLE,18500,0.2503,0.0,0,1
GT-TGD-2309-E66HK-J,667,RELIABLE,17500,0.2462,15300.0,1,1
GT-WBD-2203-8JJ48-7,723,RELIABLE,27000,0.2269,22500.0,1,0
GT-KLW-2303-DGTWN-0,845,STRONG,55500,0.1728,50100.0,1,0
GT-TGD-2209-XWNTS-0,721,RELIABLE,23000,0.2275,21600.0,1,1
GT-TGH-2403-TJBHN-W,866,STRONG,57500,0.1703,56900.0,1,0
GT-RJR-2207-J3ZWE-6,699,RELIABLE,28500,0.2344,29600.0,1,1
GT-TND-2107-N46XD-Q,704,RELIABLE,32000,0.2328,33000.0,1,0
GT-TND-2305-SQH75-E,645,EMERGING,11500,0.2957,0.0,0,1
GT-MHD-2301-HHJRY-M,817,STRONG,55500,0.1767,57400.0,1,0
GT-UPD-2210-F2VZE-P,902,PRIME,77000,0.1468,62200.0,1,0
GT-KAD-2204-0QV97-2,637,EMERGING,11500,0.2995,0.0,0,1
GT-DLD-2111-WZMEJ-A,724,RELIABLE,26000,0.2266,23100.0,1,1
GT-TGD-2302-9HMR3-H,817,STRONG,60500,0.1767,63100.0,1,0
GT-TGR-2403-6831Z-G,652,RELIABLE,15000,0.2526,15400.0,1,1
GT-KAD-2208-AVY2A-4,822,STRONG,52500,0.176,56600.0,1,0
GT-WBD-2212-FD31X-J,855,STRONG,73000,0.1716,60300.0,1,0
GT-KLD-2201-MP2G2-0,795,RELIABLE,35500,0.2104,32600.0,1,0
GT-MHD-2201-MDK95-J,799,RELIABLE,32000,0.2097,27700.0,1,0
GT-TGD-2101-EHSD8-2,866,STRONG,84000,0.1703,82200.0,1,0
GT-WBD-2306-TQM3C-C,853,STRONG,57000,0.1718,65700.0,1,0
GT-TNR-2106-09EFR-S,744,RELIABLE,23500,0.2213,26000.0,1,0
GT-WBC-2102-488NK-8,710,RELIABLE,19000,0.2308,21000.0,1,0
GT-TND-2311-37V2D-A,644,EMERGING,13500,0.2962,11600.0,1,1
GT-MHD-2303-S6RMA-A,806,STRONG,45000,0.1785,50000.0,1,0
GT-RJF-2102-W2E6V-X,625,EMERGING,9000,0.3,0.0,0,1
GT-KLR-2301-C0E34-G,782,RELIABLE,36500,0.2128,0.0,0,0
GT-TND-2105-T564Z-Z,739,RELIABLE,29000,0.2226,37400.0,1,1
GT-KAW-2112-H6BSQ-P,693,RELIABLE,18500,0.2364,19800.0,1,0
GT-MHF-2201-AA0MF-H,799,RELIABLE,40000,0.2097,29700.0,1,0
GT-RJH-2212-D45GE-0,903,PRIME,97000,0.1468,92500.0,1,0
GT-RJH-2301-TJ8F5-3,789,RELIABLE,27000,0.2115,30600.0,1,0
GT-TGF-2205-R17WB-2,600,EMERGING,13500,0.3,0.0,0,0
GT-RJF-2109-ZGHHN-5,600,EMERGING,17500,0.3,15000.0,1,0
GT-DLR-2207-G99MF-6,740,RELIABLE,33000,0.2223,36000.0,1,0
GT-TGC-2205-F2V9A-5,873,STRONG,51500,0.1696,58000.0,1,0
GT-MHR-2207-09PWT-2,801,STRONG,44500,0.1794,43300.0,1,0
GT-WBD-2111-HFXNY-2,735,RELIABLE,35000,0.2236,34500.0,1,0
GT-GJD-2105-EPHMR-7,594,EMERGING,9500,0.3,0.0,0,1
GT-KLF-2206-MAJMF-D,602,EMERGING,10000,0.3,9400.0,1,1
GT-UPR-2306-ZA7XJ-X,665,RELIABLE,14500,0.247,17000.0,1,0
GT-GJW-2403-61TEB-7,760,RELIABLE,30000,0.2175,27700.0,1,0
GT-GJD-2107-QSC15-H,600,EMERGING,9000,0.3,0.0,0,1
GT-GJW-2205-1ZHD4-N,890,STRONG,81500,0.1679,86700.0,1,0
GT-TGD-2310-5137Z-Z,730,RELIABLE,25500,0.225,30400.0,1,0
GT-WBF-2403-FDWYP-C,600,EMERGING,13500,0.3,0.0,0,1
GT-MHR-2212-FSTDK-L,691,RELIABLE,23500,0.2371,0.0,0,1
GT-KAD-2404-ZAM1V-U,819,STRONG,43500,0.1764,45800.0,1,0
GT-UPR-2201-E2EYV-F,753,RELIABLE,24500,0.2191,26700.0,1,0
GT-TGD-2304-A9YJF-H,700,RELIABLE,28500,0.2341,24600.0,1,0
GT-RJD-2212-03RDM-8,866,STRONG,53500,0.1703,47900.0,1,0
GT-MHW-2311-ZDVPN-4,768,RELIABLE,25000,0.2157,25800.0,1,0
GT-TND-2208-E6BSA-6,752,RELIABLE,29500,0.2193,28700.0,1,0
GT-DLW-2301-9QRZW-Q,844,STRONG,43500,0.1729,44700.0,1,0
GT-RJF-2110-1Z9NT-O,600,EMERGING,25000,0.3,24100.0,1,0
GT-TND-2106-WAH29-K,769,RELIABLE,41500,0.2155,54900.0,1,0
GT-GJC-2204-761FY-U,520,EMERGING,16000,0.3,0.0,0,0
GT-KAW-2104-6XHTK-J,951,PRIME,121500,0.1433,120000.0,1,0
GT-WBW-2211-B6MEH-X,697,RELIABLE,23000,0.235,26700.0,1,1
GT-TGW-2111-3CSX9-M,881,STRONG,60000,0.1687,72200.0,1,0
GT-GJF-2111-JVFPF-G,600,EMERGING,15500,0.3,0.0,0,0
GT-WBH-2104-CENRB-Z,600,EMERGING,36000,0.3,36500.0,1,0
GT-MHD-2208-YNVVK-B,857,STRONG,51000,0.1713,44300.0,1,0
GT-KAD-2211-30FN6-8,850,STRONG,54000,0.1722,51200.0,1,0
GT-MHF-2308-K0CTM-O,662,RELIABLE,20000,0.2482,14100.0,1,0
GT-DLD-2310-5BX2A-P,841,STRONG,67000,0.1733,55700.0,1,0
GT-UPF-2312-TN1N6-N,886,STRONG,40500,0.1683,35100.0,1,0
GT-DLR-2211-297EV-H,704,RELIABLE,27000,0.2328,27300.0,1,0
GT-KLD-2311-0RMKD-9,717,RELIABLE,16500,0.2287,15600.0,1,0
GT-KAC-2107-SF55Z-R,690,RELIABLE,30500,0.2375,36100.0,1,1
GT-WBD-2106-637XV-A,725,RELIABLE,18500,0.2264,15600.0,1,0
GT-UPD-2311-J9W9F-T,896,STRONG,63500,0.1674,67400.0,1,0
GT-KAF-2202-71XK0-C,672,RELIABLE,16000,0.2442,16300.0,1,1
GT-WBW-2207-RZ4MC-6,711,RELIABLE,28500,0.2305,27800.0,1,1
GT-KAW-2209-SB7HM-I,879,STRONG,65500,0.169,85800.0,1,0
GT-UPD-2110-YMETV-9,833,STRONG,80500,0.1744,100100.0,1,1
GT-TGC-2112-NX4KK-I,931,PRIME,138500,0.1446,149100.0,1,0
GT-RJF-2306-0SDKN-Y,724,RELIABLE,32500,0.2266,26000.0,1,0
GT-GJW-2308-457RG-P,757,RELIABLE,22000,0.2182,23100.0,1,1
GT-TND-2211-C7BF9-T,726,RELIABLE,26500,0.2261,25800.0,1,0
GT-MHR-2303-ZG13D-2,750,RELIABLE,36500,0.2198,38800.0,1,0
GT-MHR-2206-VPKR9-G,631,EMERGING,11000,0.3,14300.0,1,1
GT-KAR-2205-EN3FJ-O,798,RELIABLE,30500,0.2099,34800.0,1,0
GT-TND-2301-9Q8EV-F,763,RELIABLE,34000,0.2168,35000.0,1,0
GT-UPR-2312-TN768-C,723,RELIABLE,28000,0.2269,26100.0,1,0
GT-TNF-2212-PSZ34-N,715,RELIABLE,20000,0.2293,16100.0,1,0
GT-MHR-2202-MSQJT-Q,735,RELIABLE,21500,0.2236,0.0,0,1
GT-KAR-2106-47WN5-M,844,STRONG,59500,0.1729,53200.0,1,1
GT-TGD-2201-4QYD9-Y,686,RELIABLE,22000,0.2389,20900.0,1,0
GT-DLC-2308-Y18QH-K,768,RELIABLE,32500,0.2157,35600.0,1,0
GT-UPF-2207-WVBHN-U,909,PRIME,83500,0.1462,71300.0,1,0
GT-TNR-2301-Y48DB-E,841,STRONG,66000,0.1733,62100.0,1,0
GT-MHH-2111-E04WC-4,624,EMERGING,8000,0.3,0.0,0,1
GT-DLF-2309-ZC68A-3,720,RELIABLE,21500,0.2278,0.0,0,0
GT-TGD-2102-H99X5-S,789,RELIABLE,37500,0.2115,31900.0,1,0
GT-KAF-2104-1AEY0-3,721,RELIABLE,40000,0.2275,40800.0,1,0
GT-MHH-2303-KX0ZS-0,600,EMERGING,8000,0.3,0.0,0,0
GT-KLD-2110-PD694-1,824,STRONG,56000,0.1757,71000.0,1,1
GT-TNF-2302-Y2WSA-1,740,RELIABLE,29500,0.2223,26400.0,1,0
GT-UPD-2212-N8M5J-1,903,PRIME,75500,0.1468,73800.0,1,0
GT-KLW-2110-91RQD-L,726,RELIABLE,27000,0.2261,28800.0,1,1
GT-MHF-2311-JK26Q-A,680,RELIABLE,36000,0.2411,33800.0,1,0
GT-GJH-2212-HX6XH-L,713,RELIABLE,21500,0.2299,17700.0,1,1
GT-RJF-2112-KC8ZZ-K,712,RELIABLE,25000,0.2302,28000.0,1,0
GT-KAD-2104-7FCNY-6,812,STRONG,69000,0.1775,55300.0,1,0
GT-TNR-2209-KXNSG-M,834,STRONG,72500,0.1743,76500.0,1,0
GT-MHC-2210-577PA-P,678,RELIABLE,20000,0.2419,20200.0,1,0
GT-KAD-2101-3JTJ2-B,744,RELIABLE,30000,0.2213,32700.0,1,1
GT-DLD-2403-BMW72-D,600,EMERGING,16500,0.3,0.0,0,0
GT-MHF-2208-CSNJD-K,757,RELIABLE,21500,0.2182,25700.0,1,0
GT-RJR-2401-SB72V-0,840,STRONG,62500,0.1735,69200.0,1,0
GT-DLD-2203-R3ZWJ-7,650,RELIABLE,19000,0.2534,0.0,0,0
GT-UPD-2305-Y5MQ5-O,600,EMERGING,12000,0.3,0.0,0,0
GT-KAD-2202-FCG1V-E,665,RELIABLE,23000,0.247,0.0,0,1
GT-GJF-2103-M7176-Q,727,RELIABLE,19500,0.2258,25400.0,1,0
GT-GJR-2403-6TDHY-3,919,PRIME,89500,0.1454,102300.0,1,0
GT-MHR-2108-C3B5W-Y,797,RELIABLE,36500,0.2101,26200.0,1,1
GT-TGW-2102-C19M4-4,697,RELIABLE,18500,0.235,21000.0,1,0
GT-KLD-2401-QHK0R-Y,520,EMERGING,19000,0.3,14000.0,1,0
GT-GJF-2209-QMFER-Q,587,EMERGING,6000,0.3,4900.0,1,1
GT-RJR-2212-NCB1Z-T,638,EMERGING,13000,0.299,13900.0,1,0
GT-TGR-2204-BRK0T-2,854,STRONG,45500,0.1717,43300.0,1,0
GT-DLR-2202-B0RXB-Q,782,RELIABLE,29000,0.2128,30700.0,1,0
GT-TGF-2112-1P93J-5,889,STRONG,72500,0.168,85400.0,1,0
GT-TGH-2310-WXPMX-W,717,RELIABLE,25500,0.2287,27300.0,1,0
GT-KLD-2111-K31K1-P,600,EMERGING,15500,0.3,15800.0,1,0
GT-TGD-2107-C0GSC-J,798,RELIABLE,27500,0.2099,28300.0,1,0
GT-GJR-2102-JQ63K-3,553,EMERGING,8500,0.3,0.0,0,1
GT-WBR-2302-S74B7-Q,788,RELIABLE,27500,0.2117,25300.0,1,1
GT-TND-2403-5HTKM-Y,722,RELIABLE,21500,0.2272,19200.0,1,0
GT-TNC-2207-4FY0P-5,866,STRONG,59500,0.1703,52400.0,1,0
GT-RJW-2109-8VZ5E-M,680,RELIABLE,30500,0.2411,32600.0,1,0
GT-DLR-2306-VMXKV-Q,600,EMERGING,13500,0.3,12600.0,1,1
GT-TGR-2109-WX2A7-L,884,STRONG,56500,0.1684,54200.0,1,0
GT-GJD-2312-2CPYD-7,713,RELIABLE,29500,0.2299,28300.0,1,0
GT-KAR-2105-89JCE-W,667,RELIABLE,21000,0.2462,22000.0,1,1
GT-GJF-2303-SH0TS-9,797,RELIABLE,36000,0.2101,31400.0,1,0
GT-RJC-2306-YZ5AZ-Z,746,RELIABLE,26500,0.2208,28700.0,1,0
GT-TGR-2312-TVF0G-Y,887,STRONG,46500,0.1682,52800.0,1,0
GT-WBD-2209-B1XD9-A,802,STRONG,38500,0.1792,36700.0,1,0
GT-TGD-2108-BKY2D-N,819,STRONG,58500,0.1764,44700.0,1,0
GT-GJD-2201-WXHWV-J,867,STRONG,59000,0.1702,58800.0,1,0
GT-KAH-2307-0T2GF-R,835,STRONG,51500,0.1741,55700.0,1,0
GT-GJW-2305-G3XWM-7,817,STRONG,57000,0.1767,35100.0,1,1
GT-TGW-2112-C6EF4-U,844,STRONG,59500,0.1729,62100.0,1,0
GT-KAC-2104-N71JD-F,833,STRONG,61000,0.1744,68800.0,1,0
GT-RJD-2103-HPRTD-T,776,RELIABLE,33000,0.214,29300.0,1,0
GT-MHF-2312-3525E-B,820,STRONG,54500,0.1763,36700.0,1,0
GT-WBF-2105-WMVAY-D,729,RELIABLE,30500,0.2253,29400.0,1,1
GT-RJD-2401-N2DZ3-9,761,RELIABLE,38500,0.2173,41200.0,1,0
GT-KLR-2311-PYQ5K-1,881,STRONG,64000,0.1687,70600.0,1,0
GT-GJF-2204-DNK2K-0,888,STRONG,65000,0.1681,66900.0,1,0
GT-UPC-2107-NA5ZD-G,600,EMERGING,26000,0.3,25200.0,1,0
GT-WBD-2110-ABYRK-7,696,RELIABLE,27000,0.2354,32000.0,1,0
GT-UPC-2105-P31WF-S,892,STRONG,87500,0.1677,97400.0,1,0
GT-KLC-2210-98CYW-H,805,STRONG,60500,0.1787,50300.0,1,0
GT-TGC-2208-66Z39-G,796,RELIABLE,34000,0.2102,32700.0,1,0
GT-TGD-2212-S7840-9,697,RELIABLE,16000,0.235,20200.0,1,0
GT-MHD-2309-43PBS-Y,754,RELIABLE,23500,0.2188,22700.0,1,0
GT-KLF-2209-J97N3-T,768,RELIABLE,34500,0.2157,37200.0,1,0
GT-KLD-2308-D5ZST-5,663,RELIABLE,18500,0.2478,0.0,0,0
GT-UPD-2310-JT2MZ-H,768,RELIABLE,28000,0.2157,27100.0,1,0
GT-GJW-2111-SZMD4-W,742,RELIABLE,33500,0.2218,31700.0,1,0
GT-DLD-2306-X93SZ-M,698,RELIABLE,23500,0.2347,25300.0,1,1
GT-KLR-2306-5PAWA-3,844,STRONG,54000,0.1729,58000.0,1,0
GT-KAH-2206-QKTH7-H,863,STRONG,83000,0.1707,86300.0,1,0
GT-GJR-2307-K863J-E,817,STRONG,76500,0.1767,104900.0,1,0
GT-DLC-2201-VDTKJ-G,734,RELIABLE,26500,0.2239,27200.0,1,0
GT-TGR-2303-SM8QG-Y,836,STRONG,61000,0.174,56000.0,1,0
GT-KAR-2206-GHSQE-A,796,RELIABLE,28000,0.2102,33400.0,1,0
GT-MHD-2210-CR1JT-5,670,RELIABLE,19500,0.245,18400.0,1,1
GT-TNR-2203-N5WCF-E,846,STRONG,62500,0.1727,53300.0,1,0
GT-TND-2108-7HQ1S-5,757,RELIABLE,30500,0.2182,24700.0,1,0
GT-RJC-2309-FRAS7-0,958,PRIME,116500,0.1429,84300.0,1,0
GT-WBC-2312-DHXRX-4,862,STRONG,57500,0.1708,53600.0,1,0
GT-KAD-2310-4S6Q6-T,791,RELIABLE,32000,0.2112,23000.0,1,0
GT-KLD-2211-KV8JC-X,753,RELIABLE,21500,0.2191,20000.0,1,0
GT-GJF-2108-Z2Q6D-8,785,RELIABLE,28500,0.2122,25500.0,1,0
GT-RJR-2403-0PZF5-O,670,RELIABLE,20000,0.245,18100.0,1,1
GT-KLD-2210-FC8M2-9,623,EMERGING,10500,0.3,0.0,0,1
GT-WBD-2106-1M602-N,677,RELIABLE,18500,0.2422,23700.0,1,1
GT-MHD-2112-7064K-S,733,RELIABLE,29000,0.2242,30200.0,1,0
GT-TGR-2107-NW8WV-V,541,EMERGING,8500,0.3,0.0,0,1
GT-GJD-2304-W1Q8G-B,739,RELIABLE,26000,0.2226,20700.0,1,0
GT-KAW-2212-0TZZK-R,728,RELIABLE,27500,0.2256,23100.0,1,0
GT-KLD-2102-67XHE-Z,712,RELIABLE,31500,0.2302,34500.0,1,0
GT-TNR-2308-9JRSX-G,724,RELIABLE,14500,0.2266,12100.0,1,0
GT-GJR-2102-HH8NP-J,748,RELIABLE,22000,0.2203,24600.0,1,0
GT-KLD-2204-W1HMD-F,898,STRONG,95500,0.1672,114000.0,1,0
GT-RJC-2207-GR0JQ-R,825,STRONG,59000,0.1755,50800.0,1,0
GT-UPF-2205-7QNDW-D,663,RELIABLE,20000,0.2478,16100.0,1,0
GT-DLC-2206-H4Q44-U,816,STRONG,44000,0.1769,39200.0,1,0
GT-WBR-2104-0SSFX-S,762,RELIABLE,34000,0.217,35800.0,1,0
GT-WBR-2111-JQ6HB-8,687,RELIABLE,31000,0.2386,32500.0,1,0
GT-RJD-2201-70E2F-H,695,RELIABLE,22000,0.2358,22000.0,1,1
GT-KAR-2210-JGP93-H,853,STRONG,54000,0.1718,57300.0,1,0
GT-KAF-2204-SVV0S-C,689,RELIABLE,23500,0.2379,23400.0,1,0
GT-MHR-2302-N6EQZ-F,600,EMERGING,9000,0.3,0.0,0,0
GT-KLD-2103-8EKES-N,756,RELIABLE,26000,0.2184,32300.0,1,1
GT-WBD-2108-XA061-C,739,RELIABLE,29000,0.2226,31400.0,1,0
GT-GJD-2102-2CJ1K-5,564,EMERGING,7000,0.3,0.0,0,1
GT-KAD-2112-TQN0D-T,716,RELIABLE,26000,0.229,31000.0,1,0
GT-KAF-2112-E5TYH-P,841,STRONG,70500,0.1733,69700.0,1,0
GT-GJH-2204-H2AH6-A,798,RELIABLE,29000,0.2099,27500.0,1,0
GT-UPD-2309-S0GWG-M,906,PRIME,101000,0.1465,67100.0,1,0
GT-TGD-2304-Q1BX4-B,815,STRONG,52500,0.1771,58000.0,1,0
GT-KAD-2206-PXQ0B-P,864,STRONG,71000,0.1705,71300.0,1,0
GT-TGD-2306-5W678-D,949,PRIME,141000,0.1434,148900.0,1,0
GT-GJF-2306-GM6TK-U,823,STRONG,41000,0.1758,41200.0,1,1
GT-DLD-2112-5W8M8-3,680,RELIABLE,23500,0.2411,0.0,0,1
GT-TNH-2306-70JNE-3,880,STRONG,61500,0.1689,73700.0,1,0
GT-UPC-2402-RA2DY-V,760,RELIABLE,26000,0.2175,27300.0,1,0
GT-DLR-2402-X2446-R,751,RELIABLE,35000,0.2196,37600.0,1,1
GT-KAC-2404-VWWMK-Y,657,RELIABLE,20000,0.2503,16700.0,1,0
GT-GJF-2108-91TD9-L,841,STRONG,60500,0.1733,56300.0,1,0
GT-KAH-2210-2FV17-F,600,EMERGING,19000,0.3,0.0,0,0
GT-TGD-2106-A16ZA-4,692,RELIABLE,22500,0.2368,27000.0,1,0
GT-WBH-2308-09Y59-Q,600,EMERGING,18500,0.3,17900.0,1,0
GT-KAD-2203-G3VSM-G,600,EMERGING,13500,0.3,0.0,0,0
GT-GJR-2403-HBVYQ-X,609,EMERGING,9500,0.3,0.0,0,1
GT-RJH-2205-4FZA0-F,645,EMERGING,10000,0.2957,9200.0,1,0
GT-KLR-2301-S7F50-G,673,RELIABLE,14500,0.2438,16100.0,1,1
GT-DLD-2401-Y4R8T-C,668,RELIABLE,18500,0.2458,11100.0,1,0
GT-TND-2312-HZC01-I,812,STRONG,51500,0.1775,45900.0,1,0
GT-GJD-2106-PQ3XE-Q,768,RELIABLE,37000,0.2157,38400.0,1,1
GT-WBR-2212-SNYTS-V,856,STRONG,77000,0.1714,63200.0,1,0
GT-GJR-2105-2YYGG-2,600,EMERGING,19000,0.3,0.0,0,0
GT-TNR-2204-K1RN2-C,808,STRONG,41500,0.1782,34100.0,1,0
GT-KAW-2204-XD6DJ-N,600,EMERGING,21000,0.3,0.0,0,1
GT-KAD-2305-AZCTA-K,782,RELIABLE,32500,0.2128,38600.0,1,0
GT-KLC-2110-0T9F3-R,600,EMERGING,26500,0.3,27100.0,1,0
GT-TGR-2102-15VD5-P,600,EMERGING,22500,0.3,0.0,0,0
GT-TGW-2303-09DM7-3,755,RELIABLE,24500,0.2186,16800.0,1,1
GT-GJW-2102-5H0JE-9,680,RELIABLE,38500,0.2411,37300.0,1,0
GT-DLC-2102-XC954-S,571,EMERGING,7000,0.3,7000.0,1,1
GT-TND-2401-NR5GJ-C,702,RELIABLE,22500,0.2334,23900.0,1,1
GT-TGR-2103-9DJKQ-A,742,RELIABLE,22000,0.2218,22900.0,1,0
GT-KAC-2210-XA2J1-F,856,STRONG,52000,0.1714,62600.0,1,0
GT-GJF-2104-SC37Z-H,850,STRONG,68000,0.1722,48500.0,1,0
GT-MHD-2307-Y5M6Z-6,654,RELIABLE,21000,0.2517,23400.0,1,1
GT-KAF-2310-64BMC-T,855,STRONG,50000,0.1716,52100.0,1,0
GT-GJW-2309-EFPDS-I,636,EMERGING,12000,0.2999,0.0,0,0
GT-TND-2310-BAKCJ-R,709,RELIABLE,16000,0.2311,14400.0,1,1
GT-UPF-2212-2C4JC-4,757,RELIABLE,26000,0.2182,20000.0,1,0
GT-WBC-2305-AK641-5,741,RELIABLE,25000,0.2221,0.0,0,0
GT-KAR-2101-W1A68-W,649,EMERGING,12000,0.2939,13900.0,1,1
GT-GJD-2305-M0E0B-2,806,STRONG,42500,0.1785,39900.0,1,1
GT-KAR-2108-CF8JW-U,819,STRONG,58500,0.1764,54700.0,1,1
GT-TNF-2306-VVKDM-O,828,STRONG,49000,0.1751,42100.0,1,0
GT-GJR-2207-DCT2B-X,709,RELIABLE,30000,0.2311,35700.0,1,0
GT-TGF-2107-HQ5BT-L,734,RELIABLE,38500,0.2239,36600.0,1,0
GT-TNR-2106-0NRN5-O,746,RELIABLE,23000,0.2208,0.0,0,0
GT-DLC-2106-HAFKH-6,865,STRONG,69000,0.1704,73300.0,1,0
GT-TGW-2111-ER7M6-9,522,EMERGING,7000,0.3,0.0,0,1
GT-DLW-2308-4H1BF-6,674,RELIABLE,16500,0.2434,0.0,0,1
GT-KLR-2209-MGNEA-2,731,RELIABLE,29500,0.2247,33000.0,1,0
GT-GJD-2107-B7NZN-B,688,RELIABLE,18500,0.2382,18900.0,1,1
GT-KLW-2206-15NRM-G,696,RELIABLE,23500,0.2354,19600.0,1,0
GT-TND-2112-AFZ2N-W,771,RELIABLE,26000,0.2151,23200.0,1,0
GT-KLR-2203-4JHG1-Z,726,RELIABLE,23000,0.2261,26700.0,1,0
GT-DLD-2112-3K3EC-T,727,RELIABLE,32000,0.2258,26400.0,1,0
GT-TNR-2303-6GWT7-0,807,STRONG,46000,0.1783,46700.0,1,0
GT-DLF-2104-DE7QP-2,600,EMERGING,25500,0.3,26500.0,1,0
GT-WBR-2401-FZAPZ-E,739,RELIABLE,21000,0.2226,14700.0,1,0
GT-GJR-2204-VNF0S-K,748,RELIABLE,28500,0.2203,34400.0,1,1
GT-KAD-2208-N4P29-O,680,RELIABLE,25000,0.2411,22500.0,1,0
GT-WBD-2302-QKQN7-A,609,EMERGING,6500,0.3,6300.0,1,1
GT-KLR-2301-D3Q4G-X,798,RELIABLE,42500,0.2099,51300.0,1,0
GT-TGC-2208-5ZN3X-0,699,RELIABLE,24000,0.2344,20100.0,1,0
GT-GJC-2105-SMBMP-Y,858,STRONG,50500,0.1712,60900.0,1,0
GT-GJH-2111-32BX2-U,856,STRONG,59000,0.1714,69400.0,1,0
GT-KLD-2105-4E777-Y,840,STRONG,63000,0.1735,56700.0,1,0
GT-GJD-2107-TQZT8-4,694,RELIABLE,17500,0.2361,0.0,0,1
GT-TGR-2203-NWT3X-G,729,RELIABLE,25000,0.2253,0.0,0,0
GT-KAF-2310-FNH1Y-S,696,RELIABLE,26500,0.2354,23100.0,1,0
GT-RJF-2203-R4YGD-P,689,RELIABLE,25500,0.2379,0.0,0,0
GT-TNW-2107-C9E1W-2,875,STRONG,63000,0.1693,67900.0,1,0
GT-KLR-2111-RF6AQ-6,889,STRONG,70000,0.168,71700.0,1,0
GT-DLR-2102-7CGFG-I,653,RELIABLE,14000,0.2521,14600.0,1,0
GT-TGH-2205-N6FBV-3,715,RELIABLE,25500,0.2293,26800.0,1,1
GT-RJD-2204-CCTP6-S,756,RELIABLE,28500,0.2184,28500.0,1,0
GT-MHW-2203-F9FYT-Q,777,RELIABLE,34000,0.2139,38600.0,1,0
GT-DLF-2205-GB3VC-R,563,EMERGING,7500,0.3,0.0,0,0
GT-UPD-2203-HMP85-L,574,EMERGING,8500,0.3,0.0,0,1
GT-TNC-2102-9VGES-2,805,STRONG,44000,0.1787,32700.0,1,0
GT-KLC-2306-52ZZ4-Z,520,EMERGING,10500,0.3,0.0,0,1
GT-WBW-2307-TD7F2-8,789,RELIABLE,31500,0.2115,37200.0,1,1
GT-RJD-2205-ZEDP8-7,824,STRONG,40000,0.1757,40800.0,1,0
GT-WBD-2306-G314E-S,838,STRONG,57000,0.1737,60300.0,1,0
GT-KAF-2207-X8ZSZ-8,738,RELIABLE,22000,0.2229,15900.0,1,0
GT-RJD-2212-5GX66-D,724,RELIABLE,20500,0.2266,19100.0,1,0
GT-TGD-2303-SBEER-0,868,STRONG,72000,0.1701,58400.0,1,0
GT-TNR-2308-1ZS22-V,799,RELIABLE,32000,0.2097,39300.0,1,0
GT-UPD-2312-6436Y-B,719,RELIABLE,22500,0.2281,20200.0,1,1
GT-DLW-2103-2KS2K-T,600,EMERGING,12500,0.3,0.0,0,1
GT-TGR-2304-RYA43-V,835,STRONG,48000,0.1741,48500.0,1,0
GT-GJD-2112-KNGG3-I,924,PRIME,92500,0.1451,90100.0,1,0
GT-WBR-2304-NM3MC-0,785,RELIABLE,33000,0.2122,36800.0,1,0
GT-UPD-2301-GTWWY-S,847,STRONG,57000,0.1726,49200.0,1,1
GT-KAD-2402-AM5JR-O,672,RELIABLE,22500,0.2442,21300.0,1,0
GT-KLR-2101-MABV7-V,726,RELIABLE,32000,0.2261,34100.0,1,0
GT-GJR-2210-9QPST-D,744,RELIABLE,22500,0.2213,19200.0,1,1
GT-GJD-2207-BGTNC-O,742,RELIABLE,16500,0.2218,15500.0,1,0
GT-RJF-2110-Y6P4Y-Y,696,RELIABLE,28000,0.2354,24800.0,1,1
GT-TGR-2203-047QX-5,854,STRONG,53000,0.1717,60700.0,1,1
GT-KAF-2105-DY7S3-4,834,STRONG,51000,0.1743,56300.0,1,0
GT-MHR-2305-S0HV4-O,520,EMERGING,12000,0.3,0.0,0,1
GT-KLF-2402-JMCPR-W,781,RELIABLE,26000,0.213,28900.0,1,1
GT-KLR-2308-XZR7H-I,751,RELIABLE,28500,0.2196,0.0,0,0
GT-KAD-2205-QQDC9-E,770,RELIABLE,32500,0.2153,40700.0,1,0
GT-GJF-2105-XFC8B-X,620,EMERGING,10500,0.3,0.0,0,1
GT-GJW-2301-C3QZD-D,761,RELIABLE,24500,0.2173,27900.0,1,1
GT-MHD-2111-GVRA4-0,706,RELIABLE,17000,0.2321,14100.0,1,1
GT-UPF-2205-MKR3D-T,600,EMERGING,17500,0.3,14800.0,1,0
GT-TGW-2301-2MN5V-7,698,RELIABLE,27000,0.2347,26400.0,1,1
GT-DLD-2312-N3R6R-3,507,EMERGING,6000,0.3,0.0,0,1
GT-WBC-2401-KEEXY-P,695,RELIABLE,22000,0.2358,25900.0,1,1
GT-KLR-2307-X6JY0-Z,743,RELIABLE,25000,0.2215,28800.0,1,0
GT-DLW-2401-XJGA7-A,600,EMERGING,18000,0.3,20200.0,1,0
GT-GJC-2105-S80VC-G,905,PRIME,91000,0.1466,99900.0,1,1
GT-UPH-2203-7HC8M-Y,819,STRONG,40500,0.1764,42000.0,1,0
GT-GJF-2308-E5DDN-9,758,RELIABLE,22500,0.2179,23200.0,1,0
GT-GJF-2211-AAJFT-R,771,RELIABLE,24000,0.2151,25300.0,1,0
GT-UPD-2206-KBNYN-Z,845,STRONG,63500,0.1728,68700.0,1,0
GT-DLD-2207-57R1R-3,685,RELIABLE,18500,0.2393,19600.0,1,1
GT-MHC-2311-28011-C,752,RELIABLE,25500,0.2193,27500.0,1,0
GT-KLR-2306-0D486-X,678,RELIABLE,18500,0.2419,0.0,0,1
GT-TNW-2212-MY9BX-S,852,STRONG,59500,0.1719,77200.0,1,0
GT-KLD-2106-R53TG-Z,778,RELIABLE,30000,0.2136,37100.0,1,0
GT-DLD-2111-W9X4P-C,600,EMERGING,8500,0.3,10600.0,1,0
GT-DLD-2403-FEZ6S-R,742,RELIABLE,25000,0.2218,0.0,0,0
GT-KAR-2210-K8V4H-O,776,RELIABLE,26500,0.214,25700.0,1,0
GT-TGD-2209-Z357P-I,520,EMERGING,9500,0.3,0.0,0,0
GT-KLR-2204-HMZQR-D,728,RELIABLE,27500,0.2256,26300.0,1,0
GT-RJH-2209-45T2S-K,676,RELIABLE,24000,0.2427,0.0,0,1
GT-TNW-2308-GN9E2-Z,767,RELIABLE,25500,0.2159,27000.0,1,0
GT-TGW-2307-32M8A-P,600,EMERGING,17000,0.3,13200.0,1,0
GT-GJD-2107-1WQP3-F,694,RELIABLE,24500,0.2361,22400.0,1,1
GT-KLR-2204-KVNXE-5,520,EMERGING,13500,0.3,0.0,0,1
GT-GJF-2402-9HVF6-8,756,RELIABLE,34000,0.2184,41500.0,1,0
GT-DLD-2201-QSTE4-B,600,EMERGING,14000,0.3,0.0,0,0
GT-TNR-2301-T7NH1-6,743,RELIABLE,18000,0.2215,20200.0,1,1
GT-UPC-2110-0XM0Q-I,751,RELIABLE,29500,0.2196,25400.0,1,0
GT-KAD-2104-W8PQK-W,810,STRONG,52000,0.1779,44300.0,1,0
GT-WBC-2101-7S7KK-O,833,STRONG,50500,0.1744,40300.0,1,0
GT-UPD-2403-T3F7D-J,600,EMERGING,19000,0.3,16400.0,1,0
GT-TND-2403-DRTN4-6,739,RELIABLE,24500,0.2226,24600.0,1,0
GT-WBD-2402-HYPWC-X,659,RELIABLE,18500,0.2495,0.0,0,0
GT-UPH-2109-TCFPY-E,651,RELIABLE,20000,0.253,22800.0,1,1
GT-WBF-2112-Z2Z2E-X,600,EMERGING,11000,0.3,0.0,0,0
GT-KAW-2112-N748S-5,730,RELIABLE,34500,0.225,31000.0,1,0
GT-WBR-2306-EZTF1-G,520,EMERGING,11500,0.3,0.0,0,1
GT-DLC-2211-SAWWM-Z,735,RELIABLE,24500,0.2236,0.0,0,1
GT-UPF-2312-KY4VR-9,723,RELIABLE,17500,0.2269,17300.0,1,0
GT-DLF-2401-9K1GF-B,619,EMERGING,13500,0.3,13300.0,1,0
GT-KLW-2107-0W5DB-T,799,RELIABLE,33500,0.2097,36500.0,1,0
GT-MHW-2209-EXQF5-7,600,EMERGING,10500,0.3,10500.0,1,0
GT-RJF-2203-8T7XX-0,686,RELIABLE,25500,0.2389,25300.0,1,1
GT-KAD-2101-M19YX-P,636,EMERGING,10500,0.2999,0.0,0,0
GT-GJC-2103-4PTNJ-K,792,RELIABLE,34500,0.211,30100.0,1,0
GT-TND-2210-EJWQV-N,892,STRONG,66000,0.1677,53200.0,1,0
GT-MHH-2302-XPNHK-6,770,RELIABLE,31000,0.2153,34000.0,1,0
GT-DLR-2211-K6RN5-M,724,RELIABLE,20000,0.2266,20000.0,1,1
GT-KAD-2103-1K0NS-E,835,STRONG,56500,0.1741,46000.0,1,0
GT-MHD-2106-NZCJ9-Q,641,EMERGING,7500,0.2975,7000.0,1,0
GT-TNR-2312-1E7DP-5,876,STRONG,65000,0.1693,63600.0,1,0
GT-MHR-2102-3XFBJ-4,936,PRIME,125500,0.1442,141600.0,1,0
GT-KLW-2209-R7ZWR-R,558,EMERGING,6000,0.3,0.0,0,0
GT-RJF-2109-YT7F1-P,766,RELIABLE,41000,0.2161,46000.0,1,0
GT-TGD-2204-4P9M8-4,638,EMERGING,11000,0.299,11500.0,1,0
GT-KAR-2208-XYC0B-L,740,RELIABLE,20000,0.2223,0.0,0,1
GT-KLW-2107-Y0QHV-C,600,EMERGING,17500,0.3,0.0,0,0
GT-UPC-2403-H0MZS-A,852,STRONG,88000,0.1719,84600.0,1,0
GT-MHR-2101-HDM8D-Y,778,RELIABLE,18500,0.2136,17700.0,1,0
GT-KAC-2303-5FW7X-N,645,EMERGING,12000,0.2957,10000.0,1,0
GT-GJD-2310-WK195-U,745,RELIABLE,24000,0.2211,21800.0,1,1
GT-KAF-2301-NVPN5-O,600,EMERGING,17000,0.3,17500.0,1,0
GT-GJW-2105-026ZM-M,692,RELIABLE,16000,0.2368,0.0,0,0
GT-TGR-2212-AVET9-P,520,EMERGING,11500,0.3,0.0,0,1
GT-RJD-2310-VQ5TT-A,945,PRIME,96000,0.1436,129800.0,1,0
GT-TNF-2307-2ZEYM-Y,702,RELIABLE,27500,0.2334,26700.0,1,0
GT-TGR-2401-6DZ3W-O,600,EMERGING,11500,0.3,0.0,0,1
GT-WBD-2102-21X47-D,698,RELIABLE,24000,0.2347,24500.0,1,0
GT-KLD-2207-S0FVZ-7,777,RELIABLE,20500,0.2139,0.0,0,0
GT-UPW-2112-WN0QD-N,910,PRIME,130000,0.1462,114100.0,1,0
GT-GJD-2104-BC8J5-L,814,STRONG,64000,0.1772,55100.0,1,0
GT-TNR-2106-M76XH-4,643,EMERGING,15500,0.2966,11200.0,1,0
GT-TGH-2110-629A3-8,645,EMERGING,15000,0.2957,13000.0,1,0
GT-MHW-2401-4SAAS-T,689,RELIABLE,23500,0.2379,0.0,0,0
GT-TNR-2108-HYV5A-D,733,RELIABLE,28000,0.2242,27400.0,1,1
GT-RJR-2301-MHSE2-B,597,EMERGING,9500,0.3,0.0,0,1
GT-KAD-2307-FW6RT-M,844,STRONG,55000,0.1729,58200.0,1,0
GT-MHR-2210-EFJ3P-M,651,RELIABLE,15000,0.253,0.0,0,0
GT-WBD-2106-6ZWWH-T,887,STRONG,53500,0.1682,57800.0,1,0
GT-UPD-2107-EM6R3-C,887,STRONG,60000,0.1682,68300.0,1,0
GT-KLD-2310-C1PMK-P,600,EMERGING,13000,0.3,12200.0,1,0
GT-WBF-2306-CW6PB-G,765,RELIABLE,30000,0.2164,29500.0,1,0
GT-GJD-2103-P2A6E-U,642,EMERGING,8500,0.2971,7000.0,1,0
GT-DLD-2105-73N5E-1,773,RELIABLE,35500,0.2146,33700.0,1,0
GT-TGC-2101-45Z3J-8,520,EMERGING,11500,0.3,0.0,0,0
GT-TND-2108-4Z7KG-2,678,RELIABLE,17500,0.2419,15400.0,1,0
GT-MHF-2301-B2AK8-I,708,RELIABLE,22500,0.2314,25200.0,1,0
GT-TNR-2108-RN7H7-A,679,RELIABLE,26500,0.2415,29500.0,1,0
GT-DLR-2202-28V8Y-6,750,RELIABLE,25500,0.2198,28800.0,1,0
GT-WBD-2103-Q48Q9-L,839,STRONG,54500,0.1736,62100.0,1,0
GT-UPD-2212-Q2DNQ-O,600,EMERGING,9500,0.3,7000.0,1,0
GT-KLW-2312-W42WP-N,883,STRONG,71000,0.1686,69300.0,1,0
GT-RJR-2204-DMQV2-A,607,EMERGING,8500,0.3,0.0,0,1
GT-TND-2211-61CHS-4,883,STRONG,63000,0.1686,59300.0,1,1
GT-KLR-2209-NFRVG-0,688,RELIABLE,21500,0.2382,18300.0,1,0
GT-KLR-2104-F16QK-4,725,RELIABLE,29000,0.2264,26100.0,1,1
GT-WBD-2205-H4EZM-P,695,RELIABLE,23000,0.2358,26100.0,1,0
GT-DLR-2105-NPH09-W,788,RELIABLE,27000,0.2117,29600.0,1,0
GT-UPR-2305-05KGS-A,843,STRONG,47500,0.1731,54900.0,1,0
GT-MHF-2209-SVPKA-K,867,STRONG,55500,0.1702,60500.0,1,0
GT-TNW-2312-1CGTM-A,881,STRONG,52000,0.1687,57600.0,1,0
GT-WBR-2304-NQ347-O,600,EMERGING,12500,0.3,0.0,0,0
GT-RJC-2303-JJG8C-3,728,RELIABLE,20500,0.2256,0.0,0,0
GT-KLR-2101-3T0GB-8,698,RELIABLE,20500,0.2347,0.0,0,1
GT-RJR-2202-9PXWJ-3,687,RELIABLE,26000,0.2386,25800.0,1,0
GT-TGF-2312-DPSBY-A,520,EMERGING,11000,0.3,0.0,0,1
GT-KAF-2111-04B00-G,724,RELIABLE,22000,0.2266,27900.0,1,0
GT-UPD-2206-SGPTW-X,748,RELIABLE,25000,0.2203,20800.0,1,0
GT-RJH-2201-PTQ60-K,598,EMERGING,8500,0.3,8300.0,1,1
GT-TGH-2205-SWXD7-D,710,RELIABLE,30500,0.2308,31000.0,1,0
GT-WBD-2202-E866R-T,895,STRONG,89500,0.1674,80400.0,1,0
GT-RJR-2106-M9XST-9,830,STRONG,47000,0.1748,39000.0,1,0
GT-MHW-2306-0TAHQ-T,673,RELIABLE,18500,0.2438,16800.0,1,1
GT-RJC-2105-J2R2T-4,668,RELIABLE,20000,0.2458,26500.0,1,1
GT-WBF-2302-6093D-4,814,STRONG,52000,0.1772,43700.0,1,1
GT-GJD-2310-QJKMC-D,534,EMERGING,7000,0.3,0.0,0,1
GT-MHF-2309-2H9S2-J,836,STRONG,50000,0.174,44800.0,1,0
GT-GJD-2205-HR2RT-J,745,RELIABLE,20000,0.2211,18900.0,1,1
GT-DLF-2212-5P7XB-S,680,RELIABLE,51500,0.2411,42600.0,1,0
GT-WBF-2210-RX3Y0-8,640,EMERGING,10000,0.298,9100.0,1,0
GT-WBF-2311-6QZZN-F,825,STRONG,46500,0.1755,45900.0,1,1
GT-KLD-2309-87X6W-W,751,RELIABLE,37500,0.2196,35500.0,1,0
GT-GJR-2309-8C9EN-8,688,RELIABLE,24500,0.2382,0.0,0,1
GT-WBF-2210-VAN93-1,646,EMERGING,9500,0.2953,11100.0,1,1
GT-TGD-2205-GY4R9-9,779,RELIABLE,27500,0.2134,22100.0,1,0
GT-TND-2312-GA9Y4-B,818,STRONG,36000,0.1766,30700.0,1,0
GT-GJD-2111-SA8T2-L,897,STRONG,62500,0.1672,57300.0,1,0
GT-RJC-2210-AD7YA-Q,849,STRONG,65000,0.1723,63800.0,1,0
GT-WBR-2105-ETZX2-T,714,RELIABLE,36500,0.2296,38400.0,1,0
GT-GJF-2101-CJ6GJ-R,683,RELIABLE,22000,0.24,16900.0,1,0
GT-TNR-2302-BCBAK-U,617,EMERGING,11000,0.3,10300.0,1,1
GT-WBW-2102-A45B9-L,680,RELIABLE,35000,0.2411,38600.0,1,0
GT-WBR-2310-GSAHT-3,648,EMERGING,11500,0.2943,11000.0,1,1
GT-GJD-2202-SPWBK-A,803,STRONG,59000,0.179,72500.0,1,1
GT-TND-2204-75WY2-S,778,RELIABLE,28000,0.2136,26600.0,1,0
GT-TND-2109-RXWRQ-L,785,RELIABLE,46000,0.2122,46900.0,1,0
GT-TNW-2401-RD5XP-6,600,EMERGING,14000,0.3,11400.0,1,0
GT-TGF-2106-Z8G3M-3,819,STRONG,65000,0.1764,72900.0,1,0
GT-DLW-2109-X7C2T-O,725,RELIABLE,26500,0.2264,32100.0,1,0
GT-MHF-2402-N54ZH-3,776,RELIABLE,23500,0.214,21600.0,1,1
GT-WBW-2304-D4GB7-T,763,RELIABLE,34500,0.2168,37700.0,1,0
GT-RJH-2112-SCYSV-0,764,RELIABLE,27500,0.2166,33100.0,1,0
GT-KAF-2106-ZTR0N-H,700,RELIABLE,27500,0.2341,28100.0,1,0
GT-GJD-2204-G91VD-Z,760,RELIABLE,29000,0.2175,30600.0,1,0
GT-RJD-2401-G82TQ-Z,772,RELIABLE,34500,0.2149,40600.0,1,0
GT-RJF-2106-7AFJV-L,775,RELIABLE,30000,0.2142,25900.0,1,0
GT-RJW-2207-JD5F6-D,721,RELIABLE,26500,0.2275,22700.0,1,0
GT-TNR-2208-TZC78-R,667,RELIABLE,18000,0.2462,0.0,0,1
GT-MHD-2401-THM21-A,895,STRONG,58000,0.1674,58300.0,1,0
GT-KLF-2308-9K8KV-J,883,STRONG,71500,0.1686,66700.0,1,0
GT-GJR-2205-TMW80-2,806,STRONG,70500,0.1785,65200.0,1,0
GT-TND-2107-HA8WQ-3,708,RELIABLE,26000,0.2314,23000.0,1,0
GT-RJC-2401-WWH2Q-C,764,RELIABLE,33500,0.2166,26600.0,1,0
GT-TNR-2101-1EAMS-P,878,STRONG,60500,0.169,57800.0,1,0
GT-UPD-2311-42FKC-P,742,RELIABLE,30000,0.2218,35900.0,1,0
GT-KLD-2310-YJ85X-O,600,EMERGING,10500,0.3,0.0,0,0
GT-UPR-2311-EZ621-G,879,STRONG,78000,0.169,73300.0,1,0
GT-GJR-2103-JF6M9-H,680,RELIABLE,29500,0.2411,28800.0,1,0
GT-MHD-2207-42MJJ-I,839,STRONG,59500,0.1736,67300.0,1,0
GT-KLF-2212-2F11E-3,600,EMERGING,11500,0.3,12900.0,1,0
GT-TGF-2107-PHQB4-L,763,RELIABLE,28000,0.2168,24200.0,1,0
GT-GJD-2208-Q3X62-Y,879,STRONG,77500,0.169,77800.0,1,0
GT-GJR-2207-GQK4B-T,723,RELIABLE,25000,0.2269,25200.0,1,0
GT-DLR-2206-4P37K-V,742,RELIABLE,43500,0.2218,47900.0,1,0
GT-GJD-2209-3XQYS-J,683,RELIABLE,19000,0.24,0.0,0,0
GT-TND-2107-VZGDD-F,823,STRONG,60500,0.1758,73600.0,1,0
GT-TND-2301-VG68C-T,600,EMERGING,9500,0.3,0.0,0,0
GT-RJR-2403-X5ZB8-B,753,RELIABLE,23000,0.2191,22000.0,1,0
GT-UPW-2303-T1HQ3-0,660,RELIABLE,19500,0.2491,19000.0,1,1
GT-TGR-2103-T1BDD-W,908,PRIME,85500,0.1463,86800.0,1,0
GT-KAH-2109-V31PJ-A,885,STRONG,63000,0.1684,58900.0,1,0
GT-UPR-2206-WB621-1,768,RELIABLE,27000,0.2157,28300.0,1,0
GT-UPF-2204-FFKF0-6,664,RELIABLE,17500,0.2474,15000.0,1,0
GT-MHR-2212-BJQ6Z-L,884,STRONG,52500,0.1684,56200.0,1,0
GT-UPW-2305-NQKA3-U,704,RELIABLE,23000,0.2328,22500.0,1,0
GT-TNC-2205-PM1SE-J,646,EMERGING,10000,0.2953,0.0,0,1
GT-UPR-2210-JWP8N-S,652,RELIABLE,21000,0.2526,23300.0,1,0
GT-RJR-2105-1VCE2-Z,694,RELIABLE,25000,0.2361,19000.0,1,0
GT-UPH-2302-W2CDP-N,665,RELIABLE,12000,0.247,0.0,0,1
GT-KLH-2403-0VD43-J,702,RELIABLE,19000,0.2334,15300.0,1,1
GT-KAH-2403-2B89G-1,600,EMERGING,27000,0.3,27500.0,1,0
GT-TND-2203-45DFB-3,717,RELIABLE,29000,0.2287,29600.0,1,0
GT-KAD-2102-XPG8D-V,787,RELIABLE,36500,0.2119,32100.0,1,0
GT-MHR-2110-GP7RW-W,520,EMERGING,12000,0.3,0.0,0,1
GT-TNW-2304-9M86H-Y,761,RELIABLE,32000,0.2173,24900.0,1,0
GT-KAD-2103-D8V29-Z,881,STRONG,58000,0.1687,58500.0,1,0
GT-TNR-2207-Z3M98-P,600,EMERGING,12500,0.3,0.0,0,0
GT-MHF-2207-02XE9-S,520,EMERGING,20000,0.3,17600.0,1,0
GT-MHD-2309-8NW8R-X,656,RELIABLE,20000,0.2508,0.0,0,0
GT-RJW-2110-A6NZ7-M,840,STRONG,62500,0.1735,58700.0,1,0
GT-UPD-2201-DMKBY-F,738,RELIABLE,30000,0.2229,30600.0,1,0
GT-TGC-2209-A2KPB-F,838,STRONG,52000,0.1737,61700.0,1,0
GT-WBR-2403-32XEA-C,720,RELIABLE,25000,0.2278,20300.0,1,1
GT-DLF-2101-E9N9V-G,812,STRONG,64000,0.1775,64500.0,1,1
GT-TGR-2106-TZ3ZA-V,811,STRONG,68000,0.1777,87500.0,1,0
GT-UPD-2402-1YY4Y-3,727,RELIABLE,24000,0.2258,22100.0,1,0
GT-WBR-2301-D2JY0-N,838,STRONG,44000,0.1737,46700.0,1,0
GT-UPC-2404-P5A2A-A,674,RELIABLE,20500,0.2434,19800.0,1,1
GT-TGR-2302-RPAGZ-1,833,STRONG,58000,0.1744,67000.0,1,0
GT-TND-2310-VFP76-3,729,RELIABLE,16500,0.2253,15400.0,1,1
GT-RJF-2402-GNXWT-H,798,RELIABLE,40000,0.2099,45100.0,1,0
GT-KLD-2109-TSFS6-2,727,RELIABLE,20500,0.2258,0.0,0,0
GT-DLR-2304-KABM7-A,747,RELIABLE,26000,0.2205,24800.0,1,0
GT-TGR-2307-RPJJS-O,655,RELIABLE,17500,0.2512,0.0,0,1
GT-UPR-2301-XN7F2-A,809,STRONG,45000,0.178,46100.0,1,0
GT-DLD-2309-2EWRG-M,777,RELIABLE,27000,0.2139,28500.0,1,0
GT-UPD-2111-3M966-B,732,RELIABLE,27000,0.2244,25400.0,1,0
GT-RJD-2210-J059A-C,803,STRONG,50000,0.179,45600.0,1,1
GT-DLR-2303-T2E3E-0,800,STRONG,51500,0.1795,50700.0,1,0
GT-MHF-2102-GRNN0-6,718,RELIABLE,19000,0.2284,18800.0,1,1
GT-KLF-2109-WV9J6-C,772,RELIABLE,25500,0.2149,33500.0,1,0
GT-KLD-2301-R8HG2-C,658,RELIABLE,21000,0.2499,0.0,0,1
GT-RJD-2108-EWFVK-V,905,PRIME,101500,0.1466,100800.0,1,0
GT-GJF-2110-WB6FT-A,838,STRONG,59500,0.1737,70000.0,1,0
GT-KAR-2208-G06QD-0,600,EMERGING,20000,0.3,0.0,0,1
GT-KLW-2203-RE6R8-L,843,STRONG,53000,0.1731,55000.0,1,0
GT-MHD-2105-W51CM-5,561,EMERGING,8500,0.3,0.0,0,1
GT-MHD-2302-Q5FNE-W,525,EMERGING,6000,0.3,0.0,0,1
GT-UPR-2208-VDYJM-Q,705,RELIABLE,27000,0.2324,27500.0,1,0
GT-TNF-2301-8Z51E-O,651,RELIABLE,22000,0.253,22400.0,1,0
GT-RJR-2107-Y1QWT-2,718,RELIABLE,32500,0.2284,36600.0,1,0
GT-RJD-2208-RABJ3-8,781,RELIABLE,35000,0.213,36600.0,1,0
GT-RJD-2301-C6GRV-A,813,STRONG,67000,0.1774,65500.0,1,1
GT-RJF-2101-R67QG-T,625,EMERGING,9500,0.3,8100.0,1,1
GT-WBD-2309-WZZWB-D,812,STRONG,52000,0.1775,43000.0,1,0
GT-RJF-2203-KNJ2S-X,735,RELIABLE,31000,0.2236,27600.0,1,0
GT-KLD-2203-V7FV6-L,680,RELIABLE,24000,0.2411,22400.0,1,0
GT-DLD-2206-5WW0W-W,741,RELIABLE,23000,0.2221,19100.0,1,1
GT-TGD-2205-VQAMG-1,820,STRONG,51500,0.1763,43500.0,1,0
GT-GJH-2307-WSQSR-6,753,RELIABLE,28000,0.2191,33100.0,1,1
GT-RJD-2204-2T2E8-L,883,STRONG,68000,0.1686,61900.0,1,0
GT-TND-2204-A1NBQ-I,600,EMERGING,12500,0.3,13200.0,1,0
GT-DLW-2302-1YBQK-R,826,STRONG,47000,0.1754,42900.0,1,0
GT-TND-2104-F04A6-J,746,RELIABLE,29000,0.2208,24700.0,1,0
GT-UPD-2310-60EYZ-1,708,RELIABLE,24500,0.2314,0.0,0,0
GT-WBD-2305-HMAP9-F,795,RELIABLE,32000,0.2104,31100.0,1,0
GT-DLF-2402-05SGG-M,738,RELIABLE,23000,0.2229,21200.0,1,1
GT-UPR-2203-HXYC4-C,550,EMERGING,5000,0.3,0.0,0,1
GT-GJC-2211-ZD9P0-A,498,BUILDING,0,0.3,0.0,0,1
GT-WBW-2109-HYX80-6,828,STRONG,53500,0.1751,42400.0,1,0
GT-GJR-2308-M3JJ8-U,879,STRONG,66500,0.169,76700.0,1,0
GT-DLD-2111-JE1B7-K,910,PRIME,90000,0.1462,82500.0,1,0
GT-MHW-2402-VCAS2-O,760,RELIABLE,28500,0.2175,28400.0,1,0
GT-RJC-2312-X0AZB-G,600,EMERGING,10500,0.3,0.0,0,1
GT-GJW-2107-ZGQ0G-E,759,RELIABLE,40000,0.2177,47500.0,1,0
GT-KLD-2305-RJB31-O,765,RELIABLE,30500,0.2164,35900.0,1,1
GT-KLF-2304-VYNMX-Z,661,RELIABLE,20000,0.2487,13100.0,1,0
GT-TNF-2206-QHFCF-4,905,PRIME,66500,0.1466,69500.0,1,0
GT-TGH-2102-Z1YJ7-Q,939,PRIME,150000,0.1441,156900.0,1,0
GT-RJD-2105-H2ZG0-1,793,RELIABLE,26000,0.2107,26900.0,1,0
GT-KAW-2301-9PQPX-H,796,RELIABLE,26000,0.2102,23000.0,1,1
GT-RJF-2303-9VC6E-F,618,EMERGING,8000,0.3,0.0,0,0
GT-MHC-2403-K2MFZ-W,863,STRONG,68000,0.1707,67200.0,1,0
GT-DLF-2101-QQRVJ-4,745,RELIABLE,31000,0.2211,36100.0,1,0
GT-TGC-2103-G65B4-T,694,RELIABLE,27500,0.2361,27300.0,1,0
GT-UPR-2206-3G2D3-C,600,EMERGING,18000,0.3,0.0,0,0
GT-TND-2201-SDCA8-X,716,RELIABLE,19500,0.229,18800.0,1,0
GT-KLR-2112-Y9BJA-B,782,RELIABLE,44000,0.2128,42600.0,1,1
GT-UPW-2111-KWH26-7,637,EMERGING,10000,0.2995,10000.0,1,0
GT-UPD-2208-4MMEJ-D,860,STRONG,71500,0.171,74100.0,1,0
GT-UPF-2107-FHSFG-Q,759,RELIABLE,27000,0.2177,27500.0,1,0
GT-KAH-2202-GPVV3-R,834,STRONG,54000,0.1743,47900.0,1,0
GT-RJC-2102-91VXH-F,741,RELIABLE,32000,0.2221,29300.0,1,0
GT-GJF-2304-26X2S-W,680,RELIABLE,16000,0.2411,21100.0,1,1
GT-MHW-2110-NGTHW-M,619,EMERGING,11500,0.3,11300.0,1,0
GT-UPD-2201-4ZR86-U,781,RELIABLE,32500,0.213,27600.0,1,0
GT-MHR-2310-FY1VN-D,705,RELIABLE,22500,0.2324,21000.0,1,1
GT-GJR-2106-ZWMJQ-8,730,RELIABLE,37000,0.225,32000.0,1,0
GT-WBW-2111-FT9PT-U,600,EMERGING,14000,0.3,0.0,0,0
GT-KAD-2212-5F1C4-V,756,RELIABLE,16500,0.2184,12000.0,1,1
GT-TND-2212-6Q9H3-Z,520,EMERGING,7500,0.3,0.0,0,0
GT-MHF-2301-WT93K-E,737,RELIABLE,28000,0.2231,33000.0,1,0
GT-KLR-2308-NAZ6Z-B,823,STRONG,67500,0.1758,81300.0,1,0
GT-RJC-2107-WSAVH-H,752,RELIABLE,26000,0.2193,28700.0,1,0
GT-KLR-2202-C19CK-J,600,EMERGING,21500,0.3,0.0,0,0
GT-TGC-2201-NJFHB-Y,709,RELIABLE,18000,0.2311,18500.0,1,0
GT-TNR-2105-1E864-I,732,RELIABLE,26000,0.2244,27600.0,1,0
GT-KLW-2404-EXVHA-H,663,RELIABLE,22000,0.2478,0.0,0,1
GT-TNW-2203-SZBPK-O,785,RELIABLE,33000,0.2122,37100.0,1,0
GT-TGD-2109-7EJWT-3,836,STRONG,44000,0.174,30500.0,1,0
GT-MHD-2310-Z73JT-9,697,RELIABLE,18000,0.235,12500.0,1,0
GT-RJC-2103-2T3E8-M,600,EMERGING,13000,0.3,0.0,0,1
GT-MHD-2108-7KB71-U,650,RELIABLE,17000,0.2534,19900.0,1,0
GT-KAF-2308-Z1N5W-Q,843,STRONG,62500,0.1731,65800.0,1,0
GT-RJD-2402-XEVBG-9,756,RELIABLE,28000,0.2184,31100.0,1,0
GT-RJW-2112-80ZW0-N,699,RELIABLE,15500,0.2344,17800.0,1,1
GT-RJD-2104-XT5SP-C,753,RELIABLE,31000,0.2191,34200.0,1,0
GT-RJF-2401-NQX0S-Y,662,RELIABLE,23500,0.2482,0.0,0,1
GT-MHR-2401-T7SAX-T,520,EMERGING,10500,0.3,0.0,0,0
GT-TND-2304-2ZNYC-5,520,EMERGING,8500,0.3,0.0,0,1
GT-UPR-2101-XP7RR-J,520,EMERGING,10500,0.3,0.0,0,1
GT-TNC-2310-X7ARC-7,871,STRONG,75500,0.1698,48100.0,1,0
GT-UPF-2107-X6X3G-2,696,RELIABLE,20500,0.2354,0.0,0,0
GT-KLH-2110-K0Y31-B,788,RELIABLE,22000,0.2117,19300.0,1,0
GT-KLW-2204-4E164-Y,681,RELIABLE,17500,0.2407,16900.0,1,0
GT-UPF-2307-8J592-9,844,STRONG,66000,0.1729,68200.0,1,0
GT-UPR-2210-W536Q-Y,682,RELIABLE,18500,0.2404,15000.0,1,0
GT-WBH-2310-FCBXP-L,732,RELIABLE,22500,0.2244,24400.0,1,0
GT-KAR-2201-PW556-T,600,EMERGING,15500,0.3,0.0,0,0
GT-TGR-2204-86YAG-I,927,PRIME,115000,0.1448,126000.0,1,0
GT-KLW-2308-2BRCG-P,794,RELIABLE,48500,0.2106,59000.0,1,0
GT-KLH-2305-JSDZ5-J,728,RELIABLE,24000,0.2256,0.0,0,1
GT-DLR-2108-G5QRK-V,768,RELIABLE,35500,0.2157,31300.0,1,0
GT-UPD-2209-2GTNX-7,923,PRIME,96500,0.1451,112100.0,1,0
GT-TNF-2205-DXTWW-4,603,EMERGING,9000,0.3,0.0,0,0
GT-TGW-2103-W8JAC-2,716,RELIABLE,19500,0.229,19200.0,1,1
GT-GJR-2209-NX25R-8,736,RELIABLE,39000,0.2233,36600.0,1,0
GT-TGW-2310-QZ10J-I,600,EMERGING,12000,0.3,0.0,0,1
GT-GJR-2305-J1VX8-3,712,RELIABLE,20500,0.2302,23900.0,1,0
GT-KAD-2207-G0FWT-U,660,RELIABLE,17500,0.2491,15600.0,1,1
GT-DLF-2201-GESX3-T,884,STRONG,71000,0.1684,70400.0,1,0
GT-RJR-2108-VZMM1-C,684,RELIABLE,18000,0.2397,18200.0,1,1
GT-GJW-2108-KC5T5-B,791,RELIABLE,36000,0.2112,38300.0,1,0
GT-RJD-2203-C6DHN-5,894,STRONG,70000,0.1675,74500.0,1,0
GT-KLW-2203-2JK5A-K,722,RELIABLE,30500,0.2272,28500.0,1,0
GT-TND-2209-D367A-5,669,RELIABLE,18000,0.2454,19100.0,1,0
GT-DLH-2308-PWWX8-0,649,EMERGING,10500,0.2939,0.0,0,0
GT-TNW-2109-K8G48-Q,751,RELIABLE,25000,0.2196,26100.0,1,0
GT-WBD-2201-KTX0X-7,715,RELIABLE,20500,0.2293,15600.0,1,1
GT-DLH-2103-QKKBB-L,745,RELIABLE,31500,0.2211,29600.0,1,0
GT-TNR-2108-571GT-3,635,EMERGING,11000,0.3,12300.0,1,1
GT-MHR-2303-V3FA5-4,846,STRONG,44500,0.1727,48600.0,1,0
GT-TNC-2302-T2THJ-C,760,RELIABLE,31000,0.2175,28900.0,1,0
GT-KLC-2209-4VR90-K,740,RELIABLE,33000,0.2223,30500.0,1,0
GT-TGF-2402-RD8R3-A,680,RELIABLE,49500,0.2411,55600.0,1,0
GT-UPH-2310-6GNDZ-J,780,RELIABLE,38000,0.2133,46100.0,1,1
GT-TGD-2110-DM8J3-7,520,EMERGING,14500,0.3,0.0,0,1
GT-TGD-2108-HGT0W-O,726,RELIABLE,25000,0.2261,26600.0,1,1
GT-GJD-2103-CBJ5C-Y,755,RELIABLE,36000,0.2186,33000.0,1,0
GT-MHR-2206-7FEEB-P,745,RELIABLE,28000,0.2211,26600.0,1,0
GT-TNF-2109-YA57N-1,699,RELIABLE,21500,0.2344,16800.0,1,0
GT-MHD-2403-W472Y-F,581,EMERGING,7000,0.3,7100.0,1,0
GT-MHR-2107-XW646-R,729,RELIABLE,26000,0.2253,30500.0,1,0
GT-UPD-2109-BMB9B-8,837,STRONG,61000,0.1738,49200.0,1,0
GT-MHR-2208-NZH5C-7,761,RELIABLE,24000,0.2173,22500.0,1,1
GT-DLW-2102-HENWH-T,860,STRONG,50500,0.171,53500.0,1,0
GT-WBD-2402-FTJ3E-7,902,PRIME,79500,0.1468,72800.0,1,0
GT-TNF-2201-JQF40-G,801,STRONG,58500,0.1794,54100.0,1,0
GT-MHW-2108-1JJXG-N,858,STRONG,66000,0.1712,62000.0,1,0
GT-KLR-2310-2FKFE-B,806,STRONG,65500,0.1785,62700.0,1,0
GT-KLC-2110-FN238-J,872,STRONG,61000,0.1697,66000.0,1,0
GT-WBH-2312-8E4MQ-I,859,STRONG,55000,0.1711,51100.0,1,0
GT-WBD-2402-MPM46-5,856,STRONG,71000,0.1714,65900.0,1,0
GT-RJF-2108-Z1QYQ-F,819,STRONG,42500,0.1764,44200.0,1,0
GT-KLD-2201-Z8EAE-L,759,RELIABLE,34000,0.2177,36600.0,1,0
GT-MHR-2206-0HBTV-N,758,RELIABLE,22500,0.2179,23100.0,1,0
GT-KAF-2110-6NR3Z-N,705,RELIABLE,25000,0.2324,22300.0,1,0
GT-TNF-2104-2XYPH-K,799,RELIABLE,38500,0.2097,40800.0,1,1
GT-TNC-2203-WXQ5A-C,702,RELIABLE,19500,0.2334,15000.0,1,0
GT-RJF-2212-QFR0H-1,737,RELIABLE,37000,0.2231,28300.0,1,0
GT-WBW-2107-52T7P-M,580,EMERGING,6000,0.3,0.0,0,1
GT-RJF-2101-1DG9M-P,892,STRONG,66000,0.1677,83700.0,1,0
GT-GJD-2209-HJN83-G,600,EMERGING,14000,0.3,0.0,0,0
GT-UPD-2111-2433S-1,772,RELIABLE,20500,0.2149,19100.0,1,0
GT-KLR-2403-89ET1-S,861,STRONG,55500,0.1709,63800.0,1,0
GT-WBF-2310-6B66B-0,600,EMERGING,14500,0.3,0.0,0,1
GT-UPD-2209-XNGB7-T,868,STRONG,73000,0.1701,60700.0,1,0
GT-DLR-2211-8M79D-Y,623,EMERGING,11000,0.3,0.0,0,1
GT-DLD-2404-Z7PFH-Q,917,PRIME,84500,0.1456,111800.0,1,0
GT-WBR-2208-S121A-Z,823,STRONG,49500,0.1758,45500.0,1,0
GT-KLR-2304-65647-T,600,EMERGING,27500,0.3,32200.0,1,0
GT-KAD-2204-B21DE-B,858,STRONG,51500,0.1712,51600.0,1,0
GT-WBD-2311-BD5JV-9,520,EMERGING,14000,0.3,0.0,0,1
GT-DLD-2111-1M0NV-Q,740,RELIABLE,23500,0.2223,23500.0,1,0
GT-RJR-2303-ZT06V-D,867,STRONG,53500,0.1702,65100.0,1,0
GT-WBC-2208-A4WY0-A,623,EMERGING,8000,0.3,8300.0,1,0
GT-KAD-2112-YVE5H-K,835,STRONG,65000,0.1741,60200.0,1,0
GT-KAR-2107-FZJGQ-X,756,RELIABLE,26000,0.2184,27400.0,1,0
GT-GJR-2102-0PAWJ-8,907,PRIME,96000,0.1464,82000.0,1,0
GT-DLF-2307-E65BF-7,653,RELIABLE,24500,0.2521,0.0,0,1
GT-KAD-2207-HJ6VJ-C,858,STRONG,60500,0.1712,52300.0,1,0
GT-MHD-2104-9TKKW-Y,705,RELIABLE,28500,0.2324,28900.0,1,0
GT-MHC-2401-21012-I,749,RELIABLE,33000,0.22,37900.0,1,0
GT-TNH-2308-NQMGD-H,600,EMERGING,10000,0.3,10900.0,1,1
GT-UPR-2304-NEX47-K,670,RELIABLE,16500,0.245,14100.0,1,0
GT-RJF-2306-WEX4F-B,768,RELIABLE,31500,0.2157,31300.0,1,0
GT-WBD-2301-4J89Y-H,672,RELIABLE,19000,0.2442,19400.0,1,1
GT-KLD-2302-TV8RE-3,767,RELIABLE,31000,0.2159,32800.0,1,0
GT-UPD-2201-81RWX-D,520,EMERGING,14000,0.3,0.0,0,0
GT-MHW-2207-7QV2X-C,688,RELIABLE,17500,0.2382,18500.0,1,1
GT-UPD-2106-V7JSB-L,653,RELIABLE,19500,0.2521,20800.0,1,0
GT-DLD-2301-M1F6R-Z,784,RELIABLE,34500,0.2125,38800.0,1,0
GT-KLD-2212-ZC9EE-K,708,RELIABLE,25500,0.2314,23300.0,1,0
GT-RJD-2305-Z05T6-0,774,RELIABLE,36000,0.2145,36400.0,1,0
GT-KAR-2402-Y8F0D-3,814,STRONG,57500,0.1772,47700.0,1,0
GT-MHR-2205-F83HB-0,883,STRONG,73000,0.1686,63800.0,1,0
GT-TGR-2110-YHJ93-E,743,RELIABLE,27500,0.2215,28400.0,1,0
GT-UPR-2312-7J6X6-4,709,RELIABLE,21500,0.2311,23200.0,1,0
GT-WBR-2312-Y2KY2-7,749,RELIABLE,26500,0.22,28100.0,1,0
GT-KAW-2312-2X1JW-7,822,STRONG,52000,0.176,51600.0,1,0
GT-GJD-2306-0YF78-9,640,EMERGING,10000,0.298,0.0,0,1
GT-GJD-2204-7XSNX-D,724,RELIABLE,23000,0.2266,27000.0,1,1
GT-KLC-2311-5BY64-O,640,EMERGING,11000,0.298,12300.0,1,1
GT-DLF-2207-AF76C-E,722,RELIABLE,27000,0.2272,21700.0,1,0
GT-KAR-2208-Q3DNB-5,686,RELIABLE,28000,0.2389,29100.0,1,1
GT-UPD-2204-3WVN7-7,831,STRONG,58500,0.1747,76100.0,1,0
GT-UPD-2202-KPDXN-B,649,EMERGING,11000,0.2939,10900.0,1,1
GT-WBD-2101-40QDG-Y,669,RELIABLE,21500,0.2454,0.0,0,1
GT-GJC-2307-0DKY2-4,694,RELIABLE,23000,0.2361,24100.0,1,1
GT-MHF-2107-RDFQT-J,751,RELIABLE,34000,0.2196,32900.0,1,0
GT-MHD-2205-90PEB-S,666,RELIABLE,18000,0.2466,0.0,0,1
GT-TGD-2304-6VP0D-8,727,RELIABLE,21000,0.2258,21400.0,1,1
GT-RJD-2312-A86JS-7,717,RELIABLE,21000,0.2287,0.0,0,0
GT-WBD-2101-ZKS9X-O,600,EMERGING,20500,0.3,0.0,0,0
GT-GJR-2301-QRPBW-O,767,RELIABLE,36500,0.2159,35800.0,1,0
GT-KLR-2301-TSY39-A,643,EMERGING,13000,0.2966,12600.0,1,0
GT-TNC-2205-7C527-Q,848,STRONG,65500,0.1725,79400.0,1,0
GT-TGF-2301-2M953-2,600,EMERGING,18000,0.3,15300.0,1,0
GT-GJC-2402-RRYZD-W,751,RELIABLE,34000,0.2196,38400.0,1,1
GT-MHC-2307-3XYPN-N,758,RELIABLE,26500,0.2179,29900.0,1,0
GT-TGC-2312-2SW31-R,761,RELIABLE,30500,0.2173,39700.0,1,0
GT-WBH-2207-QT513-U,827,STRONG,49500,0.1752,48900.0,1,0
GT-TND-2211-XWHCZ-7,686,RELIABLE,23500,0.2389,24400.0,1,1
GT-DLD-2402-WRA38-3,600,EMERGING,11500,0.3,0.0,0,0
GT-TGD-2306-161PW-Q,600,EMERGING,19000,0.3,0.0,0,0
GT-RJF-2211-EW0Y9-B,902,PRIME,95000,0.1468,86900.0,1,0
GT-TGF-2212-4NMXE-Q,896,STRONG,93500,0.1674,92000.0,1,0
GT-RJD-2205-0EV5F-B,793,RELIABLE,36000,0.2107,36600.0,1,0
GT-GJW-2308-YFP6T-J,750,RELIABLE,25000,0.2198,25900.0,1,0
GT-MHW-2312-20R7X-H,680,RELIABLE,25500,0.2411,18800.0,1,1
GT-KLF-2206-GS5FS-H,759,RELIABLE,26000,0.2177,27900.0,1,0
GT-WBR-2110-H2BN6-W,848,STRONG,54000,0.1725,46800.0,1,0
GT-WBD-2301-N07Z7-S,826,STRONG,44500,0.1754,28100.0,1,0
GT-GJR-2105-XJ460-L,730,RELIABLE,20000,0.225,19800.0,1,0
GT-KAD-2308-Z50YP-K,656,RELIABLE,19500,0.2508,0.0,0,0
GT-DLF-2106-Q90PX-D,600,EMERGING,10000,0.3,0.0,0,1
GT-UPD-2104-Y7937-Z,784,RELIABLE,38500,0.2125,36600.0,1,0
GT-GJD-2210-N8BZB-3,675,RELIABLE,16000,0.243,0.0,0,1
GT-TNR-2402-H20H2-7,858,STRONG,51500,0.1712,58600.0,1,0
GT-TGF-2111-W2EY7-M,672,RELIABLE,23000,0.2442,24700.0,1,1
GT-GJR-2209-DZ2SS-2,745,RELIABLE,34500,0.2211,41000.0,1,0
GT-TGH-2106-3D1X5-O,816,STRONG,57000,0.1769,60700.0,1,1
GT-TGD-2310-9B77D-I,597,EMERGING,11500,0.3,0.0,0,1
GT-WBC-2204-2T8TD-X,880,STRONG,80500,0.1689,78900.0,1,0
GT-DLD-2209-CF16Y-D,721,RELIABLE,26000,0.2275,27100.0,1,0
GT-WBD-2210-D1S1X-M,772,RELIABLE,43000,0.2149,37900.0,1,1
GT-GJH-2101-NJE5P-L,781,RELIABLE,29500,0.213,29500.0,1,0
GT-UPW-2102-BNMME-P,600,EMERGING,17500,0.3,15600.0,1,0
GT-GJF-2105-26HCF-B,754,RELIABLE,38000,0.2188,45100.0,1,0
GT-TGW-2107-DHAK5-F,800,STRONG,55500,0.1795,48100.0,1,0
GT-GJR-2201-ME61D-Q,600,EMERGING,23500,0.3,0.0,0,0
GT-UPW-2103-2AX58-Q,903,PRIME,98500,0.1468,121500.0,1,0
GT-TND-2308-ZP2KR-6,600,EMERGING,25500,0.3,0.0,0,0
GT-TGW-2311-VRW7D-U,870,STRONG,54500,0.1699,56600.0,1,0
GT-GJH-2107-169C3-D,812,STRONG,57000,0.1775,61300.0,1,0
GT-GJC-2109-N64P1-8,594,EMERGING,7500,0.3,0.0,0,1
GT-TGW-2403-YXHJX-V,969,PRIME,153000,0.1423,175500.0,1,0
GT-DLF-2110-41XNZ-1,719,RELIABLE,25000,0.2281,25500.0,1,1
GT-KLR-2301-X0819-D,856,STRONG,74500,0.1714,71100.0,1,0
GT-WBR-2312-VT36C-T,741,RELIABLE,29500,0.2221,19400.0,1,1
GT-WBC-2209-JRJ45-D,810,STRONG,63000,0.1779,50800.0,1,0
GT-TGF-2208-KSGC9-S,724,RELIABLE,29500,0.2266,25700.0,1,0
GT-UPR-2106-VGBGC-P,774,RELIABLE,34500,0.2145,26900.0,1,0
GT-TNW-2401-YZ54Q-X,724,RELIABLE,29500,0.2266,26500.0,1,1
GT-KLD-2312-2RT1K-U,880,STRONG,76500,0.1689,73800.0,1,0
GT-KAW-2108-W3WC9-1,811,STRONG,48500,0.1777,56100.0,1,0
GT-KAW-2107-Y3GF1-8,824,STRONG,67000,0.1757,76800.0,1,0
GT-WBD-2305-1N6DT-P,570,EMERGING,8500,0.3,0.0,0,0
GT-RJD-2104-7VRSH-Z,761,RELIABLE,26500,0.2173,23900.0,1,0
GT-KAF-2305-08724-6,600,EMERGING,13500,0.3,10600.0,1,1
GT-GJD-2304-0KQVS-9,735,RELIABLE,34000,0.2236,37600.0,1,0
GT-TNH-2402-5PDKQ-C,850,STRONG,71000,0.1722,81600.0,1,0
GT-KAD-2307-MWP04-A,696,RELIABLE,18000,0.2354,14800.0,1,0
GT-TND-2207-ZNY6N-3,600,EMERGING,19500,0.3,26100.0,1,1
GT-GJD-2112-F2E7Y-0,852,STRONG,56000,0.1719,62300.0,1,0
GT-GJW-2307-JW2R3-4,453,BUILDING,0,0.3,0.0,0,1
GT-RJR-2101-BXFBB-W,782,RELIABLE,35000,0.2128,27100.0,1,0
GT-KLC-2310-JWFTK-U,768,RELIABLE,28500,0.2157,36300.0,1,0
GT-KAH-2403-GZBSQ-B,706,RELIABLE,21500,0.2321,0.0,0,1
GT-RJF-2209-JRMVB-P,797,RELIABLE,34000,0.2101,34500.0,1,0
GT-KAD-2303-C6J73-W,850,STRONG,74000,0.1722,67400.0,1,0
GT-KLD-2103-5K74J-6,834,STRONG,49500,0.1743,37000.0,1,0
GT-UPC-2204-KR1TT-O,746,RELIABLE,24000,0.2208,22000.0,1,0
GT-KLD-2302-VQAXT-Z,797,RELIABLE,38000,0.2101,36200.0,1,0
GT-KAC-2102-GBBE9-L,809,STRONG,44000,0.178,26300.0,1,0
GT-KAC-2402-YFGT8-Q,765,RELIABLE,28500,0.2164,34600.0,1,1
GT-KLF-2108-X11EY-5,747,RELIABLE,33000,0.2205,34300.0,1,1
GT-DLF-2311-WXS2M-2,748,RELIABLE,26500,0.2203,33200.0,1,0
GT-TNH-2206-TNBM5-8,824,STRONG,39000,0.1757,47000.0,1,0
GT-DLW-2101-WJ99X-D,761,RELIABLE,26500,0.2173,30800.0,1,0
GT-MHF-2106-2CE82-3,655,RELIABLE,21500,0.2512,20100.0,1,0
GT-KAR-2110-S0VK6-N,657,RELIABLE,18000,0.2503,15000.0,1,0
GT-MHR-2207-XMSYR-Q,814,STRONG,59500,0.1772,58500.0,1,0
GT-RJR-2303-H0MFF-M,671,RELIABLE,19500,0.2446,0.0,0,1
GT-KAH-2401-824DA-G,600,EMERGING,16500,0.3,17600.0,1,0
GT-RJF-2111-BSZ27-N,840,STRONG,62500,0.1735,48700.0,1,0
GT-DLW-2101-XXR92-N,643,EMERGING,13500,0.2966,11200.0,1,1
GT-GJD-2212-W14XY-V,772,RELIABLE,30000,0.2149,24100.0,1,0
GT-DLC-2301-DVDE9-M,724,RELIABLE,25000,0.2266,27100.0,1,0
GT-RJR-2106-KAM83-Z,805,STRONG,58000,0.1787,51800.0,1,0
GT-KAW-2202-JBZVF-N,839,STRONG,56500,0.1736,62100.0,1,0
GT-UPD-2212-EAR6Y-D,625,EMERGING,10500,0.3,12300.0,1,0
GT-KLC-2306-MMNZ9-U,520,EMERGING,15500,0.3,0.0,0,1
GT-TGF-2206-JR0RM-N,600,EMERGING,20500,0.3,0.0,0,0
GT-TGR-2209-QSAP0-K,756,RELIABLE,27500,0.2184,27300.0,1,1
GT-MHD-2304-7B1YD-A,729,RELIABLE,18000,0.2253,19900.0,1,0
GT-RJD-2303-ACKPE-Y,782,RELIABLE,25500,0.2128,27700.0,1,0
GT-KLD-2301-YT77T-N,767,RELIABLE,31500,0.2159,29200.0,1,0
GT-TGD-2105-RYJB0-Q,769,RELIABLE,35500,0.2155,37800.0,1,0
GT-GJR-2403-28DTF-N,822,STRONG,55000,0.176,55000.0,1,0
GT-UPR-2309-8YB97-U,698,RELIABLE,23000,0.2347,25500.0,1,1
GT-TNR-2212-WTZYY-C,834,STRONG,53500,0.1743,46100.0,1,0
GT-KAF-2106-SBXS0-K,833,STRONG,42500,0.1744,47200.0,1,0
GT-MHR-2207-YYTQK-W,773,RELIABLE,27000,0.2146,20100.0,1,1
GT-RJD-2212-KZJB5-O,661,RELIABLE,24500,0.2487,26800.0,1,1
GT-UPC-2208-FJ1AJ-6,750,RELIABLE,25000,0.2198,33900.0,1,0
GT-KAR-2311-C5GTQ-T,739,RELIABLE,30000,0.2226,42100.0,1,0
GT-RJF-2402-ZXDVF-3,651,RELIABLE,18500,0.253,0.0,0,1
GT-RJC-2309-1D6Z6-9,718,RELIABLE,20000,0.2284,24400.0,1,0
GT-WBW-2305-80JF3-3,600,EMERGING,11000,0.3,13300.0,1,1
GT-TGR-2201-BDXJ6-L,791,RELIABLE,44500,0.2112,53100.0,1,0
GT-KLR-2104-5HDN6-Q,779,RELIABLE,32000,0.2134,31900.0,1,0
GT-RJC-2404-CD5AG-Y,627,EMERGING,9000,0.3,8300.0,1,1
GT-TNW-2303-CQYD2-V,768,RELIABLE,24500,0.2157,28300.0,1,0
GT-TGD-2110-EMMMR-W,764,RELIABLE,25500,0.2166,25200.0,1,1
GT-KLF-2212-AMESX-W,818,STRONG,58000,0.1766,58300.0,1,0
GT-KLC-2105-HGQR1-W,690,RELIABLE,22500,0.2375,0.0,0,1
GT-GJW-2212-6S6TG-3,652,RELIABLE,18500,0.2526,17900.0,1,0
GT-GJD-2112-81J4Q-N,671,RELIABLE,25000,0.2446,0.0,0,0
GT-UPR-2106-PXCZ5-D,600,EMERGING,14500,0.3,14600.0,1,0
GT-DLR-2312-2TWVA-6,600,EMERGING,15000,0.3,11800.0,1,0
GT-KLD-2105-P5YCE-Y,600,EMERGING,16000,0.3,0.0,0,0
GT-DLF-2211-KQEMB-U,777,RELIABLE,35500,0.2139,38600.0,1,0
GT-RJR-2112-RBA0Z-Q,705,RELIABLE,23000,0.2324,18000.0,1,0
GT-RJD-2203-7FWFD-Q,723,RELIABLE,21500,0.2269,20800.0,1,0
GT-DLD-2305-QS2F3-Q,926,PRIME,113000,0.145,107800.0,1,0
GT-RJC-2107-05QYF-1,692,RELIABLE,21500,0.2368,18300.0,1,1
GT-RJC-2207-FKXGC-1,683,RELIABLE,25500,0.24,24600.0,1,0
GT-TGW-2404-HW6YJ-T,928,PRIME,90000,0.1448,91800.0,1,0
GT-WBC-2202-GVSXF-S,785,RELIABLE,32500,0.2122,22700.0,1,0
GT-WBH-2210-QT7ZS-I,678,RELIABLE,17000,0.2419,0.0,0,1
GT-KAR-2106-QXMQH-G,763,RELIABLE,30500,0.2168,24300.0,1,0
GT-WBD-2401-E3MMB-H,646,EMERGING,8500,0.2953,0.0,0,0
GT-GJW-2209-8HXRZ-L,837,STRONG,52000,0.1738,57700.0,1,0
GT-WBF-2309-JSJ00-M,835,STRONG,35000,0.1741,36400.0,1,1
GT-TGR-2107-KP7XZ-1,720,RELIABLE,14500,0.2278,0.0,0,0
GT-WBH-2202-S9YH0-I,867,STRONG,52000,0.1702,55600.0,1,1
GT-WBD-2401-AS0YN-8,795,RELIABLE,27000,0.2104,27400.0,1,0
GT-KLC-2101-CAEV4-V,840,STRONG,61000,0.1735,69500.0,1,0
GT-TGF-2104-MX0HD-7,680,RELIABLE,23500,0.2411,25800.0,1,0
GT-DLD-2209-NF8FF-6,733,RELIABLE,24500,0.2242,26500.0,1,1
GT-KAC-2208-RXTBP-A,798,RELIABLE,29000,0.2099,28200.0,1,0
GT-RJW-2304-H3DVZ-B,851,STRONG,66000,0.172,68000.0,1,0
GT-MHF-2308-A8VC2-K,756,RELIABLE,31500,0.2184,34400.0,1,1
GT-TGF-2109-AEHNK-R,856,STRONG,62500,0.1714,64900.0,1,0
GT-UPD-2203-D3DFE-C,813,STRONG,50000,0.1774,52000.0,1,0
GT-MHD-2206-7WFBK-4,734,RELIABLE,31000,0.2239,36200.0,1,0
GT-DLD-2110-P3BKZ-6,790,RELIABLE,32000,0.2113,34000.0,1,0
GT-GJD-2305-8N28B-O,680,RELIABLE,27500,0.2411,28100.0,1,0
GT-GJD-2305-YPPSY-Z,627,EMERGING,7000,0.3,5800.0,1,0
GT-DLR-2101-HS4Y8-4,600,EMERGING,13000,0.3,14300.0,1,0
GT-WBD-2402-5MY0Q-I,772,RELIABLE,25000,0.2149,25600.0,1,0
GT-UPR-2210-YQ5W3-Q,732,RELIABLE,30000,0.2244,0.0,0,0
GT-DLD-2112-Y3R50-3,758,RELIABLE,28500,0.2179,29900.0,1,0
GT-TGD-2211-BC9TZ-E,757,RELIABLE,25000,0.2182,22500.0,1,0
GT-DLH-2302-1VCET-1,790,RELIABLE,38000,0.2113,38600.0,1,0
GT-KLH-2206-TGXKM-M,765,RELIABLE,27500,0.2164,27900.0,1,0
GT-TNW-2112-615DM-F,803,STRONG,40500,0.179,42900.0,1,0
GT-RJD-2108-W46ZN-U,674,RELIABLE,13500,0.2434,12100.0,1,0
GT-RJW-2302-701WA-2,842,STRONG,56500,0.1732,67200.0,1,0
GT-MHD-2104-4EFYF-J,713,RELIABLE,24000,0.2299,0.0,0,0
GT-KLR-2109-0ZSTN-D,754,RELIABLE,34500,0.2188,38900.0,1,0
GT-KAC-2103-M523W-V,770,RELIABLE,26000,0.2153,27700.0,1,0
GT-TNR-2404-FPSBA-R,697,RELIABLE,23000,0.235,0.0,0,0
GT-MHC-2101-C5EBG-3,872,STRONG,64000,0.1697,74800.0,1,0
GT-KAF-2108-HGS2C-C,884,STRONG,78500,0.1684,76700.0,1,0
GT-WBD-2203-MMXEK-K,803,STRONG,33500,0.179,32400.0,1,0
GT-GJD-2304-4NJH5-1,763,RELIABLE,30500,0.2168,32300.0,1,0
GT-WBW-2305-71K47-5,844,STRONG,59500,0.1729,59000.0,1,0
GT-TGR-2102-DARR0-0,711,RELIABLE,27000,0.2305,26500.0,1,0
GT-UPD-2403-Q1B1D-5,680,RELIABLE,22500,0.2411,19300.0,1,0
GT-TGD-2404-8CP3K-4,775,RELIABLE,37500,0.2142,34400.0,1,0
GT-WBH-2204-AZ5AW-S,693,RELIABLE,27000,0.2364,27700.0,1,0
GT-TGD-2208-F39TN-Y,793,RELIABLE,29500,0.2107,27600.0,1,0
GT-DLH-2202-3X0DF-E,600,EMERGING,15500,0.3,0.0,0,0
GT-GJF-2101-SJ1WP-C,868,STRONG,69000,0.1701,72900.0,1,0
GT-RJD-2204-KFY2B-B,724,RELIABLE,26000,0.2266,0.0,0,1
GT-TNR-2104-GRK8T-6,769,RELIABLE,35000,0.2155,35200.0,1,0
GT-TGW-2104-BB24N-N,684,RELIABLE,16000,0.2397,0.0,0,0
GT-RJR-2206-XDQ51-4,726,RELIABLE,39000,0.2261,37100.0,1,0
GT-DLD-2310-BN1FG-5,707,RELIABLE,26500,0.2318,26200.0,1,1
GT-TGD-2312-93T0X-H,600,EMERGING,14500,0.3,13300.0,1,1
GT-DLC-2106-1DD40-H,802,STRONG,56000,0.1792,54400.0,1,0
GT-TNF-2103-91EQ3-Z,699,RELIABLE,23000,0.2344,23500.0,1,1
GT-TGR-2212-9ASCR-Z,738,RELIABLE,23000,0.2229,21400.0,1,1
GT-KLD-2308-6PV98-X,869,STRONG,76000,0.17,78400.0,1,0
GT-KAR-2101-MXEY7-M,699,RELIABLE,35500,0.2344,0.0,0,0
GT-TNW-2312-MZ67Z-W,782,RELIABLE,35000,0.2128,36600.0,1,0
GT-RJD-2308-Q6XAD-T,743,RELIABLE,33000,0.2215,37900.0,1,0
GT-KAH-2209-NQ8NC-5,817,STRONG,55000,0.1767,48800.0,1,0
GT-WBC-2307-Q24PT-M,813,STRONG,47500,0.1774,37300.0,1,0
GT-MHD-2203-Y7424-5,771,RELIABLE,35500,0.2151,0.0,0,0
GT-WBC-2403-R470T-4,755,RELIABLE,39000,0.2186,46800.0,1,0
GT-UPF-2101-NPT59-T,765,RELIABLE,30000,0.2164,30700.0,1,0
GT-GJF-2110-JB230-7,600,EMERGING,13500,0.3,0.0,0,0
GT-WBD-2107-N7G9W-A,694,RELIABLE,21000,0.2361,0.0,0,0
GT-UPC-2104-EDFEJ-N,917,PRIME,87500,0.1456,82100.0,1,0
GT-WBR-2401-8PZ1D-K,830,STRONG,54500,0.1748,47300.0,1,0
GT-GJW-2111-MKQAK-L,696,RELIABLE,26000,0.2354,28200.0,1,1
GT-KAD-2101-TGMHS-W,755,RELIABLE,30000,0.2186,30100.0,1,1
GT-KAD-2403-CX14Q-X,708,RELIABLE,27000,0.2314,26400.0,1,0
GT-MHH-2306-W0TEN-E,678,RELIABLE,17500,0.2419,16100.0,1,1
GT-WBR-2101-Z7S1P-B,774,RELIABLE,22000,0.2145,16900.0,1,1
GT-TND-2102-QQ55C-Z,600,EMERGING,13000,0.3,0.0,0,0
GT-TNW-2108-1WF70-L,600,EMERGING,12500,0.3,0.0,0,0
GT-TGD-2211-K4GK9-F,645,EMERGING,9500,0.2957,0.0,0,0
GT-KLC-2301-C7HZD-4,646,EMERGING,9500,0.2953,7400.0,1,1
GT-TNC-2304-DSYXC-6,755,RELIABLE,26000,0.2186,25800.0,1,0
GT-TGD-2210-126G2-N,600,EMERGING,14000,0.3,12900.0,1,1
GT-WBF-2303-BQVD4-2,682,RELIABLE,25500,0.2404,30300.0,1,0
GT-UPH-2203-EE1M1-2,789,RELIABLE,50000,0.2115,36100.0,1,0
GT-UPH-2307-BJK5F-K,756,RELIABLE,28500,0.2184,34200.0,1,0
GT-KLR-2309-P3VB2-B,778,RELIABLE,26000,0.2136,22900.0,1,1
GT-GJF-2108-GXNHB-F,750,RELIABLE,28000,0.2198,31900.0,1,0
GT-KLF-2211-6GD50-V,659,RELIABLE,24000,0.2495,21100.0,1,1
GT-GJD-2209-NXC6A-0,764,RELIABLE,19000,0.2166,21200.0,1,0
GT-WBF-2310-N1YHQ-K,683,RELIABLE,16500,0.24,15500.0,1,1
GT-WBD-2201-GY6KB-J,789,RELIABLE,31500,0.2115,31800.0,1,0
GT-TGD-2301-68QWV-Z,680,RELIABLE,19500,0.2411,0.0,0,1
GT-DLR-2108-BS5MN-O,832,STRONG,53000,0.1746,43900.0,1,0
GT-TNC-2212-7EKZX-G,710,RELIABLE,23500,0.2308,0.0,0,0
GT-GJD-2205-3S78P-R,867,STRONG,68000,0.1702,60200.0,1,0
GT-GJD-2304-2JJ3F-3,520,EMERGING,10000,0.3,0.0,0,0
GT-MHD-2305-AKQFN-D,600,EMERGING,9000,0.3,0.0,0,0
GT-RJD-2102-GMW07-U,776,RELIABLE,35500,0.214,34300.0,1,0
GT-UPH-2311-33A82-S,819,STRONG,66500,0.1764,71100.0,1,0
GT-WBR-2211-1V40V-J,897,STRONG,76500,0.1672,76700.0,1,0
GT-TGD-2310-6FY03-S,717,RELIABLE,19500,0.2287,20500.0,1,0
GT-WBH-2104-G2PH9-D,899,STRONG,82500,0.1671,88900.0,1,0
GT-WBD-2211-08A5M-N,738,RELIABLE,22500,0.2229,22600.0,1,1
GT-TGR-2207-9VX2D-4,816,STRONG,53000,0.1769,43200.0,1,1
GT-RJW-2106-JDC25-G,689,RELIABLE,20500,0.2379,20000.0,1,0
GT-MHW-2307-4GS02-Q,600,EMERGING,14500,0.3,12700.0,1,0
GT-TND-2103-ERS6D-8,558,EMERGING,7000,0.3,0.0,0,1
GT-TNF-2110-78DCS-Y,655,RELIABLE,20500,0.2512,20000.0,1,0
GT-KAF-2312-M6RVK-5,785,RELIABLE,37500,0.2122,34500.0,1,0
GT-KAF-2402-EAFV6-1,643,EMERGING,9000,0.2966,8300.0,1,1
GT-RJD-2302-06FXP-5,797,RELIABLE,26500,0.2101,29300.0,1,0
GT-UPW-2312-WRF6Q-G,807,STRONG,64500,0.1783,64600.0,1,0
GT-TNR-2304-1QKB7-5,748,RELIABLE,24500,0.2203,17500.0,1,0
GT-DLW-2201-E61PB-Z,668,RELIABLE,17500,0.2458,0.0,0,0
GT-TGH-2307-N93P7-K,749,RELIABLE,30000,0.22,32200.0,1,0
GT-UPC-2210-H6CK2-O,600,EMERGING,12000,0.3,13800.0,1,1
GT-DLW-2106-V8GW8-Z,732,RELIABLE,28000,0.2244,25200.0,1,1
GT-KAD-2210-5VYTF-J,757,RELIABLE,32500,0.2182,36300.0,1,0
GT-TGD-2205-X4ZKA-I,600,EMERGING,12000,0.3,0.0,0,0
GT-WBR-2303-641GZ-H,883,STRONG,56000,0.1686,62500.0,1,0
GT-WBD-2205-2RD8T-B,687,RELIABLE,22500,0.2386,23900.0,1,1
GT-MHF-2309-8QVJJ-Z,840,STRONG,46500,0.1735,58000.0,1,0
GT-RJW-2402-K3HWX-0,664,RELIABLE,21500,0.2474,22800.0,1,0
GT-GJR-2210-ED40N-R,751,RELIABLE,20500,0.2196,24300.0,1,0
GT-UPD-2210-57Y3Z-N,845,STRONG,51000,0.1728,56300.0,1,0
GT-KLC-2112-3E6V0-U,891,STRONG,71000,0.1678,88800.0,1,0
GT-WBF-2201-9K4BB-M,716,RELIABLE,24500,0.229,25200.0,1,0
GT-WBR-2306-N0DAB-E,818,STRONG,51000,0.1766,45700.0,1,1
GT-UPR-2302-2BTE2-4,766,RELIABLE,34000,0.2161,37800.0,1,0
GT-UPD-2306-N96W4-Y,756,RELIABLE,29500,0.2184,28700.0,1,0
GT-RJW-2308-61V8J-D,822,STRONG,67000,0.176,67200.0,1,0
GT-UPD-2105-64WMW-D,891,STRONG,74000,0.1678,90100.0,1,0
GT-KAR-2210-E88F0-Z,762,RELIABLE,32500,0.217,31100.0,1,0
GT-TND-2101-5SM5A-A,804,STRONG,35500,0.1788,32000.0,1,0
GT-WBD-2311-65WTY-S,807,STRONG,52000,0.1783,53400.0,1,0
GT-TGD-2104-3AA0H-O,661,RELIABLE,23500,0.2487,18000.0,1,1
GT-KAD-2209-VQMPZ-N,803,STRONG,56000,0.179,55700.0,1,0
GT-DLC-2309-CD1Q4-K,520,EMERGING,13000,0.3,0.0,0,1
GT-TNW-2403-SDWTC-E,680,RELIABLE,20000,0.2411,0.0,0,0
GT-KAD-2104-4Z2TP-O,892,STRONG,72500,0.1677,70900.0,1,0
GT-UPD-2306-KH15P-Q,767,RELIABLE,32000,0.2159,39300.0,1,0
GT-TNW-2109-K1JRY-M,693,RELIABLE,22500,0.2364,23400.0,1,0
GT-UPD-2210-PWTHF-U,840,STRONG,71500,0.1735,60300.0,1,0
GT-RJR-2312-S1VR2-T,691,RELIABLE,18000,0.2371,17400.0,1,0
GT-RJD-2103-39S9A-P,736,RELIABLE,23500,0.2233,17700.0,1,0
GT-KLF-2101-027JP-7,815,STRONG,43500,0.1771,50200.0,1,0
GT-TGH-2107-X0GG8-S,600,EMERGING,16500,0.3,19800.0,1,0
GT-DLD-2110-FAPV9-X,621,EMERGING,8500,0.3,7200.0,1,1
GT-KAH-2310-REK4J-U,818,STRONG,52000,0.1766,48400.0,1,0
GT-GJC-2301-YMBCQ-W,600,EMERGING,12000,0.3,10100.0,1,1
GT-MHH-2308-CRMYW-2,863,STRONG,53500,0.1707,55800.0,1,0
GT-DLW-2109-HY43V-5,675,RELIABLE,22000,0.243,25900.0,1,0
GT-DLC-2304-XHR4T-4,850,STRONG,68500,0.1722,72500.0,1,0
GT-DLF-2107-H57DG-W,909,PRIME,107000,0.1462,103500.0,1,0
GT-TNC-2101-1EKED-M,710,RELIABLE,28000,0.2308,32300.0,1,0
GT-TND-2402-PXV6T-A,720,RELIABLE,24000,0.2278,19500.0,1,1
GT-WBW-2304-EHCED-7,797,RELIABLE,30000,0.2101,26800.0,1,0
GT-KLF-2210-Z7DM7-N,701,RELIABLE,25000,0.2337,28000.0,1,0
GT-GJD-2301-38SQN-T,751,RELIABLE,37500,0.2196,32300.0,1,0
GT-GJD-2204-2F9KP-R,730,RELIABLE,28500,0.225,23000.0,1,0
GT-MHD-2202-M4KKH-S,729,RELIABLE,25000,0.2253,21400.0,1,0
GT-MHR-2109-SZ8D3-P,802,STRONG,41000,0.1792,36700.0,1,0
GT-MHD-2201-D0NF9-V,796,RELIABLE,34500,0.2102,39800.0,1,0
GT-RJD-2210-QGW3N-E,741,RELIABLE,31000,0.2221,29800.0,1,0
GT-MHD-2404-CY3GZ-H,714,RELIABLE,26500,0.2296,22600.0,1,0
GT-KLF-2107-CNJ84-L,678,RELIABLE,19500,0.2419,0.0,0,0
GT-UPD-2204-G6R8A-O,600,EMERGING,13000,0.3,13100.0,1,1
GT-RJD-2307-BNSJG-3,763,RELIABLE,30500,0.2168,32400.0,1,0
GT-TND-2103-CB5H1-G,520,EMERGING,15500,0.3,0.0,0,1
GT-MHR-2210-JE5XS-5,791,RELIABLE,36500,0.2112,35400.0,1,0
GT-MHD-2111-64M87-H,611,EMERGING,8500,0.3,9700.0,1,1
GT-RJH-2301-1Q1RB-7,701,RELIABLE,17500,0.2337,0.0,0,0
GT-TGD-2309-6DJNA-G,757,RELIABLE,35000,0.2182,31300.0,1,0
GT-TGD-2201-TS0MD-X,682,RELIABLE,26500,0.2404,27900.0,1,0
GT-DLR-2104-6JN9R-F,900,PRIME,90500,0.147,92800.0,1,0
GT-TNC-2304-K15F9-T,735,RELIABLE,26000,0.2236,30100.0,1,1
GT-TNR-2403-GZ6KB-E,782,RELIABLE,27500,0.2128,28600.0,1,0
GT-UPD-2105-XQ2DC-B,738,RELIABLE,26000,0.2229,19600.0,1,1
GT-RJR-2401-3NRR0-0,720,RELIABLE,29000,0.2278,30400.0,1,1
GT-TGR-2102-4HX1Q-8,629,EMERGING,9500,0.3,8000.0,1,0
GT-TNR-2206-K7A6J-L,727,RELIABLE,37500,0.2258,35400.0,1,1
GT-TGH-2302-KSG3X-R,657,RELIABLE,14500,0.2503,0.0,0,0
GT-MHH-2305-703W8-O,701,RELIABLE,22000,0.2337,22900.0,1,0
GT-KAR-2402-8TBXW-7,576,EMERGING,7000,0.3,0.0,0,1
GT-DLD-2205-5X8H5-B,670,RELIABLE,18500,0.245,18000.0,1,1
GT-KAR-2307-6V7MY-K,851,STRONG,72000,0.172,83200.0,1,0
GT-KAH-2209-5NMH6-Y,818,STRONG,65000,0.1766,75400.0,1,0
GT-DLC-2109-XCYPC-6,831,STRONG,64000,0.1747,0.0,0,0
GT-KLD-2105-HC7RC-G,849,STRONG,48000,0.1723,46700.0,1,0
GT-MHD-2210-TFSAM-M,830,STRONG,63000,0.1748,52700.0,1,1
GT-GJD-2201-6N6FE-C,698,RELIABLE,20000,0.2347,21900.0,1,0
GT-MHW-2307-SC89C-T,639,EMERGING,9000,0.2985,0.0,0,1
GT-TGR-2205-R1FP4-V,848,STRONG,53500,0.1725,55500.0,1,0
GT-GJD-2107-74RJX-A,794,RELIABLE,29000,0.2106,27200.0,1,0
GT-WBD-2302-8709B-B,920,PRIME,91500,0.1454,71100.0,1,0
GT-UPD-2302-PSJBG-L,791,RELIABLE,33500,0.2112,31800.0,1,0
GT-DLC-2403-1TT0N-X,952,PRIME,131500,0.1432,128400.0,1,0
GT-UPR-2205-TN1B3-T,724,RELIABLE,28000,0.2266,28200.0,1,0
GT-TGD-2312-4MD8X-X,841,STRONG,44000,0.1733,40200.0,1,0
GT-TGF-2107-0H297-9,897,STRONG,68000,0.1672,73200.0,1,0
GT-TNF-2109-ZB97M-S,520,EMERGING,9000,0.3,0.0,0,1
GT-KLF-2209-ACH73-5,600,EMERGING,16000,0.3,18200.0,1,0
GT-RJW-2107-96JGF-U,600,EMERGING,12000,0.3,0.0,0,1
GT-TGD-2310-DKXKE-5,698,RELIABLE,14000,0.2347,15300.0,1,1
GT-UPD-2105-XBGN3-6,600,EMERGING,19000,0.3,22400.0,1,0
GT-KLD-2205-XBJJY-T,600,EMERGING,16000,0.3,17300.0,1,0
GT-DLF-2106-1MXKQ-3,766,RELIABLE,31000,0.2161,33300.0,1,0
GT-TNH-2108-5NERR-0,767,RELIABLE,28000,0.2159,28200.0,1,1
GT-UPD-2201-35221-L,520,EMERGING,9500,0.3,0.0,0,0
GT-DLW-2311-9G21X-9,862,STRONG,45500,0.1708,52500.0,1,0
GT-KAW-2110-TN94G-Y,767,RELIABLE,29000,0.2159,27700.0,1,0
GT-WBH-2402-EYDDS-A,773,RELIABLE,30000,0.2146,34200.0,1,0
GT-DLR-2104-WW750-5,820,STRONG,60000,0.1763,67300.0,1,0
GT-WBD-2312-E3P27-1,833,STRONG,54500,0.1744,55100.0,1,0
GT-MHW-2110-RZSY2-5,743,RELIABLE,31500,0.2215,32600.0,1,0
GT-TGW-2204-E97B2-8,564,EMERGING,9500,0.3,0.0,0,0
GT-DLF-2208-E6X20-P,769,RELIABLE,33500,0.2155,30400.0,1,0
GT-WBC-2209-WEFY3-J,793,RELIABLE,36500,0.2107,27100.0,1,0
GT-DLR-2202-VS2AC-T,726,RELIABLE,26000,0.2261,28600.0,1,0
GT-DLF-2208-6FWKQ-Z,755,RELIABLE,20000,0.2186,21200.0,1,1
GT-KLD-2202-ZF3B6-E,707,RELIABLE,24000,0.2318,0.0,0,0
GT-KLR-2307-7W134-E,621,EMERGING,11000,0.3,0.0,0,1
GT-TND-2305-2CERA-L,824,STRONG,60000,0.1757,59200.0,1,0
GT-GJD-2204-HP855-9,739,RELIABLE,22500,0.2226,24800.0,1,0
GT-TND-2402-WFGAN-H,733,RELIABLE,26500,0.2242,0.0,0,0
GT-MHF-2201-1ZQ3A-M,689,RELIABLE,22000,0.2379,0.0,0,0
GT-KAC-2302-J1PJN-V,843,STRONG,80500,0.1731,105400.0,1,0
GT-RJD-2106-CNW6G-9,763,RELIABLE,35500,0.2168,42000.0,1,1
GT-KAR-2305-0JZY3-4,727,RELIABLE,25500,0.2258,27100.0,1,0
GT-TGD-2309-K9R6Q-V,752,RELIABLE,33000,0.2193,33900.0,1,1
GT-DLR-2204-1XYDH-5,775,RELIABLE,30500,0.2142,34500.0,1,0
GT-UPD-2302-649PY-I,916,PRIME,84000,0.1457,77500.0,1,0
GT-MHR-2105-6ARW4-3,802,STRONG,47000,0.1792,40100.0,1,1
GT-WBC-2402-XE2WF-Q,600,EMERGING,18000,0.3,19400.0,1,0
GT-TNR-2211-ZCJSV-W,790,RELIABLE,39000,0.2113,42500.0,1,0
GT-WBF-2310-BMGRP-H,600,EMERGING,10000,0.3,0.0,0,1
GT-MHF-2105-F3DJ2-E,659,RELIABLE,17000,0.2495,11400.0,1,0
GT-MHD-2209-R4B9G-7,600,EMERGING,15500,0.3,0.0,0,0
GT-MHR-2304-RB10Q-Y,719,RELIABLE,26000,0.2281,0.0,0,1
GT-WBD-2304-4KYBX-W,668,RELIABLE,29000,0.2458,33800.0,1,0
GT-GJR-2402-MSV2R-0,619,EMERGING,12000,0.3,11100.0,1,1
GT-KLC-2401-GBHXX-O,660,RELIABLE,15500,0.2491,12500.0,1,0
GT-KLR-2307-YXKX2-1,710,RELIABLE,23500,0.2308,22300.0,1,0
GT-UPR-2309-NX35X-3,741,RELIABLE,27000,0.2221,25000.0,1,0
GT-KAD-2310-2VQSJ-W,600,EMERGING,11500,0.3,0.0,0,0
GT-UPD-2301-XMBT3-1,775,RELIABLE,38000,0.2142,35900.0,1,0
GT-UPH-2104-H74M4-R,711,RELIABLE,25500,0.2305,0.0,0,0
GT-UPD-2307-NNAYN-6,858,STRONG,53000,0.1712,59200.0,1,0
GT-GJW-2302-BEHJC-4,727,RELIABLE,34500,0.2258,43500.0,1,0
GT-GJD-2310-MMGZB-G,809,STRONG,34000,0.178,22000.0,1,0
GT-WBD-2307-ABXY0-0,839,STRONG,43500,0.1736,41700.0,1,0
GT-GJD-2103-0RSHH-2,600,EMERGING,13000,0.3,14300.0,1,0
GT-GJC-2103-1Y00H-W,742,RELIABLE,34500,0.2218,29400.0,1,0
GT-KAD-2301-673XS-1,664,RELIABLE,25500,0.2474,26500.0,1,1
GT-WBW-2403-CG79G-L,696,RELIABLE,21000,0.2354,22000.0,1,0
GT-MHD-2308-6RB0X-1,678,RELIABLE,17500,0.2419,0.0,0,0
GT-KLF-2212-1TX1D-0,779,RELIABLE,30000,0.2134,32500.0,1,0
GT-KLF-2203-NGPMT-3,663,RELIABLE,21000,0.2478,0.0,0,0
GT-MHF-2403-DTY61-Z,600,EMERGING,16000,0.3,15400.0,1,0
GT-RJD-2203-6MAB7-A,785,RELIABLE,23500,0.2122,25400.0,1,0
GT-TGD-2305-J7GTV-T,826,STRONG,61000,0.1754,68500.0,1,0
GT-GJC-2101-K83D3-U,713,RELIABLE,27500,0.2299,30800.0,1,0
GT-GJR-2102-JSQ9P-G,766,RELIABLE,24500,0.2161,26700.0,1,0
GT-MHD-2210-JA0Y6-5,784,RELIABLE,33500,0.2125,35500.0,1,0
GT-KLR-2212-QX54X-I,899,STRONG,77000,0.1671,78400.0,1,0
GT-GJD-2209-GWF3M-O,658,RELIABLE,12000,0.2499,0.0,0,0
GT-TGR-2209-KHD9A-X,600,EMERGING,13500,0.3,0.0,0,1
GT-GJR-2112-QC018-4,967,PRIME,132500,0.1424,138500.0,1,0
GT-KLD-2203-DR6EZ-E,724,RELIABLE,16500,0.2266,9400.0,1,1
GT-GJR-2202-W8PYJ-Y,520,EMERGING,10500,0.3,0.0,0,1
GT-GJF-2101-HB6VN-2,600,EMERGING,13000,0.3,0.0,0,1
GT-RJC-2105-Z61Q9-2,531,EMERGING,5000,0.3,0.0,0,1
GT-GJF-2104-1HTSF-Y,600,EMERGING,17500,0.3,15800.0,1,0
GT-MHR-2205-2SPDD-X,832,STRONG,55500,0.1746,54900.0,1,0
GT-RJW-2208-XJWNP-K,660,RELIABLE,22500,0.2491,0.0,0,0
GT-RJD-2106-685ZZ-N,723,RELIABLE,19500,0.2269,0.0,0,0
GT-UPF-2306-BQZRJ-R,871,STRONG,50500,0.1698,57600.0,1,0
GT-MHD-2204-FFXQM-N,613,EMERGING,8500,0.3,8700.0,1,1
GT-WBD-2108-KGSGH-5,600,EMERGING,11500,0.3,0.0,0,1
GT-KAF-2101-EZRW9-K,697,RELIABLE,20000,0.235,18600.0,1,1
GT-UPD-2207-T84JE-K,694,RELIABLE,19500,0.2361,18300.0,1,0
GT-KLF-2404-F78BR-4,721,RELIABLE,36000,0.2275,30200.0,1,1
GT-KAF-2301-QVBSZ-H,636,EMERGING,12000,0.2999,11000.0,1,1
GT-MHD-2111-GZWR7-Z,783,RELIABLE,37500,0.2127,31300.0,1,0
GT-KLR-2210-P0PFZ-Z,797,RELIABLE,36000,0.2101,33800.0,1,0
GT-UPF-2102-BGNNN-R,810,STRONG,34000,0.1779,34600.0,1,0
GT-RJF-2210-CWB4Z-7,786,RELIABLE,32000,0.2121,37300.0,1,0
GT-DLW-2304-E4A13-J,789,RELIABLE,33000,0.2115,32900.0,1,0
GT-GJD-2105-KYF9Q-4,642,EMERGING,9500,0.2971,11100.0,1,1
GT-RJW-2309-5BN82-J,816,STRONG,38000,0.1769,37700.0,1,0
GT-KAR-2307-FX30E-Z,771,RELIABLE,30500,0.2151,26000.0,1,0
GT-DLD-2312-R3N9D-T,600,EMERGING,18500,0.3,0.0,0,0
GT-DLF-2203-DBFB1-H,790,RELIABLE,36000,0.2113,46100.0,1,0
GT-WBD-2302-07Q10-4,600,EMERGING,16500,0.3,19600.0,1,0
GT-DLD-2102-A98H7-P,859,STRONG,67500,0.1711,68700.0,1,0
GT-TND-2107-D1H99-O,866,STRONG,73000,0.1703,90900.0,1,0
GT-DLW-2312-1AZSB-H,781,RELIABLE,30000,0.213,26300.0,1,0
GT-KAC-2305-DWY63-A,718,RELIABLE,25000,0.2284,21600.0,1,0
GT-GJH-2401-XZGAG-S,596,EMERGING,9000,0.3,0.0,0,1
GT-GJD-2401-JWWWJ-1,809,STRONG,51500,0.178,53600.0,1,0
GT-RJR-2101-X3PQ3-X,739,RELIABLE,16500,0.2226,16600.0,1,1
GT-WBW-2108-MNKPA-W,715,RELIABLE,23000,0.2293,19200.0,1,0
GT-GJD-2110-X95VR-2,834,STRONG,57500,0.1743,51300.0,1,0
GT-TNR-2108-TVKAW-Z,684,RELIABLE,18000,0.2397,20800.0,1,1
GT-TND-2310-ACTXY-U,719,RELIABLE,30000,0.2281,24200.0,1,1
GT-TGR-2201-RZ15B-Z,840,STRONG,55500,0.1735,41800.0,1,0
GT-KLF-2202-71BHW-8,685,RELIABLE,19500,0.2393,23100.0,1,0
GT-TGD-2208-679D4-V,718,RELIABLE,24000,0.2284,25500.0,1,0
GT-RJD-2112-ZGT58-U,837,STRONG,39000,0.1738,43800.0,1,0
GT-TNW-2108-62G40-6,719,RELIABLE,23000,0.2281,19000.0,1,0
GT-GJF-2206-M5AF0-A,871,STRONG,76000,0.1698,76300.0,1,0
GT-DLD-2106-VPKJE-T,844,STRONG,47000,0.1729,55600.0,1,0
GT-TND-2108-QS30Z-P,717,RELIABLE,22500,0.2287,0.0,0,0
GT-RJH-2112-E7GKZ-Z,574,EMERGING,9000,0.3,9400.0,1,1
GT-GJF-2302-Q6XWF-I,663,RELIABLE,13000,0.2478,13800.0,1,1
GT-TGF-2106-DGHY3-A,830,STRONG,37000,0.1748,33600.0,1,0
GT-TGF-2304-D65A8-M,667,RELIABLE,20500,0.2462,21100.0,1,1
GT-UPH-2112-W87R8-C,695,RELIABLE,27500,0.2358,27300.0,1,0
GT-MHD-2303-2Q5RE-3,770,RELIABLE,24500,0.2153,23900.0,1,0
GT-RJD-2112-F5BAA-2,903,PRIME,80000,0.1468,78900.0,1,0
GT-GJR-2102-1TSRY-C,520,EMERGING,15000,0.3,11300.0,1,0
GT-TNW-2108-D9P96-L,725,RELIABLE,20500,0.2264,23800.0,1,1
GT-GJD-2401-HEFY3-I,751,RELIABLE,20000,0.2196,21900.0,1,0
GT-KLD-2103-2NG6P-D,786,RELIABLE,25000,0.2121,20800.0,1,0
GT-TND-2106-RZRSA-S,723,RELIABLE,31500,0.2269,32800.0,1,1
GT-TNF-2103-JFK4F-L,889,STRONG,76000,0.168,76900.0,1,0
GT-KLF-2207-8JACA-Z,707,RELIABLE,24500,0.2318,0.0,0,1
GT-TNR-2210-108HD-5,773,RELIABLE,37000,0.2146,35900.0,1,0
GT-RJD-2303-NXMV1-2,791,RELIABLE,40000,0.2112,0.0,0,1
GT-RJW-2208-5NMNT-D,714,RELIABLE,18500,0.2296,19100.0,1,0
GT-WBD-2401-667CT-Y,904,PRIME,85500,0.1466,77700.0,1,0
GT-KAW-2201-9NPKT-Z,776,RELIABLE,29500,0.214,32700.0,1,0
GT-KAD-2305-AYTQV-I,838,STRONG,73500,0.1737,56300.0,1,0
GT-DLC-2204-VQS3H-O,783,RELIABLE,54000,0.2127,48700.0,1,0
GT-KAR-2102-DYMV8-N,600,EMERGING,17500,0.3,13900.0,1,0
GT-UPF-2203-Y3KDA-Y,673,RELIABLE,23000,0.2438,23800.0,1,0
GT-GJD-2110-FCNW5-7,706,RELIABLE,23500,0.2321,21000.0,1,0
GT-TGD-2307-B1FH9-1,851,STRONG,60500,0.172,65500.0,1,0
GT-RJF-2103-5KAAG-W,835,STRONG,58000,0.1741,46500.0,1,0
GT-MHR-2209-JY190-V,667,RELIABLE,30500,0.2462,32100.0,1,0
GT-WBW-2301-ERDEJ-L,752,RELIABLE,29500,0.2193,0.0,0,0
GT-TNR-2302-80HDP-N,576,EMERGING,6500,0.3,0.0,0,0
GT-KAR-2303-Z3ZS8-J,600,EMERGING,12500,0.3,9900.0,1,0
GT-TGC-2101-5KHRW-E,840,STRONG,49500,0.1735,53200.0,1,0
GT-MHR-2308-ZTR9N-C,732,RELIABLE,19500,0.2244,17700.0,1,0
GT-KAC-2304-2W2GF-S,680,RELIABLE,25500,0.2411,20700.0,1,0
GT-DLR-2310-8JFGG-8,448,BUILDING,3500,0.3,0.0,0,1
GT-MHD-2403-H2F25-J,774,RELIABLE,34000,0.2145,30400.0,1,0
GT-GJW-2212-6714A-Z,680,RELIABLE,26000,0.2411,28400.0,1,0
GT-UPD-2402-M487W-8,600,EMERGING,20500,0.3,17800.0,1,0
GT-TGD-2310-R8YAB-2,600,EMERGING,37500,0.3,46000.0,1,0
GT-GJD-2304-1VWHX-O,600,EMERGING,14500,0.3,14700.0,1,0
GT-MHR-2201-81F50-Z,729,RELIABLE,24000,0.2253,28200.0,1,0
GT-UPF-2308-YV27G-V,614,EMERGING,9000,0.3,8400.0,1,0
GT-WBD-2204-2AJH5-K,744,RELIABLE,30500,0.2213,29700.0,1,0
GT-TGD-2206-QH0D3-2,636,EMERGING,12000,0.2999,0.0,0,0
GT-RJD-2205-AHBN6-T,594,EMERGING,11000,0.3,0.0,0,0
GT-TND-2309-K4GCM-A,692,RELIABLE,20000,0.2368,0.0,0,0
GT-TGD-2305-G7NR7-0,863,STRONG,44000,0.1707,40000.0,1,0
GT-KLD-2207-H8C35-9,765,RELIABLE,29000,0.2164,0.0,0,0
GT-MHC-2301-AYD7V-N,761,RELIABLE,37000,0.2173,31800.0,1,0
GT-WBF-2208-8JKK6-M,723,RELIABLE,26000,0.2269,30100.0,1,0
GT-WBD-2107-1CPDH-M,650,RELIABLE,14500,0.2534,11800.0,1,1
GT-UPD-2204-NQMTH-0,831,STRONG,75000,0.1747,71000.0,1,0
GT-KLD-2403-F5EJB-M,586,EMERGING,6000,0.3,0.0,0,0
GT-TNR-2212-5V5FJ-V,750,RELIABLE,21500,0.2198,27300.0,1,0
GT-MHR-2207-7TG48-M,764,RELIABLE,29500,0.2166,0.0,0,1
GT-TNC-2303-EFPGW-C,767,RELIABLE,36000,0.2159,35400.0,1,0
GT-MHW-2208-4DWAA-V,600,EMERGING,16000,0.3,18100.0,1,0
GT-UPR-2109-CYVX9-R,601,EMERGING,10000,0.3,10300.0,1,1
GT-WBD-2208-KD382-O,680,RELIABLE,23000,0.2411,24600.0,1,0
GT-UPF-2206-VAFQR-T,657,RELIABLE,17500,0.2503,17300.0,1,0
GT-TNH-2305-5RNSA-C,699,RELIABLE,18500,0.2344,21800.0,1,1
GT-KLD-2202-2DMQZ-6,819,STRONG,48000,0.1764,53600.0,1,0
GT-RJC-2107-0Y19G-A,630,EMERGING,12000,0.3,0.0,0,1
GT-KLD-2401-32SZE-0,793,RELIABLE,37000,0.2107,37200.0,1,1
GT-UPF-2311-3PEH2-R,764,RELIABLE,26000,0.2166,28400.0,1,0
GT-MHD-2311-VM0RT-Z,816,STRONG,44500,0.1769,36100.0,1,0
GT-MHF-2210-2HSN3-R,747,RELIABLE,37000,0.2205,35200.0,1,0
GT-KLD-2202-AF26B-Q,778,RELIABLE,34500,0.2136,43300.0,1,0
GT-RJR-2106-DHZC9-1,733,RELIABLE,17500,0.2242,15800.0,1,0
GT-RJF-2309-ATKF9-T,786,RELIABLE,26500,0.2121,0.0,0,0
GT-GJF-2301-AX006-Y,684,RELIABLE,22000,0.2397,24900.0,1,1
GT-RJF-2107-JFQ69-P,489,BUILDING,0,0.3,0.0,0,1
GT-TGD-2207-YVH2G-U,600,EMERGING,14000,0.3,11500.0,1,0
GT-MHF-2305-JD7Z0-T,751,RELIABLE,25000,0.2196,24400.0,1,0
GT-DLD-2110-PYNXE-G,776,RELIABLE,36500,0.214,37000.0,1,0
GT-RJF-2212-JE92C-P,702,RELIABLE,21500,0.2334,0.0,0,1
GT-GJD-2207-10SNZ-F,880,STRONG,83000,0.1689,86100.0,1,0
GT-KLR-2201-513WW-2,752,RELIABLE,24000,0.2193,21700.0,1,1
GT-RJR-2204-40DVN-Y,794,RELIABLE,32500,0.2106,40400.0,1,0
GT-UPH-2110-4CT1T-5,843,STRONG,54500,0.1731,55500.0,1,0
GT-KAF-2107-KH98M-H,882,STRONG,57500,0.1687,54600.0,1,0
GT-MHD-2302-BVX9X-B,600,EMERGING,9500,0.3,8500.0,1,0
GT-TNF-2207-RN5Z6-A,711,RELIABLE,22500,0.2305,29100.0,1,0
GT-KAD-2208-SG94C-R,669,RELIABLE,16500,0.2454,16600.0,1,0
GT-KLD-2109-0RAH6-B,845,STRONG,64000,0.1728,54800.0,1,0
GT-DLR-2308-W87BG-L,796,RELIABLE,30500,0.2102,32100.0,1,0
GT-TNW-2106-GS40S-5,771,RELIABLE,35500,0.2151,29100.0,1,0
GT-GJH-2103-4G15Q-D,948,PRIME,117500,0.1435,117700.0,1,0
GT-KAC-2211-6QKVD-G,782,RELIABLE,23000,0.2128,24200.0,1,0
GT-GJD-2306-152CY-4,663,RELIABLE,18000,0.2478,21600.0,1,0
GT-MHD-2111-JY9QF-P,746,RELIABLE,21500,0.2208,0.0,0,0
GT-KLW-2207-FRMR5-2,710,RELIABLE,32000,0.2308,38700.0,1,1
GT-GJD-2403-NNQVQ-Z,698,RELIABLE,25500,0.2347,31200.0,1,0
GT-TNF-2310-JQXV4-E,699,RELIABLE,27000,0.2344,21600.0,1,0
GT-UPH-2112-E1VQX-T,718,RELIABLE,24500,0.2284,26200.0,1,0
GT-TND-2110-H1NHV-R,658,RELIABLE,25500,0.2499,23700.0,1,1
GT-MHR-2112-PKP3T-9,875,STRONG,59000,0.1693,61800.0,1,0
GT-KAC-2401-0AQTQ-7,718,RELIABLE,26000,0.2284,29000.0,1,0
GT-DLF-2203-X024E-U,752,RELIABLE,29500,0.2193,33400.0,1,0
GT-UPH-2111-PSM59-W,831,STRONG,48500,0.1747,48500.0,1,0
GT-WBF-2101-KEWW9-4,827,STRONG,46000,0.1752,47100.0,1,0
GT-DLD-2312-B3BJE-3,795,RELIABLE,30500,0.2104,0.0,0,0
GT-GJW-2403-D6PF1-F,856,STRONG,80000,0.1714,73000.0,1,1
GT-TNW-2105-GY6D3-Y,600,EMERGING,27500,0.3,29500.0,1,0
GT-MHH-2104-J2260-8,818,STRONG,52000,0.1766,52000.0,1,0
GT-GJR-2205-4JM1Z-C,736,RELIABLE,35500,0.2233,29200.0,1,0
GT-TGR-2305-10T38-X,680,RELIABLE,30500,0.2411,39900.0,1,0
GT-GJD-2312-JHA0H-O,738,RELIABLE,26000,0.2229,21900.0,1,0
GT-WBD-2108-ZF5BM-H,908,PRIME,85000,0.1463,83900.0,1,0
GT-MHH-2107-4C247-E,688,RELIABLE,20500,0.2382,21100.0,1,0
GT-KAH-2203-Q0T5J-R,773,RELIABLE,30000,0.2146,33500.0,1,0
GT-MHR-2204-4KX3P-7,828,STRONG,53000,0.1751,54200.0,1,0
GT-DLH-2312-8KEGH-F,696,RELIABLE,24000,0.2354,21400.0,1,0
GT-DLR-2302-FBTH1-2,673,RELIABLE,28000,0.2438,0.0,0,0
GT-KLC-2102-R41KT-R,676,RELIABLE,23000,0.2427,19700.0,1,0
GT-UPF-2211-7B93K-L,715,RELIABLE,23500,0.2293,0.0,0,0
GT-RJF-2201-QJ5FW-Z,576,EMERGING,6500,0.3,0.0,0,1
GT-TGF-2101-81167-K,728,RELIABLE,19000,0.2256,0.0,0,0
GT-TNF-2310-SH4H7-0,805,STRONG,32500,0.1787,33600.0,1,0
GT-TGC-2101-Q810S-E,870,STRONG,71000,0.1699,61200.0,1,0
GT-RJR-2112-T3K54-V,810,STRONG,47000,0.1779,43500.0,1,0
GT-TNC-2111-Q0K8A-V,506,EMERGING,6000,0.3,0.0,0,1
GT-GJD-2307-DZD1A-N,812,STRONG,49000,0.1775,51500.0,1,0
GT-MHD-2302-0YDE4-H,731,RELIABLE,36500,0.2247,45200.0,1,1
GT-KLF-2105-1Q03C-Y,769,RELIABLE,28500,0.2155,32900.0,1,0
GT-GJW-2108-HFE35-N,745,RELIABLE,24000,0.2211,0.0,0,0
GT-KLC-2207-46N6A-2,794,RELIABLE,28500,0.2106,27700.0,1,0
GT-DLD-2210-372VN-5,718,RELIABLE,19000,0.2284,18800.0,1,1
GT-GJD-2207-75XM4-G,759,RELIABLE,30000,0.2177,24100.0,1,0
GT-DLR-2303-DA9AN-9,845,STRONG,67000,0.1728,62600.0,1,1
GT-TGC-2104-XWNYN-C,728,RELIABLE,26000,0.2256,31500.0,1,0
GT-TNH-2306-8GVG9-E,863,STRONG,47000,0.1707,51100.0,1,0
GT-MHC-2301-JWTRB-U,842,STRONG,86500,0.1732,82200.0,1,0
GT-TGR-2305-2QMPN-2,792,RELIABLE,26500,0.211,23400.0,1,0
GT-WBC-2112-0S26H-U,567,EMERGING,7500,0.3,6800.0,1,1
GT-MHD-2211-Y0A8D-C,827,STRONG,53500,0.1752,47300.0,1,0
GT-TNC-2101-5TAG2-4,746,RELIABLE,30500,0.2208,29700.0,1,0
GT-KAR-2102-67JA4-R,847,STRONG,54500,0.1726,41300.0,1,0
GT-GJR-2402-15XDT-B,658,RELIABLE,20500,0.2499,22600.0,1,0
GT-TNF-2211-ZGH89-2,632,EMERGING,12000,0.3,11600.0,1,1
GT-KAW-2103-7JW26-L,973,PRIME,183500,0.1421,168700.0,1,0
GT-WBD-2203-SSSWQ-I,698,RELIABLE,19500,0.2347,0.0,0,1
GT-RJD-2303-MGXE7-4,822,STRONG,48500,0.176,61700.0,1,0
GT-KLW-2308-1XD5X-6,747,RELIABLE,26500,0.2205,27600.0,1,0
GT-KLH-2304-A5ZHY-C,706,RELIABLE,26500,0.2321,25000.0,1,0
GT-MHF-2101-NY0K6-N,758,RELIABLE,43500,0.2179,48000.0,1,0
GT-DLD-2304-Z4960-Y,687,RELIABLE,20000,0.2386,19700.0,1,0
GT-RJF-2103-RYNE7-W,784,RELIABLE,30500,0.2125,27000.0,1,0
GT-GJD-2211-6Z2YN-4,679,RELIABLE,12500,0.2415,0.0,0,1
GT-WBD-2208-G6MY6-3,751,RELIABLE,25000,0.2196,25800.0,1,0
GT-RJD-2211-AWKZF-3,842,STRONG,52500,0.1732,51000.0,1,0
GT-KAR-2109-X0Z2Q-B,600,EMERGING,19500,0.3,17000.0,1,0
GT-WBD-2105-J7MGZ-U,599,EMERGING,8500,0.3,0.0,0,1
GT-WBD-2305-TS713-Q,806,STRONG,42500,0.1785,48700.0,1,0
GT-KLD-2309-PQW69-R,756,RELIABLE,27000,0.2184,26200.0,1,0
GT-TGF-2103-0QA5A-M,520,EMERGING,9500,0.3,0.0,0,1
GT-WBD-2206-A71EW-Q,821,STRONG,50000,0.1761,50200.0,1,0
GT-RJD-2101-3118D-D,697,RELIABLE,28000,0.235,28900.0,1,0
GT-DLR-2203-HZDRG-3,520,EMERGING,7500,0.3,0.0,0,0
GT-KAW-2205-JKD0A-P,520,EMERGING,31000,0.3,0.0,0,0
GT-TGW-2404-AA289-C,774,RELIABLE,43000,0.2145,44800.0,1,1
GT-GJR-2106-FY06Y-H,748,RELIABLE,20000,0.2203,16300.0,1,0
GT-TGF-2403-S6HZG-Y,724,RELIABLE,20000,0.2266,14700.0,1,0
GT-UPW-2109-H0TCN-6,854,STRONG,71000,0.1717,70700.0,1,0
GT-DLF-2112-A4N75-9,600,EMERGING,15000,0.3,16900.0,1,0
GT-KAR-2311-CMPCS-6,607,EMERGING,9500,0.3,11400.0,1,1
GT-UPD-2209-SG6HA-I,670,RELIABLE,23000,0.245,25000.0,1,1
GT-RJD-2304-QBJJ5-R,903,PRIME,98500,0.1468,108100.0,1,0
GT-GJD-2109-YVX6N-J,600,EMERGING,22000,0.3,0.0,0,0
GT-TNR-2311-5SBZA-L,726,RELIABLE,22500,0.2261,23100.0,1,0
GT-TNH-2302-78ZD3-Z,870,STRONG,70000,0.1699,77200.0,1,0
GT-TGD-2212-RVAE0-9,823,STRONG,51000,0.1758,53500.0,1,1
GT-TGR-2303-Q9ZAY-B,600,EMERGING,12500,0.3,12600.0,1,0
GT-DLH-2106-P4MNP-R,728,RELIABLE,18500,0.2256,17900.0,1,0
GT-TNF-2205-02S1J-C,766,RELIABLE,30500,0.2161,33300.0,1,0
GT-DLD-2212-JZP1K-3,694,RELIABLE,25000,0.2361,23600.0,1,0
GT-TGH-2209-5C04B-0,737,RELIABLE,30500,0.2231,33100.0,1,0
GT-TND-2108-J32R3-W,755,RELIABLE,29500,0.2186,30000.0,1,0
GT-WBD-2302-XSRWR-8,653,RELIABLE,17000,0.2521,0.0,0,0
GT-RJR-2109-RS0SE-3,734,RELIABLE,23000,0.2239,25500.0,1,0
GT-TND-2108-BHBQA-4,752,RELIABLE,35500,0.2193,37000.0,1,0
GT-KAW-2311-K5J9T-E,819,STRONG,42500,0.1764,43600.0,1,0
GT-RJD-2402-X7R28-D,600,EMERGING,8500,0.3,8200.0,1,0
GT-MHW-2206-2TMT7-S,711,RELIABLE,21500,0.2305,24600.0,1,1
GT-KLD-2108-SBRPC-O,674,RELIABLE,22000,0.2434,17600.0,1,0
GT-WBC-2306-TVDHZ-2,830,STRONG,65500,0.1748,71000.0,1,0
GT-WBD-2108-Y1BA8-F,757,RELIABLE,22500,0.2182,18100.0,1,0
GT-TGH-2206-3NWVW-5,884,STRONG,71500,0.1684,70200.0,1,0
GT-UPD-2403-R49WX-4,815,STRONG,59500,0.1771,73700.0,1,0
GT-GJC-2104-MJYQ2-A,705,RELIABLE,19500,0.2324,13800.0,1,0
GT-KLW-2202-JFY6S-W,758,RELIABLE,29000,0.2179,29900.0,1,1
GT-KAF-2212-48VFZ-J,686,RELIABLE,22500,0.2389,24700.0,1,0
GT-MHD-2210-K9JE9-F,847,STRONG,61000,0.1726,63500.0,1,0
GT-DLF-2207-Q0HNJ-G,656,RELIABLE,19000,0.2508,22100.0,1,1
GT-MHF-2208-08BCF-K,717,RELIABLE,29500,0.2287,25200.0,1,0
GT-KLR-2103-2NVHR-P,779,RELIABLE,31000,0.2134,31900.0,1,0
GT-KAF-2303-CKF0S-H,839,STRONG,63500,0.1736,66600.0,1,0
GT-MHH-2104-R178M-8,611,EMERGING,8000,0.3,0.0,0,1
GT-TGH-2202-YZJ1R-0,855,STRONG,83500,0.1716,84300.0,1,0
GT-DLR-2305-S9DM9-M,735,RELIABLE,25500,0.2236,30900.0,1,0
GT-TND-2107-XK2KP-M,574,EMERGING,7000,0.3,0.0,0,1
GT-GJD-2211-P18CH-M,520,EMERGING,5000,0.3,0.0,0,1
GT-WBW-2210-FWA5Q-F,647,EMERGING,9500,0.2948,7400.0,1,1
GT-RJH-2303-EZN3D-H,680,RELIABLE,23000,0.2411,27700.0,1,0
GT-TGR-2309-Z5TYA-S,757,RELIABLE,27000,0.2182,22800.0,1,0
GT-KLD-2107-YBM7X-Y,796,RELIABLE,36000,0.2102,36400.0,1,0
GT-MHR-2310-2ZE17-3,737,RELIABLE,20500,0.2231,17600.0,1,0
GT-MHR-2310-5PKXY-F,520,EMERGING,13000,0.3,0.0,0,1
GT-TNH-2104-GTMYD-H,726,RELIABLE,25000,0.2261,21800.0,1,0
GT-MHF-2101-FFTH0-F,757,RELIABLE,39500,0.2182,50100.0,1,1
GT-KAD-2301-SQMZG-T,804,STRONG,49500,0.1788,56500.0,1,0
GT-TND-2201-RFTVZ-U,693,RELIABLE,22500,0.2364,0.0,0,1
GT-WBD-2101-HM47A-D,834,STRONG,76500,0.1743,100800.0,1,0
GT-DLF-2208-4WRTZ-5,721,RELIABLE,26500,0.2275,32100.0,1,0
GT-DLF-2306-G8FAR-U,695,RELIABLE,22500,0.2358,23800.0,1,1
GT-KAD-2112-GQXWE-2,750,RELIABLE,21500,0.2198,22200.0,1,0
GT-MHD-2202-HDETH-Y,831,STRONG,72000,0.1747,77800.0,1,0
GT-RJC-2201-H7NK2-G,728,RELIABLE,23000,0.2256,25400.0,1,0
GT-KAW-2206-SGADP-8,600,EMERGING,9500,0.3,0.0,0,0
GT-UPR-2207-MTTWW-6,848,STRONG,49000,0.1725,51500.0,1,0
GT-UPR-2305-FX25B-Z,925,PRIME,85000,0.145,102000.0,1,0
GT-DLH-2103-ZS148-B,777,RELIABLE,31000,0.2139,33600.0,1,0
GT-DLW-2401-0NBJ9-Y,877,STRONG,57000,0.1692,66100.0,1,0
GT-TNH-2401-KKS4X-U,843,STRONG,60500,0.1731,70900.0,1,0
GT-GJD-2202-M96BX-T,666,RELIABLE,21000,0.2466,17100.0,1,1
GT-KAD-2105-HJXPK-0,781,RELIABLE,25000,0.213,27400.0,1,0
GT-RJD-2303-P5ZT3-Y,650,RELIABLE,18000,0.2534,18600.0,1,0
GT-TNC-2203-WTYTV-5,520,EMERGING,12000,0.3,0.0,0,0
GT-TGF-2209-005NZ-I,662,RELIABLE,17000,0.2482,0.0,0,0
GT-KLD-2101-GXKXM-J,600,EMERGING,12000,0.3,0.0,0,0
GT-MHH-2306-41X80-7,718,RELIABLE,22000,0.2284,23500.0,1,1
GT-KLH-2309-W7NEY-N,787,RELIABLE,29500,0.2119,25700.0,1,1
GT-GJD-2209-6VT1T-4,764,RELIABLE,34000,0.2166,32400.0,1,0
GT-TGF-2402-FBDVV-2,765,RELIABLE,33500,0.2164,32800.0,1,1
GT-KAF-2301-C37TG-C,603,EMERGING,9000,0.3,0.0,0,1
GT-KAD-2108-6ET6C-W,733,RELIABLE,23000,0.2242,19900.0,1,0
GT-RJF-2111-3P2VT-Z,600,EMERGING,11500,0.3,11800.0,1,1
GT-TGD-2307-MTQZV-8,742,RELIABLE,34500,0.2218,41600.0,1,0
GT-UPC-2404-QT5QK-L,805,STRONG,45500,0.1787,60500.0,1,0
GT-RJW-2211-R1WXG-S,796,RELIABLE,35000,0.2102,33600.0,1,0
GT-TGC-2212-S6HGY-K,739,RELIABLE,35000,0.2226,26700.0,1,0
GT-TNW-2404-X67FG-V,754,RELIABLE,45000,0.2188,38200.0,1,0
GT-DLD-2111-PA72H-P,741,RELIABLE,28500,0.2221,24900.0,1,0
GT-GJR-2311-1569T-Y,678,RELIABLE,24000,0.2419,0.0,0,1
GT-UPF-2106-7R8QC-Z,862,STRONG,59500,0.1708,46500.0,1,0
GT-TND-2301-ZHWPV-J,784,RELIABLE,44500,0.2125,44300.0,1,0
GT-WBF-2308-F2FGT-S,842,STRONG,40000,0.1732,51600.0,1,0
GT-WBD-2212-0NF89-L,680,RELIABLE,26000,0.2411,23700.0,1,1
GT-MHD-2205-8HRP2-G,843,STRONG,58500,0.1731,58300.0,1,0
GT-WBR-2210-KEKRM-S,733,RELIABLE,23500,0.2242,25500.0,1,1
GT-UPF-2207-GAMFK-X,781,RELIABLE,25500,0.213,25400.0,1,0
GT-KLR-2110-40NQC-B,742,RELIABLE,18500,0.2218,18200.0,1,0
GT-TNF-2204-Y4R6Q-X,763,RELIABLE,33500,0.2168,38200.0,1,0
GT-DLR-2308-VFSPQ-A,580,EMERGING,10000,0.3,7600.0,1,1
GT-RJW-2202-1FHG2-0,729,RELIABLE,24500,0.2253,26400.0,1,1
GT-KLF-2305-N5CW3-9,734,RELIABLE,24500,0.2239,27100.0,1,0
GT-RJR-2103-ZD7KY-X,708,RELIABLE,29500,0.2314,35200.0,1,1
GT-TNR-2309-K95PB-N,923,PRIME,92000,0.1451,88400.0,1,0
GT-DLR-2101-W1VPX-B,600,EMERGING,14500,0.3,0.0,0,0
GT-GJD-2401-RHAZR-Q,747,RELIABLE,21000,0.2205,0.0,0,1
GT-DLF-2308-7WREF-I,686,RELIABLE,23000,0.2389,27200.0,1,1
GT-UPD-2402-PJAD6-U,600,EMERGING,19000,0.3,22200.0,1,0
GT-TNC-2303-XX0FJ-X,800,STRONG,42000,0.1795,37700.0,1,0
GT-TNW-2210-8PM5D-G,887,STRONG,63500,0.1682,67200.0,1,0
GT-RJR-2111-WVSCH-L,655,RELIABLE,20000,0.2512,22200.0,1,0
GT-TNC-2403-62CZT-I,717,RELIABLE,24500,0.2287,30400.0,1,1
GT-MHF-2304-RNDPM-T,701,RELIABLE,28000,0.2337,30300.0,1,0
GT-UPD-2103-BNGY7-M,680,RELIABLE,34500,0.2411,38100.0,1,0
GT-TNW-2312-6G717-1,884,STRONG,88000,0.1684,88300.0,1,0
GT-GJH-2110-SBKSG-1,600,EMERGING,14000,0.3,0.0,0,1
GT-GJD-2105-VN5W7-T,659,RELIABLE,16500,0.2495,0.0,0,1
GT-KAD-2305-Q3Z9G-G,677,RELIABLE,23000,0.2422,0.0,0,0
GT-KAF-2306-KAGDE-L,735,RELIABLE,28500,0.2236,28400.0,1,1
GT-RJR-2303-07MES-N,820,STRONG,43000,0.1763,40300.0,1,0
GT-KAF-2206-YKMG3-Q,555,EMERGING,7000,0.3,0.0,0,0
GT-TNF-2401-5R84B-Y,726,RELIABLE,35500,0.2261,36800.0,1,0
GT-UPW-2201-9DMS5-F,902,PRIME,71500,0.1468,67600.0,1,0
GT-MHD-2401-2MSF6-P,726,RELIABLE,30000,0.2261,25100.0,1,0
GT-WBR-2403-BG4F1-M,680,RELIABLE,35500,0.2411,29700.0,1,0
GT-MHC-2106-NRRW8-T,794,RELIABLE,32000,0.2106,33600.0,1,0
GT-WBR-2104-0FVVS-T,687,RELIABLE,19500,0.2386,21300.0,1,0
GT-UPR-2304-FTYW4-Y,738,RELIABLE,27000,0.2229,25600.0,1,0
GT-DLD-2308-DD0FK-Y,732,RELIABLE,21500,0.2244,23000.0,1,0
GT-DLD-2109-E0FRZ-A,736,RELIABLE,21500,0.2233,0.0,0,0
GT-WBR-2108-NRWY9-0,600,EMERGING,14000,0.3,0.0,0,1
GT-UPR-2402-SF2NQ-F,896,STRONG,77500,0.1674,74900.0,1,0
GT-WBF-2210-BAYWH-5,675,RELIABLE,18500,0.243,0.0,0,0
GT-UPF-2305-YDFSW-8,799,RELIABLE,30000,0.2097,28700.0,1,0
GT-TGC-2211-708ZZ-V,753,RELIABLE,25500,0.2191,22300.0,1,0
GT-MHC-2211-WWVKX-X,751,RELIABLE,30000,0.2196,26500.0,1,0
GT-KLD-2110-7QGQN-L,778,RELIABLE,32000,0.2136,35100.0,1,0
GT-UPD-2102-35NSK-L,733,RELIABLE,31500,0.2242,33700.0,1,0
GT-KAC-2111-GS0VP-B,759,RELIABLE,30000,0.2177,30600.0,1,1
GT-DLD-2205-1VMFE-C,612,EMERGING,6500,0.3,0.0,0,1
GT-TGR-2209-R4HZM-9,797,RELIABLE,33500,0.2101,28500.0,1,0
GT-KAD-2206-GSWG3-1,561,EMERGING,7000,0.3,0.0,0,1
GT-RJF-2308-THNFM-6,679,RELIABLE,21500,0.2415,26400.0,1,0
GT-MHD-2201-JW4TV-2,836,STRONG,54500,0.174,52900.0,1,0
GT-DLD-2111-HQYQB-V,831,STRONG,58000,0.1747,58900.0,1,0
GT-TNR-2109-C8EBR-6,642,EMERGING,9000,0.2971,9400.0,1,0
GT-KLW-2205-9AQP8-L,600,EMERGING,8500,0.3,0.0,0,0
GT-DLD-2105-K0D39-A,691,RELIABLE,25000,0.2371,20500.0,1,1
GT-TGW-2102-PTAH1-U,767,RELIABLE,31500,0.2159,30300.0,1,0
GT-GJR-2103-FV0TD-7,568,EMERGING,6000,0.3,0.0,0,0
GT-MHR-2108-PS8QV-5,703,RELIABLE,30000,0.2331,35500.0,1,0
GT-KAR-2210-E2AKM-N,791,RELIABLE,25000,0.2112,29200.0,1,1
GT-KAD-2208-CFFJK-H,721,RELIABLE,23500,0.2275,21600.0,1,0
GT-MHD-2202-3RPHY-2,764,RELIABLE,25500,0.2166,21600.0,1,0
GT-TNC-2102-GW1RZ-Q,713,RELIABLE,29000,0.2299,32400.0,1,0
GT-KLD-2302-5ZSJG-B,682,RELIABLE,26000,0.2404,22800.0,1,0
GT-KLH-2301-MVQ39-B,595,EMERGING,8500,0.3,0.0,0,1
GT-WBD-2207-KHE8H-5,775,RELIABLE,28000,0.2142,32500.0,1,0
GT-KLR-2203-YC2EG-J,682,RELIABLE,22000,0.2404,24300.0,1,0
GT-KAF-2306-H6JM7-U,721,RELIABLE,26500,0.2275,23300.0,1,0
GT-WBW-2102-FF7N2-Y,832,STRONG,63000,0.1746,60900.0,1,0
GT-TGD-2207-RFYGY-A,855,STRONG,63000,0.1716,70100.0,1,0
GT-MHD-2206-8KZKV-E,763,RELIABLE,34500,0.2168,36400.0,1,0
GT-WBF-2305-5FNNG-5,805,STRONG,50000,0.1787,43900.0,1,0
GT-TGD-2303-Q9ZR6-T,614,EMERGING,9000,0.3,8900.0,1,1
GT-UPF-2401-3RZET-3,763,RELIABLE,32000,0.2168,28100.0,1,0
GT-TGW-2203-0K91A-G,764,RELIABLE,36000,0.2166,29800.0,1,0
GT-TGD-2203-KG1AA-5,860,STRONG,72500,0.171,78600.0,1,0
GT-DLC-2306-5B7M5-T,670,RELIABLE,15000,0.245,18700.0,1,1
GT-TGD-2105-WTFFZ-R,757,RELIABLE,33000,0.2182,30500.0,1,0
GT-KAC-2204-NFFVK-N,786,RELIABLE,35000,0.2121,35500.0,1,0
GT-WBH-2306-6S8FS-1,732,RELIABLE,28500,0.2244,23400.0,1,0
GT-TNF-2312-NJRCE-M,600,EMERGING,9000,0.3,0.0,0,1
GT-DLH-2210-4DVQY-P,935,PRIME,102000,0.1443,99100.0,1,0
GT-TNW-2311-7RD68-6,600,EMERGING,8000,0.3,8700.0,1,0
GT-RJD-2311-H52TH-I,743,RELIABLE,27000,0.2215,20100.0,1,0
GT-UPD-2105-0R1VN-2,799,RELIABLE,37000,0.2097,33000.0,1,0
GT-RJD-2103-7SMPH-G,796,RELIABLE,38500,0.2102,39100.0,1,0
GT-TNR-2302-NZVE5-4,789,RELIABLE,45500,0.2115,46900.0,1,0
GT-TNF-2204-D5JGA-6,805,STRONG,39000,0.1787,42800.0,1,0
GT-KAR-2205-1D06C-I,716,RELIABLE,23500,0.229,0.0,0,0
GT-GJF-2401-2ETJZ-3,673,RELIABLE,28000,0.2438,26200.0,1,0
GT-KAR-2309-DD7TB-Q,918,PRIME,72000,0.1455,65900.0,1,0
GT-KLD-2203-R8MMG-2,719,RELIABLE,27500,0.2281,27200.0,1,1
GT-GJD-2206-G952N-X,829,STRONG,54500,0.175,56100.0,1,0
GT-TGH-2110-MGRZ4-5,742,RELIABLE,16500,0.2218,14600.0,1,0
GT-GJR-2212-2VA7B-1,731,RELIABLE,21000,0.2247,0.0,0,0
GT-KLD-2105-3VXZD-Y,708,RELIABLE,19000,0.2314,16200.0,1,0
GT-MHD-2209-BEQV1-7,619,EMERGING,11000,0.3,12400.0,1,1
GT-UPH-2401-HXR1V-S,705,RELIABLE,23000,0.2324,23400.0,1,1
GT-RJD-2105-QVG7F-7,763,RELIABLE,26000,0.2168,31000.0,1,0
GT-WBF-2303-MWG0Q-8,858,STRONG,45000,0.1712,41800.0,1,0
GT-GJD-2203-XWY5T-C,647,EMERGING,8500,0.2948,10500.0,1,1
GT-WBD-2204-33R55-L,696,RELIABLE,20500,0.2354,20300.0,1,0
GT-MHF-2306-D41HK-3,520,EMERGING,10500,0.3,0.0,0,1
GT-KLF-2210-T96M1-N,846,STRONG,61000,0.1727,50900.0,1,0
GT-DLF-2305-FJVT3-J,734,RELIABLE,31000,0.2239,31400.0,1,1
GT-TND-2109-BTHAR-W,800,STRONG,52500,0.1795,60100.0,1,0
GT-KLH-2312-WE5SZ-6,600,EMERGING,16500,0.3,0.0,0,0
GT-KAR-2312-0N1EE-W,778,RELIABLE,32500,0.2136,38200.0,1,1
GT-TGH-2204-YSF2F-2,617,EMERGING,11500,0.3,15000.0,1,0
GT-WBD-2109-8YE5N-2,633,EMERGING,9500,0.3,8600.0,1,0
GT-DLR-2111-H4JHM-J,781,RELIABLE,44500,0.213,0.0,0,0
GT-GJD-2210-C9AJC-5,648,EMERGING,14000,0.2943,11500.0,1,0
GT-WBW-2301-9YVNX-M,780,RELIABLE,30500,0.2133,33900.0,1,1
GT-DLW-2302-9A6CW-Z,748,RELIABLE,22500,0.2203,19000.0,1,0
GT-DLR-2308-W361H-0,798,RELIABLE,37500,0.2099,32400.0,1,0
GT-DLD-2101-ZVK1Y-X,600,EMERGING,16000,0.3,14300.0,1,0
GT-UPD-2210-EH56R-V,649,EMERGING,11500,0.2939,10800.0,1,1
GT-WBD-2403-M3GSP-C,644,EMERGING,8500,0.2962,8700.0,1,0
GT-UPC-2105-QFSRA-A,600,EMERGING,22000,0.3,0.0,0,0
GT-UPD-2311-P2X1P-9,722,RELIABLE,22000,0.2272,25400.0,1,0
GT-RJD-2301-X0AFT-1,547,EMERGING,5500,0.3,0.0,0,1
GT-RJR-2104-MGKZB-O,826,STRONG,45500,0.1754,41500.0,1,0
GT-GJD-2211-W7G02-S,650,RELIABLE,16500,0.2534,16300.0,1,0
GT-TNH-2106-K63EC-I,793,RELIABLE,41500,0.2107,40100.0,1,0
GT-GJD-2206-008Q2-F,896,STRONG,80500,0.1674,99400.0,1,0
GT-KLH-2202-M9RPV-0,738,RELIABLE,26000,0.2229,26400.0,1,0
GT-TNF-2212-5XR0T-R,845,STRONG,49500,0.1728,47600.0,1,0
GT-TGR-2308-MTQ6H-F,751,RELIABLE,28000,0.2196,28000.0,1,0
GT-RJR-2308-WKW70-K,893,STRONG,60500,0.1676,57600.0,1,0
GT-WBF-2308-CZ56Y-L,661,RELIABLE,20000,0.2487,22200.0,1,0
GT-MHF-2304-KKTG1-T,774,RELIABLE,26500,0.2145,22600.0,1,1
GT-TND-2205-Q3SYX-7,772,RELIABLE,33000,0.2149,28200.0,1,0
GT-DLC-2210-HG55K-V,741,RELIABLE,35500,0.2221,29800.0,1,0
GT-TGR-2302-D4QJM-5,877,STRONG,63500,0.1692,64900.0,1,0
GT-KLR-2108-MSQJ2-X,744,RELIABLE,40500,0.2213,41500.0,1,0
GT-RJR-2402-ZAXXZ-2,889,STRONG,72000,0.168,71100.0,1,0
GT-KLF-2301-W8RP1-8,904,PRIME,87000,0.1466,79500.0,1,0
GT-UPR-2109-CJ3MT-X,600,EMERGING,18500,0.3,14800.0,1,0
GT-WBR-2112-M26NY-8,772,RELIABLE,31500,0.2149,29900.0,1,0
GT-GJD-2403-PAH1G-6,850,STRONG,55500,0.1722,51300.0,1,0
GT-TGR-2311-GSD30-Q,632,EMERGING,10500,0.3,0.0,0,1
GT-KAD-2109-FMDNE-H,644,EMERGING,7500,0.2962,7900.0,1,1
GT-MHC-2204-TG8XK-6,870,STRONG,53000,0.1699,59300.0,1,0
GT-WBD-2205-G91X1-L,767,RELIABLE,36500,0.2159,40300.0,1,0
GT-GJH-2309-6470F-T,680,RELIABLE,26000,0.2411,26200.0,1,0
GT-DLF-2311-WX6NQ-I,763,RELIABLE,24000,0.2168,27700.0,1,0
GT-KAW-2304-FTHES-2,555,EMERGING,9000,0.3,8800.0,1,1
GT-KAH-2202-V52CV-1,736,RELIABLE,30500,0.2233,30600.0,1,1
GT-TND-2312-465S5-F,672,RELIABLE,23000,0.2442,23300.0,1,0
GT-RJR-2307-T9XAH-Z,829,STRONG,45000,0.175,39800.0,1,1
GT-TGD-2204-XEBK4-Y,799,RELIABLE,30000,0.2097,21400.0,1,0
GT-KLD-2205-ZVWRM-V,789,RELIABLE,31000,0.2115,32200.0,1,0
GT-RJR-2212-90TRZ-7,790,RELIABLE,49000,0.2113,51100.0,1,0
GT-RJF-2209-NQT5N-5,675,RELIABLE,18000,0.243,19700.0,1,1
GT-KLW-2211-28E3V-3,796,RELIABLE,39000,0.2102,43600.0,1,0
GT-DLD-2202-Z4FT2-Y,600,EMERGING,16000,0.3,0.0,0,0
GT-KLW-2304-M1DVE-C,893,STRONG,92000,0.1676,90300.0,1,0
GT-KLD-2103-165M5-7,906,PRIME,91500,0.1465,95800.0,1,0
GT-UPD-2402-192QK-R,557,EMERGING,7000,0.3,0.0,0,1
GT-MHD-2111-CGDR7-T,727,RELIABLE,22000,0.2258,0.0,0,1
GT-DLF-2107-0Q6VD-Z,660,RELIABLE,18500,0.2491,15300.0,1,0
GT-GJR-2302-WKR9S-O,778,RELIABLE,33000,0.2136,35100.0,1,0
GT-KAD-2112-1NGZ0-N,788,RELIABLE,29000,0.2117,29200.0,1,0
GT-RJD-2209-H74WY-5,704,RELIABLE,22500,0.2328,23700.0,1,1
GT-TGR-2108-RC3KZ-K,854,STRONG,85000,0.1717,104600.0,1,0
GT-KAW-2307-NCZCT-Y,656,RELIABLE,17500,0.2508,18900.0,1,1
GT-DLD-2206-9A518-5,600,EMERGING,12500,0.3,0.0,0,0
GT-TNW-2312-YXHBA-Z,675,RELIABLE,19500,0.243,18000.0,1,1
GT-GJF-2208-T23X1-R,764,RELIABLE,24500,0.2166,18400.0,1,1
GT-GJR-2309-AAY9H-9,678,RELIABLE,23500,0.2419,24500.0,1,0
GT-TND-2303-FX4G6-F,720,RELIABLE,18000,0.2278,18500.0,1,0
GT-GJC-2206-JF1TW-K,732,RELIABLE,26000,0.2244,23800.0,1,0
GT-RJR-2402-F6Y7H-0,686,RELIABLE,22500,0.2389,21900.0,1,0
GT-TNR-2304-BCT08-Q,826,STRONG,51000,0.1754,59300.0,1,0
GT-TNC-2109-EEG05-R,745,RELIABLE,29000,0.2211,28500.0,1,0
GT-MHC-2308-RP08S-L,833,STRONG,54000,0.1744,62600.0,1,0
GT-TNW-2310-ACFJW-M,702,RELIABLE,28500,0.2334,26600.0,1,0
GT-DLW-2404-3R0PG-N,771,RELIABLE,24000,0.2151,23200.0,1,0
GT-UPD-2106-93KPP-6,716,RELIABLE,34500,0.229,0.0,0,1
GT-MHW-2108-DCK76-E,600,EMERGING,12500,0.3,0.0,0,0
GT-WBD-2304-29ZQN-E,862,STRONG,74000,0.1708,73600.0,1,0
GT-UPC-2110-KMCSD-8,600,EMERGING,10000,0.3,0.0,0,0
GT-DLR-2302-CB8X8-L,789,RELIABLE,36000,0.2115,0.0,0,0
GT-KAD-2203-17JK0-B,735,RELIABLE,26000,0.2236,31200.0,1,0
GT-GJR-2311-XS8AQ-J,802,STRONG,44500,0.1792,43700.0,1,0
GT-WBW-2304-V8Z36-V,734,RELIABLE,22500,0.2239,19800.0,1,0
GT-WBR-2101-7W4AG-U,811,STRONG,49000,0.1777,41300.0,1,0
GT-RJW-2110-BS4ZW-M,766,RELIABLE,34000,0.2161,39600.0,1,0
GT-MHD-2302-5QN1C-R,889,STRONG,68500,0.168,61700.0,1,0
GT-MHD-2309-PJBEH-O,671,RELIABLE,27500,0.2446,19100.0,1,1
GT-TGR-2110-MPGG8-K,520,EMERGING,9500,0.3,0.0,0,1
GT-WBR-2201-D0HF2-A,699,RELIABLE,20000,0.2344,23900.0,1,0
GT-KLF-2212-TDD93-C,600,EMERGING,5500,0.3,0.0,0,1
GT-GJH-2401-9C4A5-2,665,RELIABLE,15000,0.247,0.0,0,0
GT-DLF-2205-6GGX6-Q,823,STRONG,46500,0.1758,51700.0,1,0
GT-RJR-2302-YE1XG-X,725,RELIABLE,23000,0.2264,20800.0,1,0
GT-TGR-2101-F2SHC-P,746,RELIABLE,25500,0.2208,24400.0,1,1
GT-RJC-2206-6KE8K-E,712,RELIABLE,26000,0.2302,22800.0,1,1
GT-DLF-2208-21STD-B,702,RELIABLE,23000,0.2334,21600.0,1,1
GT-UPW-2102-9SEGK-Y,844,STRONG,59500,0.1729,55900.0,1,0
GT-WBD-2208-2FQW0-S,678,RELIABLE,30500,0.2419,34000.0,1,1
GT-WBW-2101-JRMSS-X,701,RELIABLE,18500,0.2337,0.0,0,1
GT-KLD-2102-RNJ0F-J,799,RELIABLE,36000,0.2097,37300.0,1,0
GT-MHW-2101-DAC00-N,713,RELIABLE,20500,0.2299,21100.0,1,0
GT-TNC-2403-GJ061-J,894,STRONG,74500,0.1675,70400.0,1,0
GT-MHC-2404-Z5WM5-W,673,RELIABLE,20500,0.2438,17300.0,1,0
GT-RJD-2305-4MVV2-U,829,STRONG,82500,0.175,83000.0,1,0
GT-RJW-2103-8JRGW-8,843,STRONG,62500,0.1731,49100.0,1,0
GT-RJD-2301-RQ5G1-H,741,RELIABLE,33000,0.2221,23600.0,1,1
GT-DLR-2303-5Z2VK-Z,652,RELIABLE,25000,0.2526,0.0,0,1
GT-DLF-2203-2843Z-3,803,STRONG,64000,0.179,67700.0,1,0
GT-TGR-2401-GXAV7-M,828,STRONG,41500,0.1751,45400.0,1,0
GT-UPD-2210-T76ME-J,664,RELIABLE,19500,0.2474,15300.0,1,1
GT-UPF-2211-WA01W-3,702,RELIABLE,17500,0.2334,0.0,0,0
GT-KLF-2106-ER7D6-U,565,EMERGING,7000,0.3,0.0,0,0
GT-UPF-2104-WQSNW-G,753,RELIABLE,35000,0.2191,34100.0,1,0
GT-KLR-2206-A1EQG-4,717,RELIABLE,20500,0.2287,17500.0,1,0
GT-DLF-2202-ZYQ5D-H,776,RELIABLE,22500,0.214,27900.0,1,0
GT-GJR-2107-BA9S7-R,632,EMERGING,10000,0.3,0.0,0,1
GT-WBD-2210-7R081-F,713,RELIABLE,14500,0.2299,13100.0,1,1
GT-MHR-2309-YJSTN-1,715,RELIABLE,32000,0.2293,0.0,0,0
GT-KLW-2401-B8H53-Y,733,RELIABLE,19500,0.2242,19500.0,1,1
GT-MHD-2309-CWZP9-U,759,RELIABLE,34500,0.2177,41100.0,1,1
GT-RJD-2108-EPHWV-B,810,STRONG,55500,0.1779,56700.0,1,0
GT-DLC-2107-30EPV-B,911,PRIME,79500,0.1461,73000.0,1,0
GT-DLC-2209-DCNEM-M,733,RELIABLE,29500,0.2242,24100.0,1,1
GT-GJF-2209-N7RCK-2,816,STRONG,64000,0.1769,65400.0,1,0
GT-TGW-2105-DRQ8E-4,688,RELIABLE,26000,0.2382,23300.0,1,0
GT-TNH-2103-04SMQ-C,606,EMERGING,10500,0.3,8300.0,1,0
GT-KLR-2102-611W5-N,726,RELIABLE,27000,0.2261,30600.0,1,1
GT-GJD-2105-JCRX4-O,591,EMERGING,7500,0.3,9300.0,1,1
GT-GJF-2108-C6DQX-H,737,RELIABLE,25500,0.2231,32200.0,1,0
GT-UPC-2105-Q41EG-5,652,RELIABLE,17500,0.2526,19400.0,1,0
GT-RJF-2212-5R96Y-S,520,EMERGING,7500,0.3,0.0,0,1
GT-MHD-2303-GAF0F-W,888,STRONG,78500,0.1681,74900.0,1,0
GT-TGC-2204-J1ZD4-Y,721,RELIABLE,26500,0.2275,29100.0,1,0
GT-KLW-2208-T0S3V-U,631,EMERGING,10000,0.3,11100.0,1,1
GT-RJR-2310-Q1TWV-B,827,STRONG,54000,0.1752,47800.0,1,0
GT-KAH-2307-ZQ2QX-K,699,RELIABLE,23000,0.2344,23500.0,1,1
GT-DLW-2303-WGZE0-L,841,STRONG,55000,0.1733,54300.0,1,0
GT-DLW-2306-M8Q71-X,733,RELIABLE,31000,0.2242,31600.0,1,0
GT-WBH-2109-BD3RM-F,600,EMERGING,14500,0.3,16700.0,1,0
GT-RJD-2209-4FNDD-A,776,RELIABLE,29500,0.214,26100.0,1,1
GT-TGW-2305-E5SS3-K,778,RELIABLE,40000,0.2136,46400.0,1,0
GT-MHR-2208-PPCKZ-X,834,STRONG,46000,0.1743,44200.0,1,0
GT-WBC-2106-T779H-D,600,EMERGING,15500,0.3,16300.0,1,1
GT-DLC-2206-B0DR9-4,839,STRONG,58500,0.1736,66000.0,1,0
GT-GJW-2401-86HVA-A,800,STRONG,38500,0.1795,31400.0,1,0
GT-KLW-2308-J1WNE-J,786,RELIABLE,47000,0.2121,39700.0,1,0
GT-GJW-2312-JXARJ-T,756,RELIABLE,24500,0.2184,28700.0,1,0
GT-KLD-2310-BCRVS-N,680,RELIABLE,19000,0.2411,13900.0,1,1
GT-WBR-2204-S5EBC-X,791,RELIABLE,34500,0.2112,40600.0,1,0
GT-RJD-2307-2D9DG-4,741,RELIABLE,31500,0.2221,35400.0,1,0
GT-KLW-2205-AP9F0-T,600,EMERGING,18500,0.3,0.0,0,1
GT-MHF-2206-ZJBVX-S,834,STRONG,77500,0.1743,65700.0,1,0
GT-GJF-2105-J28QW-L,670,RELIABLE,18500,0.245,18300.0,1,1
GT-DLD-2102-H4SX2-5,859,STRONG,64500,0.1711,52000.0,1,1
GT-KAF-2309-1C95V-6,600,EMERGING,13000,0.3,12500.0,1,0
GT-DLR-2103-8KBZ7-F,768,RELIABLE,24500,0.2157,25800.0,1,0
GT-MHH-2210-S7C6A-I,600,EMERGING,12500,0.3,0.0,0,1
GT-MHC-2207-J6R5R-8,627,EMERGING,10500,0.3,9600.0,1,0
GT-KAR-2203-7RQ18-Q,743,RELIABLE,25500,0.2215,0.0,0,0
GT-KLW-2102-91A11-X,780,RELIABLE,33000,0.2133,30300.0,1,0
GT-TGD-2109-YP2V7-I,782,RELIABLE,32500,0.2128,38300.0,1,0
GT-MHD-2205-4V5SY-N,755,RELIABLE,25000,0.2186,27600.0,1,0
GT-TNF-2401-XM18P-Z,593,EMERGING,11500,0.3,0.0,0,1
GT-UPW-2305-A9145-7,657,RELIABLE,17500,0.2503,20100.0,1,1
GT-GJD-2402-BEFJA-U,882,STRONG,87500,0.1687,102800.0,1,0
GT-KAD-2202-VZH13-D,641,EMERGING,8500,0.2975,8100.0,1,0
GT-MHR-2105-FC3JG-L,856,STRONG,61500,0.1714,63000.0,1,0
GT-WBD-2303-G5BA9-D,663,RELIABLE,19500,0.2478,0.0,0,0
GT-KLR-2305-TS4XM-A,741,RELIABLE,41500,0.2221,34600.0,1,0
GT-KAR-2105-MX67Z-4,786,RELIABLE,31500,0.2121,34900.0,1,0
GT-RJC-2211-E3SF5-D,600,EMERGING,12000,0.3,14500.0,1,1
GT-KAD-2305-1CHMX-B,858,STRONG,57000,0.1712,72300.0,1,0
GT-TGD-2301-MK0E9-Y,725,RELIABLE,25000,0.2264,27100.0,1,1
GT-DLD-2111-YZE98-F,781,RELIABLE,34500,0.213,38200.0,1,1
GT-TGD-2201-GGTQV-8,735,RELIABLE,29000,0.2236,27800.0,1,0
GT-KLW-2104-EP013-D,680,RELIABLE,38000,0.2411,43300.0,1,0
GT-DLR-2102-KZ18P-M,893,STRONG,55500,0.1676,59200.0,1,1
GT-GJD-2201-A5V7X-C,749,RELIABLE,22000,0.22,21700.0,1,0
GT-TNH-2105-7TBM0-N,894,STRONG,89000,0.1675,78700.0,1,0
GT-GJW-2106-M3HWG-5,717,RELIABLE,29000,0.2287,27400.0,1,1
GT-KAD-2211-64WDZ-M,797,RELIABLE,37000,0.2101,39200.0,1,0
GT-DLD-2206-E362N-4,785,RELIABLE,36500,0.2122,36800.0,1,0
GT-KLC-2106-2EQX3-H,650,RELIABLE,27000,0.2534,27000.0,1,0
GT-UPF-2308-R8KQN-X,807,STRONG,67000,0.1783,61400.0,1,0
GT-KLH-2206-G2FW4-H,790,RELIABLE,33000,0.2113,29900.0,1,1
GT-GJD-2303-E9K4R-Y,674,RELIABLE,26000,0.2434,26900.0,1,0
GT-MHW-2105-582YB-1,790,RELIABLE,30500,0.2113,23800.0,1,0
GT-TGD-2103-D2NRQ-C,783,RELIABLE,23000,0.2127,23400.0,1,0
GT-RJD-2108-K1XTH-L,705,RELIABLE,29500,0.2324,33400.0,1,0
GT-GJW-2307-A5M3J-0,520,EMERGING,22000,0.3,24100.0,1,0
GT-WBF-2106-TNCWK-Q,732,RELIABLE,27500,0.2244,24900.0,1,0
GT-RJD-2303-NTRA2-F,600,EMERGING,10000,0.3,10900.0,1,1
GT-MHD-2302-5Y36G-B,820,STRONG,53000,0.1763,49100.0,1,0
GT-KLW-2208-6QMPG-0,520,EMERGING,8500,0.3,0.0,0,0
GT-MHD-2304-DPD32-D,895,STRONG,64000,0.1674,66600.0,1,0
GT-KLD-2310-Q4ND0-B,612,EMERGING,8500,0.3,10600.0,1,0
GT-RJD-2206-PX6WA-A,720,RELIABLE,15500,0.2278,12600.0,1,0
GT-TGD-2111-SBQBB-D,719,RELIABLE,27000,0.2281,25800.0,1,1
GT-TGW-2305-3SAP7-F,901,PRIME,88500,0.1469,75000.0,1,0
GT-KAD-2402-06JKG-H,613,EMERGING,14500,0.3,0.0,0,1
GT-TNR-2207-XYFK8-2,694,RELIABLE,34000,0.2361,40200.0,1,0
GT-DLF-2106-0PY35-O,808,STRONG,61000,0.1782,67200.0,1,0
GT-UPD-2106-R2A8J-K,770,RELIABLE,27000,0.2153,29100.0,1,0
GT-MHF-2308-2Z6XP-S,863,STRONG,63000,0.1707,53300.0,1,0
GT-RJD-2205-GVCQJ-7,680,RELIABLE,30000,0.2411,0.0,0,0
GT-TNW-2301-0P5V1-T,698,RELIABLE,23000,0.2347,24400.0,1,0
GT-RJW-2110-VXEYZ-N,813,STRONG,62500,0.1774,56700.0,1,0
GT-TNW-2303-ABBAS-B,649,EMERGING,9500,0.2939,0.0,0,0
GT-UPR-2311-60ZB2-X,757,RELIABLE,26000,0.2182,28500.0,1,0
GT-GJW-2112-A00AV-O,661,RELIABLE,21000,0.2487,19800.0,1,0
GT-KLF-2306-M3TVA-0,736,RELIABLE,26500,0.2233,23000.0,1,0
GT-WBR-2101-PV3TX-E,662,RELIABLE,19500,0.2482,0.0,0,1
GT-TND-2301-0JWJ0-D,786,RELIABLE,40500,0.2121,37200.0,1,0
GT-GJD-2202-187YT-K,625,EMERGING,7500,0.3,8100.0,1,1
GT-KAD-2311-DDT0B-U,737,RELIABLE,26500,0.2231,25500.0,1,0
GT-KLD-2306-5YFRS-2,645,EMERGING,10500,0.2957,0.0,0,1
GT-GJC-2106-5RE9P-A,679,RELIABLE,18000,0.2415,20300.0,1,0
GT-KAH-2204-XY8RJ-Z,821,STRONG,53000,0.1761,48600.0,1,0
GT-MHD-2108-DY19P-9,803,STRONG,52000,0.179,54400.0,1,0
GT-KAH-2112-EAKY8-I,835,STRONG,45500,0.1741,37800.0,1,0
GT-GJF-2303-NY4RP-2,897,STRONG,100000,0.1672,74800.0,1,0
GT-GJR-2107-E79Y8-G,732,RELIABLE,32500,0.2244,30200.0,1,0
GT-MHH-2304-ZHNWN-N,890,STRONG,74000,0.1679,74500.0,1,0
GT-WBF-2204-TTQKB-N,600,EMERGING,12000,0.3,0.0,0,0
GT-TGF-2106-4YP0Q-G,796,RELIABLE,40500,0.2102,36000.0,1,0
GT-TGD-2103-H09CX-0,742,RELIABLE,29000,0.2218,30000.0,1,0
GT-GJD-2208-YWJ0W-Y,645,EMERGING,12500,0.2957,0.0,0,1
GT-RJC-2403-9Z6XR-7,784,RELIABLE,59000,0.2125,59000.0,1,0
GT-KLD-2202-XHYFC-9,828,STRONG,45500,0.1751,60000.0,1,1
GT-MHD-2108-Q4NRB-E,833,STRONG,51000,0.1744,57100.0,1,0
GT-KLD-2105-KA24D-6,760,RELIABLE,28500,0.2175,31100.0,1,0
GT-WBR-2212-TV6RM-K,775,RELIABLE,36000,0.2142,39200.0,1,0
GT-MHR-2208-SZH5M-C,680,RELIABLE,43500,0.2411,32900.0,1,1
GT-KLH-2401-67X8D-4,792,RELIABLE,30500,0.211,32300.0,1,0
GT-TNR-2309-PFF94-H,778,RELIABLE,37000,0.2136,44300.0,1,0
GT-TGC-2103-ZFZDY-1,770,RELIABLE,31500,0.2153,31400.0,1,0
GT-KLF-2208-EKKCN-9,812,STRONG,55000,0.1775,50600.0,1,0
GT-WBR-2101-PSF1J-D,603,EMERGING,10500,0.3,0.0,0,1
GT-MHD-2212-7J0AE-R,749,RELIABLE,27500,0.22,28800.0,1,1
GT-KAD-2304-V2KTB-S,636,EMERGING,12000,0.2999,0.0,0,1
GT-RJC-2310-57R43-8,758,RELIABLE,27000,0.2179,26500.0,1,0
GT-TNW-2102-4AM9Z-R,856,STRONG,58500,0.1714,60200.0,1,0
GT-KAR-2303-N12FG-1,734,RELIABLE,26500,0.2239,22100.0,1,0
GT-KAC-2207-PPXEM-I,761,RELIABLE,33500,0.2173,42100.0,1,0
GT-KLW-2211-F588F-K,840,STRONG,71000,0.1735,63500.0,1,0
GT-WBD-2107-VCQE8-C,602,EMERGING,11500,0.3,12900.0,1,0
GT-WBF-2210-DR1BQ-H,740,RELIABLE,27000,0.2223,0.0,0,1
GT-WBW-2101-4SV33-D,797,RELIABLE,49000,0.2101,42500.0,1,0
GT-TGW-2203-Z5SEQ-J,516,EMERGING,6000,0.3,0.0,0,1
GT-KLD-2107-N8S1B-Q,632,EMERGING,9500,0.3,8100.0,1,1
GT-GJD-2307-FNE10-D,835,STRONG,56000,0.1741,77800.0,1,0
GT-GJR-2206-DXQ85-P,846,STRONG,72000,0.1727,63100.0,1,0
GT-RJD-2403-WT80T-Q,825,STRONG,58500,0.1755,67200.0,1,1
GT-KAD-2211-V7D7X-H,779,RELIABLE,32500,0.2134,33600.0,1,0
GT-TNF-2107-BT6H5-K,775,RELIABLE,33000,0.2142,29800.0,1,1
GT-RJR-2208-AJ784-1,803,STRONG,43000,0.179,47100.0,1,0
GT-KAD-2204-22XVH-C,600,EMERGING,14500,0.3,13000.0,1,0
GT-TNF-2103-FAS5R-T,755,RELIABLE,30000,0.2186,26800.0,1,0
GT-MHD-2209-44G0D-N,678,RELIABLE,29500,0.2419,0.0,0,0
GT-UPR-2108-TFJTS-1,871,STRONG,63000,0.1698,68200.0,1,1
GT-RJW-2309-083AP-O,872,STRONG,53000,0.1697,51500.0,1,0
GT-DLC-2207-S2TB9-L,819,STRONG,44500,0.1764,32400.0,1,0
GT-GJD-2207-WFV7Z-J,767,RELIABLE,30000,0.2159,23600.0,1,1
GT-UPC-2211-VJFV6-S,685,RELIABLE,18000,0.2393,0.0,0,1
GT-KLC-2204-DT35F-W,843,STRONG,59000,0.1731,62200.0,1,0
GT-KLF-2307-PJNXF-D,779,RELIABLE,32500,0.2134,34400.0,1,0
GT-TGH-2110-3RHAT-S,799,RELIABLE,33000,0.2097,32800.0,1,0
GT-KAD-2108-TRFXK-T,760,RELIABLE,25000,0.2175,23500.0,1,0
GT-UPD-2211-4GTEB-R,791,RELIABLE,31000,0.2112,33600.0,1,1
GT-WBC-2312-WPWK7-J,680,RELIABLE,26000,0.2411,0.0,0,0
GT-TGR-2111-9JX5X-D,829,STRONG,66500,0.175,63300.0,1,0
GT-WBR-2211-5G2PP-H,874,STRONG,72000,0.1695,81900.0,1,1
GT-GJD-2309-YCZW5-7,918,PRIME,122000,0.1455,114900.0,1,0
GT-DLD-2208-VQ87P-3,812,STRONG,42000,0.1775,45300.0,1,1
GT-TND-2107-EAVGJ-S,681,RELIABLE,19000,0.2407,14600.0,1,0
GT-TND-2104-H5DA5-U,792,RELIABLE,28000,0.211,23400.0,1,0
GT-TGH-2303-VW77X-E,680,RELIABLE,58000,0.2411,56200.0,1,0
GT-GJD-2206-F7YRV-9,686,RELIABLE,17000,0.2389,19300.0,1,0
GT-KAW-2109-6HZKH-9,737,RELIABLE,29500,0.2231,27800.0,1,0
GT-DLD-2104-TR6FJ-J,889,STRONG,54000,0.168,50900.0,1,0
GT-UPD-2207-TWK5E-D,806,STRONG,63500,0.1785,63300.0,1,0
GT-KAC-2108-DH1JW-J,919,PRIME,122500,0.1454,122000.0,1,1
GT-UPD-2107-8GYZR-O,672,RELIABLE,17500,0.2442,0.0,0,0
GT-UPD-2306-QTMHK-T,665,RELIABLE,19000,0.247,21800.0,1,0
GT-TNW-2308-40KMB-X,852,STRONG,68500,0.1719,69400.0,1,0
GT-GJD-2110-RS289-P,667,RELIABLE,26000,0.2462,26400.0,1,0
GT-TGD-2402-PVZEN-N,748,RELIABLE,19000,0.2203,14000.0,1,1
GT-DLH-2108-G0N3V-I,600,EMERGING,17000,0.3,0.0,0,0
GT-MHR-2309-WTXQK-U,600,EMERGING,26500,0.3,24900.0,1,0
GT-KLF-2205-ZEJ1J-W,805,STRONG,50500,0.1787,56300.0,1,0
GT-RJD-2104-BH6VN-W,827,STRONG,62000,0.1752,67400.0,1,0
GT-RJD-2107-FGTQG-V,725,RELIABLE,21500,0.2264,19700.0,1,0
GT-MHR-2201-PR9K0-7,882,STRONG,62000,0.1687,45500.0,1,0
GT-KLF-2208-J6JRZ-B,978,PRIME,170500,0.1418,127500.0,1,0
GT-GJD-2207-AV94G-R,809,STRONG,50000,0.178,60800.0,1,1
GT-WBC-2311-8W7SE-J,763,RELIABLE,30000,0.2168,31700.0,1,0
GT-TNW-2106-ZN6V1-R,639,EMERGING,11500,0.2985,11800.0,1,0
GT-DLR-2204-TCG2D-P,742,RELIABLE,23000,0.2218,19800.0,1,0
GT-TNR-2106-Y8JNT-9,735,RELIABLE,24000,0.2236,0.0,0,0
GT-MHF-2402-E64T8-9,706,RELIABLE,27500,0.2321,31100.0,1,0
GT-UPW-2402-DRPWM-H,758,RELIABLE,23500,0.2179,24800.0,1,0
GT-KLD-2108-MSM01-4,895,STRONG,80000,0.1674,87300.0,1,0
GT-KLC-2301-BK71K-W,851,STRONG,63000,0.172,65300.0,1,0
GT-RJR-2112-BGA79-S,600,EMERGING,17500,0.3,18200.0,1,1
GT-MHH-2206-30RNH-A,641,EMERGING,8000,0.2975,0.0,0,0
GT-UPH-2205-XHDB0-J,905,PRIME,102500,0.1466,102800.0,1,0
GT-RJD-2108-RCKWP-2,725,RELIABLE,20000,0.2264,23300.0,1,0
GT-WBR-2110-E5X9X-L,620,EMERGING,11000,0.3,9900.0,1,1
GT-WBR-2111-8AW41-R,790,RELIABLE,33500,0.2113,31300.0,1,0
GT-TNR-2209-84TSF-U,831,STRONG,63000,0.1747,63700.0,1,0
GT-RJW-2212-3NVDG-4,520,EMERGING,6500,0.3,0.0,0,1
GT-UPD-2306-BFTHY-W,668,RELIABLE,21000,0.2458,17200.0,1,1
GT-GJF-2403-JFNAK-G,745,RELIABLE,29500,0.2211,24200.0,1,0
GT-KAH-2103-3KTRB-E,814,STRONG,53500,0.1772,41000.0,1,0
GT-KLH-2304-1N0H6-W,715,RELIABLE,23500,0.2293,19600.0,1,1
GT-WBD-2203-50BMB-P,704,RELIABLE,23000,0.2328,0.0,0,0
GT-KLH-2110-80CVX-O,783,RELIABLE,49500,0.2127,39400.0,1,0
GT-GJD-2102-5NQWB-Y,664,RELIABLE,16500,0.2474,0.0,0,0
GT-WBR-2310-VBCYY-U,794,RELIABLE,43000,0.2106,40000.0,1,0
GT-UPD-2307-9ZM2Q-O,669,RELIABLE,22000,0.2454,20600.0,1,0
GT-DLF-2111-EKQJJ-B,600,EMERGING,10000,0.3,0.0,0,1
GT-TGD-2112-2KXWS-M,600,EMERGING,16500,0.3,13800.0,1,0
GT-KAD-2112-NH001-D,781,RELIABLE,42500,0.213,33400.0,1,0
GT-UPD-2312-6KT2J-C,818,STRONG,47000,0.1766,46100.0,1,0
GT-TNC-2212-6A13S-V,727,RELIABLE,31500,0.2258,27600.0,1,1
GT-KAF-2212-0Y8H9-R,675,RELIABLE,22000,0.243,0.0,0,1
GT-UPF-2309-96D03-9,850,STRONG,81000,0.1722,86500.0,1,0
GT-DLF-2107-Y84V1-C,595,EMERGING,8000,0.3,9100.0,1,1
GT-DLR-2210-FTSP5-7,887,STRONG,53500,0.1682,59700.0,1,0
GT-MHD-2209-83009-K,885,STRONG,65500,0.1684,55000.0,1,1
GT-GJD-2310-HVDMW-U,787,RELIABLE,30500,0.2119,30200.0,1,0
GT-TNR-2311-MJQZB-Y,683,RELIABLE,21500,0.24,0.0,0,0
GT-WBH-2106-BAM63-6,674,RELIABLE,28000,0.2434,21500.0,1,0
GT-TND-2101-RB4XA-R,732,RELIABLE,24500,0.2244,26300.0,1,0
GT-UPF-2309-YTNVG-1,656,RELIABLE,19000,0.2508,17300.0,1,0
GT-TNW-2106-RTEGD-C,681,RELIABLE,26000,0.2407,26300.0,1,1
GT-UPC-2202-JEM8D-G,814,STRONG,51000,0.1772,43700.0,1,0
GT-TGD-2208-CN841-K,810,STRONG,61500,0.1779,61500.0,1,0
GT-KAH-2205-QE1JV-U,641,EMERGING,13000,0.2975,16100.0,1,0
GT-TGF-2304-N7758-1,809,STRONG,68000,0.178,61800.0,1,0
GT-DLR-2402-EX565-X,785,RELIABLE,32000,0.2122,30200.0,1,0
GT-TGW-2209-CYBAC-R,902,PRIME,87000,0.1468,79500.0,1,0
GT-MHD-2110-8302F-E,821,STRONG,66500,0.1761,66700.0,1,0
GT-UPW-2211-YZP72-X,879,STRONG,60500,0.169,68800.0,1,0
GT-GJF-2104-JAAKX-E,795,RELIABLE,34500,0.2104,36200.0,1,0
GT-MHW-2204-0FGZ4-P,817,STRONG,48000,0.1767,48500.0,1,0
GT-KLC-2209-NFPH7-F,600,EMERGING,12500,0.3,0.0,0,1
GT-TNF-2403-J1W6F-6,744,RELIABLE,19000,0.2213,18200.0,1,0
GT-DLD-2201-WZC53-2,776,RELIABLE,28000,0.214,31800.0,1,1
GT-KAD-2107-XWEVV-Z,699,RELIABLE,32500,0.2344,28100.0,1,0
GT-DLC-2204-4QQV4-9,789,RELIABLE,31000,0.2115,28200.0,1,0
GT-KAF-2210-Z24HG-K,834,STRONG,37000,0.1743,46000.0,1,0
GT-TGC-2204-P36BX-M,600,EMERGING,16000,0.3,15500.0,1,0
GT-GJR-2308-XC829-1,719,RELIABLE,22500,0.2281,19600.0,1,0
GT-TNR-2103-AE44S-Z,679,RELIABLE,31500,0.2415,30200.0,1,0
GT-RJC-2301-5X6Q8-U,824,STRONG,59500,0.1757,59300.0,1,0
GT-KLW-2306-86PQ3-0,807,STRONG,53000,0.1783,47700.0,1,0
GT-TNR-2311-Q3DWD-W,622,EMERGING,8500,0.3,9200.0,1,1
GT-GJD-2301-FTJ22-X,774,RELIABLE,31000,0.2145,32700.0,1,0
GT-TGC-2212-X494H-3,644,EMERGING,13000,0.2962,9400.0,1,0
GT-DLW-2312-8VJBS-W,803,STRONG,54500,0.179,51200.0,1,1
GT-DLR-2305-VE2GS-0,740,RELIABLE,23500,0.2223,22300.0,1,1
GT-WBR-2211-CF60M-R,696,RELIABLE,25500,0.2354,22300.0,1,0
GT-MHD-2308-JHBT1-K,870,STRONG,52000,0.1699,44100.0,1,0
GT-GJR-2112-WXN2G-F,703,RELIABLE,16000,0.2331,16200.0,1,1
GT-RJD-2303-G9VFN-U,820,STRONG,33500,0.1763,31400.0,1,0
GT-TND-2305-VWRAH-Q,915,PRIME,106500,0.1457,114900.0,1,0
GT-WBC-2211-79171-W,859,STRONG,70500,0.1711,56000.0,1,0
GT-KLR-2308-4WE4E-8,762,RELIABLE,25500,0.217,0.0,0,0
GT-UPW-2205-GMSCN-R,662,RELIABLE,17500,0.2482,18700.0,1,0
GT-TGR-2202-MJEXG-W,629,EMERGING,9000,0.3,0.0,0,0
GT-RJD-2306-SW8SA-4,704,RELIABLE,22000,0.2328,25600.0,1,0
GT-KAR-2404-B7MMK-X,693,RELIABLE,20500,0.2364,21300.0,1,1
GT-WBD-2210-A1H7R-L,670,RELIABLE,30000,0.245,32900.0,1,1
GT-DLF-2211-N04KW-T,714,RELIABLE,23500,0.2296,0.0,0,0
GT-MHC-2305-TF349-V,784,RELIABLE,29500,0.2125,30800.0,1,0
GT-WBW-2110-VMRKS-B,804,STRONG,43000,0.1788,39400.0,1,0
GT-UPW-2312-17C54-7,655,RELIABLE,18500,0.2512,21100.0,1,1
GT-UPC-2311-53M1J-C,600,EMERGING,19500,0.3,21500.0,1,0
GT-UPW-2201-APY6Y-C,728,RELIABLE,43000,0.2256,40800.0,1,0
GT-DLR-2404-HG9Y2-C,520,EMERGING,13500,0.3,0.0,0,0
GT-TGF-2111-GDCQ3-S,873,STRONG,73500,0.1696,52200.0,1,0
GT-MHR-2306-EVN3M-Z,600,EMERGING,19500,0.3,0.0,0,0
GT-GJD-2303-DW8C9-V,609,EMERGING,11000,0.3,0.0,0,0
GT-RJF-2211-PN470-Y,818,STRONG,53500,0.1766,55300.0,1,0
GT-TGW-2211-33BJK-K,764,RELIABLE,40000,0.2166,35300.0,1,0
GT-TND-2104-ZT90E-5,797,RELIABLE,31000,0.2101,34000.0,1,1
GT-TNH-2304-NGVNX-1,642,EMERGING,10500,0.2971,0.0,0,1
GT-GJD-2303-KFYF8-F,870,STRONG,89000,0.1699,73200.0,1,0
GT-GJW-2304-MQCAS-P,631,EMERGING,11500,0.3,0.0,0,0
GT-TGH-2201-C6S29-L,777,RELIABLE,39500,0.2139,42900.0,1,0
GT-DLD-2307-5WR0C-9,714,RELIABLE,22500,0.2296,0.0,0,0
GT-TGC-2107-BS1R4-5,600,EMERGING,15000,0.3,15600.0,1,0
GT-TNW-2112-0TVZT-I,889,STRONG,68500,0.168,65300.0,1,0
GT-KAW-2301-VCYXX-X,824,STRONG,53500,0.1757,65700.0,1,0
GT-TGH-2109-DG9F9-S,728,RELIABLE,38000,0.2256,40100.0,1,0
GT-RJF-2306-TMCDV-A,849,STRONG,71000,0.1723,73200.0,1,0
GT-GJR-2103-1NR0C-J,703,RELIABLE,22000,0.2331,18200.0,1,0
GT-MHF-2404-24JR1-I,737,RELIABLE,24500,0.2231,22500.0,1,0
GT-RJR-2210-DDZ5D-7,671,RELIABLE,24000,0.2446,22200.0,1,0
GT-DLD-2401-BV61X-2,702,RELIABLE,21500,0.2334,19200.0,1,0
GT-GJD-2211-04QA3-R,742,RELIABLE,16500,0.2218,15000.0,1,1
GT-WBR-2310-4EHDN-7,791,RELIABLE,37500,0.2112,33200.0,1,0
GT-UPW-2202-YR2J5-Z,655,RELIABLE,19000,0.2512,16500.0,1,1
GT-UPH-2201-BMYVX-5,600,EMERGING,13000,0.3,14500.0,1,0
GT-DLH-2212-ZB8QS-L,676,RELIABLE,24500,0.2427,28100.0,1,0
GT-UPD-2308-7QQD9-G,860,STRONG,57000,0.171,61000.0,1,0
GT-WBR-2403-0KB4Z-4,707,RELIABLE,20000,0.2318,19900.0,1,0
GT-TNR-2305-97G96-K,674,RELIABLE,29500,0.2434,27400.0,1,0
GT-MHD-2306-2V40D-Q,746,RELIABLE,31500,0.2208,27500.0,1,1
GT-WBF-2308-WNWDP-K,686,RELIABLE,19000,0.2389,0.0,0,0
GT-TGR-2205-FJB9H-0,680,RELIABLE,33500,0.2411,0.0,0,0
GT-TGH-2311-WMPRE-4,769,RELIABLE,32000,0.2155,29400.0,1,0
GT-GJD-2310-GMNB0-O,520,EMERGING,14000,0.3,0.0,0,0
GT-UPW-2306-7TZXX-H,821,STRONG,55000,0.1761,70600.0,1,0
GT-MHC-2212-W9380-B,681,RELIABLE,18500,0.2407,17900.0,1,1
GT-DLW-2203-KTCM8-K,648,EMERGING,10000,0.2943,9000.0,1,0
GT-KLD-2312-RQYMQ-9,806,STRONG,48000,0.1785,58000.0,1,0
GT-WBD-2111-6ZC10-U,676,RELIABLE,18000,0.2427,0.0,0,1
GT-TGH-2205-PTBRP-G,639,EMERGING,10500,0.2985,0.0,0,1
GT-KLD-2102-7XP43-M,794,RELIABLE,46000,0.2106,36000.0,1,0
GT-GJD-2401-5Z7XR-P,834,STRONG,49500,0.1743,48800.0,1,0
GT-RJH-2101-ZJT23-3,700,RELIABLE,20000,0.2341,15600.0,1,0
GT-TGW-2209-ZQE95-X,667,RELIABLE,20500,0.2462,23500.0,1,0
GT-MHW-2307-G2MBF-R,697,RELIABLE,25000,0.235,23900.0,1,0
GT-UPD-2105-9KRFD-B,884,STRONG,55000,0.1684,48900.0,1,0
GT-RJR-2109-W2D9G-8,862,STRONG,48500,0.1708,44900.0,1,0
GT-WBC-2306-SZEGH-0,672,RELIABLE,26500,0.2442,23700.0,1,0
GT-TGD-2211-BKK6Q-O,780,RELIABLE,30500,0.2133,42500.0,1,0
GT-MHD-2112-KVBYG-B,656,RELIABLE,20500,0.2508,0.0,0,1
GT-DLD-2308-9W9FJ-7,698,RELIABLE,21000,0.2347,0.0,0,0
GT-KLF-2111-QNMFK-M,600,EMERGING,13000,0.3,13700.0,1,0
GT-MHD-2102-DWDW2-H,600,EMERGING,16500,0.3,16000.0,1,0
GT-GJC-2401-14Q2J-1,727,RELIABLE,20500,0.2258,19800.0,1,0
GT-GJD-2201-8H2KH-B,786,RELIABLE,29500,0.2121,30300.0,1,0
GT-TGD-2201-MX3ZQ-W,757,RELIABLE,35000,0.2182,0.0,0,0
GT-KLH-2309-S3GMF-9,730,RELIABLE,26500,0.225,21200.0,1,1
GT-GJH-2311-YE1YP-X,764,RELIABLE,27500,0.2166,29600.0,1,0
GT-KLF-2209-WE5J3-6,693,RELIABLE,23500,0.2364,0.0,0,1
GT-DLC-2403-1JYGP-D,828,STRONG,33000,0.1751,31300.0,1,0
GT-UPD-2303-4WWBV-2,791,RELIABLE,23500,0.2112,0.0,0,0
GT-UPR-2106-9KFR7-L,807,STRONG,50500,0.1783,66400.0,1,0
GT-KLD-2311-053GK-N,650,RELIABLE,20000,0.2534,25100.0,1,0
GT-TGR-2308-PQMSE-4,693,RELIABLE,22500,0.2364,24600.0,1,1
GT-TNW-2304-NFR2H-D,768,RELIABLE,34000,0.2157,30000.0,1,0
GT-RJC-2304-1CR2M-8,855,STRONG,53000,0.1716,44500.0,1,0
GT-UPD-2402-J6M4G-J,775,RELIABLE,25500,0.2142,22200.0,1,1
GT-DLR-2107-W4GF9-K,740,RELIABLE,22000,0.2223,21100.0,1,1
GT-TNH-2110-JQZMY-U,809,STRONG,43500,0.178,46300.0,1,0
GT-UPF-2404-BQENB-K,690,RELIABLE,19500,0.2375,17400.0,1,1
GT-WBD-2312-Q8DSQ-3,840,STRONG,51000,0.1735,44300.0,1,0
GT-KLR-2101-5B29Z-C,752,RELIABLE,38500,0.2193,27700.0,1,0
GT-GJD-2311-PPZ27-8,702,RELIABLE,22000,0.2334,23100.0,1,0
GT-KLR-2211-SVB3A-H,739,RELIABLE,28000,0.2226,27700.0,1,0
GT-TNR-2110-JZSCP-H,688,RELIABLE,16500,0.2382,17800.0,1,1
GT-UPR-2302-JWDM4-5,850,STRONG,52500,0.1722,53000.0,1,0
GT-MHR-2110-PEQH1-M,751,RELIABLE,34000,0.2196,34300.0,1,0
GT-UPR-2307-M8H1J-0,600,EMERGING,15500,0.3,16700.0,1,0
GT-TGD-2403-SV6D7-1,809,STRONG,49500,0.178,42900.0,1,0
GT-WBD-2212-VV0DK-O,695,RELIABLE,21500,0.2358,17600.0,1,1
GT-RJR-2308-HQMGQ-3,775,RELIABLE,39500,0.2142,39700.0,1,0
GT-MHC-2305-8Y5TS-N,700,RELIABLE,31500,0.2341,31300.0,1,1
GT-DLW-2304-NGG3X-L,658,RELIABLE,16500,0.2499,17800.0,1,0
GT-WBD-2207-4FSPY-V,817,STRONG,51000,0.1767,49900.0,1,1
GT-TGR-2305-P7598-K,745,RELIABLE,28000,0.2211,25600.0,1,0
GT-WBF-2311-AGA0Q-P,769,RELIABLE,28500,0.2155,28500.0,1,1
GT-TGR-2110-T9KK9-7,763,RELIABLE,26000,0.2168,30900.0,1,1
GT-KAF-2112-MAYN3-W,782,RELIABLE,36500,0.2128,46000.0,1,0
GT-KLH-2301-D65EC-9,867,STRONG,55500,0.1702,58900.0,1,0
GT-GJD-2401-EK4NQ-4,665,RELIABLE,22000,0.247,0.0,0,1
GT-GJR-2310-1G28R-1,674,RELIABLE,23000,0.2434,21300.0,1,1
GT-MHR-2112-CZF59-9,838,STRONG,59000,0.1737,54100.0,1,0
GT-MHR-2104-Y8HWB-S,773,RELIABLE,28500,0.2146,36200.0,1,0
GT-WBD-2201-AVN7F-4,772,RELIABLE,41000,0.2149,34600.0,1,0
GT-KAF-2312-S5VH3-Z,947,PRIME,116000,0.1435,136300.0,1,0
GT-TGD-2307-5D4V9-9,824,STRONG,48000,0.1757,58100.0,1,0
GT-RJW-2305-5GXC6-M,871,STRONG,78000,0.1698,74900.0,1,0
GT-RJF-2105-BFDJE-C,735,RELIABLE,21500,0.2236,22400.0,1,0
GT-WBD-2110-8S0GR-O,600,EMERGING,12500,0.3,11600.0,1,0
GT-DLH-2205-64WCH-2,799,RELIABLE,35500,0.2097,35600.0,1,0
GT-KAW-2105-QN53W-D,819,STRONG,39000,0.1764,42800.0,1,0
GT-MHR-2105-T2WZ4-N,600,EMERGING,20500,0.3,20400.0,1,0
GT-DLH-2301-YWRQZ-N,780,RELIABLE,27000,0.2133,24400.0,1,0
GT-WBW-2103-7KSKF-E,771,RELIABLE,28500,0.2151,35800.0,1,0
GT-UPD-2206-DMV6B-4,688,RELIABLE,33500,0.2382,37700.0,1,0
GT-TGF-2303-MQRH1-I,707,RELIABLE,18000,0.2318,14600.0,1,0
GT-RJF-2206-NPG1Q-Y,600,EMERGING,19000,0.3,21900.0,1,0
GT-MHF-2206-FXCK1-L,600,EMERGING,18000,0.3,19000.0,1,0
GT-TGH-2209-Y5C9N-2,651,RELIABLE,16000,0.253,0.0,0,0
GT-GJR-2309-JSCCJ-9,793,RELIABLE,26500,0.2107,29500.0,1,0
GT-KAD-2306-YM0RW-0,769,RELIABLE,32000,0.2155,33800.0,1,1
GT-KLR-2106-TMQ10-D,600,EMERGING,17500,0.3,0.0,0,0
GT-KLW-2204-7CF5R-S,778,RELIABLE,20500,0.2136,22100.0,1,0
GT-UPR-2105-MX4YQ-U,887,STRONG,63500,0.1682,72900.0,1,0
GT-UPD-2204-GD6XQ-2,600,EMERGING,12000,0.3,0.0,0,1
GT-DLD-2106-XPXPD-V,780,RELIABLE,26000,0.2133,27600.0,1,0
GT-MHF-2201-3RKNM-T,815,STRONG,54500,0.1771,53000.0,1,0
GT-DLD-2311-WK8QA-N,678,RELIABLE,22000,0.2419,0.0,0,0
GT-MHR-2105-MZR6E-N,600,EMERGING,16000,0.3,0.0,0,0
GT-WBD-2101-VBBAM-P,520,EMERGING,20000,0.3,0.0,0,0
GT-KLR-2103-D656D-5,744,RELIABLE,20000,0.2213,23000.0,1,0
GT-GJD-2301-B1MB5-C,767,RELIABLE,26000,0.2159,30300.0,1,1
GT-RJD-2402-PGHKM-U,839,STRONG,51500,0.1736,51400.0,1,0
GT-KLF-2104-3C1KP-Z,765,RELIABLE,26500,0.2164,28900.0,1,1
GT-GJD-2109-PP6RC-S,786,RELIABLE,36000,0.2121,35700.0,1,0
GT-MHD-2108-3BBNH-Z,791,RELIABLE,26500,0.2112,27100.0,1,0
GT-KLF-2108-66V6N-O,640,EMERGING,12000,0.298,14000.0,1,0
GT-WBD-2303-7Z2EJ-U,600,EMERGING,14500,0.3,0.0,0,0
GT-WBD-2108-XR7D2-8,656,RELIABLE,21500,0.2508,23300.0,1,1
GT-KLR-2312-J4G42-T,819,STRONG,53000,0.1764,49000.0,1,0
GT-GJR-2402-B1M9T-L,736,RELIABLE,28000,0.2233,24200.0,1,0
GT-MHR-2207-WP484-3,745,RELIABLE,24500,0.2211,0.0,0,0
GT-UPH-2301-ZS4FS-0,640,EMERGING,10000,0.298,8900.0,1,1
GT-KLR-2205-B46K4-A,770,RELIABLE,37000,0.2153,33600.0,1,0
GT-DLR-2101-EQ38Q-3,872,STRONG,61000,0.1697,63600.0,1,0
GT-TGC-2112-PP1V6-A,737,RELIABLE,27500,0.2231,28700.0,1,1
GT-MHR-2401-GBVEG-5,712,RELIABLE,25500,0.2302,29100.0,1,1
GT-UPW-2306-ZZ42B-L,815,STRONG,53500,0.1771,58700.0,1,0
GT-MHR-2403-F6WMN-L,802,STRONG,62000,0.1792,68900.0,1,0
GT-TGF-2304-B6ZP5-S,537,EMERGING,6500,0.3,6600.0,1,1
GT-GJH-2109-EAJ7K-2,915,PRIME,104000,0.1457,99900.0,1,0
GT-RJD-2105-S54GH-4,800,STRONG,45000,0.1795,52700.0,1,0
GT-TNC-2108-75NVN-4,600,EMERGING,29000,0.3,0.0,0,0
GT-KLR-2401-JCBVH-C,745,RELIABLE,30500,0.2211,0.0,0,0
GT-KAF-2203-GJQ6Z-4,648,EMERGING,12000,0.2943,0.0,0,1
GT-MHR-2312-TXEP8-U,788,RELIABLE,36000,0.2117,39100.0,1,0
GT-MHD-2102-GR4AX-T,719,RELIABLE,22000,0.2281,0.0,0,0
GT-UPD-2303-2YRD7-P,851,STRONG,83000,0.172,100400.0,1,0
GT-TNH-2109-7XN2F-G,734,RELIABLE,32000,0.2239,36600.0,1,0
GT-KAF-2306-HWHSD-R,600,EMERGING,18500,0.3,19800.0,1,0
GT-UPC-2312-64WBQ-0,656,RELIABLE,22500,0.2508,19600.0,1,0
GT-DLD-2403-XYP90-8,852,STRONG,53000,0.1719,56500.0,1,0
GT-GJD-2305-HFZWN-6,622,EMERGING,10000,0.3,0.0,0,0
GT-WBD-2105-WVH78-J,905,PRIME,87500,0.1466,90200.0,1,0
GT-MHD-2201-JFRS3-U,938,PRIME,85000,0.1441,76600.0,1,0
GT-GJR-2201-0WW8D-T,843,STRONG,44500,0.1731,41800.0,1,0
GT-RJH-2311-ZFDRE-P,889,STRONG,84000,0.168,89400.0,1,0
GT-TNC-2305-H0045-T,693,RELIABLE,24000,0.2364,0.0,0,0
GT-RJR-2304-Z3GAH-V,856,STRONG,51500,0.1714,48500.0,1,0
GT-DLR-2307-4673J-A,750,RELIABLE,26500,0.2198,0.0,0,1
GT-DLF-2309-A5FMX-I,630,EMERGING,10500,0.3,10300.0,1,1
GT-MHF-2109-G61NX-Y,833,STRONG,68500,0.1744,68800.0,1,0
GT-DLF-2307-7PSSG-8,837,STRONG,67000,0.1738,63100.0,1,0
GT-DLR-2208-HA0XZ-4,727,RELIABLE,31000,0.2258,32700.0,1,0
GT-GJD-2404-F53ZQ-4,686,RELIABLE,19000,0.2389,19000.0,1,0
GT-MHD-2401-PN7RF-Q,722,RELIABLE,28000,0.2272,31100.0,1,0
GT-WBH-2103-F0BC1-W,584,EMERGING,8000,0.3,0.0,0,1
GT-DLW-2308-Y8WG2-K,600,EMERGING,25500,0.3,16400.0,1,0
GT-MHH-2112-FWFP7-0,632,EMERGING,7000,0.3,7900.0,1,1
GT-RJD-2204-Q5YF8-2,793,RELIABLE,40500,0.2107,43300.0,1,0
GT-WBR-2107-Y2ZFQ-I,680,RELIABLE,17000,0.2411,0.0,0,1
GT-DLD-2312-SEHGJ-9,600,EMERGING,8000,0.3,10100.0,1,0
GT-GJC-2302-HKDH1-2,748,RELIABLE,24000,0.2203,16200.0,1,0
GT-KLD-2103-119Z9-J,680,RELIABLE,24000,0.2411,22200.0,1,0
GT-DLF-2209-FSGK0-H,600,EMERGING,30500,0.3,0.0,0,0
GT-DLD-2105-268CB-2,631,EMERGING,11000,0.3,0.0,0,1
GT-GJD-2203-R7Y36-Q,718,RELIABLE,22000,0.2284,23000.0,1,0
GT-TGD-2203-5YMQK-A,520,EMERGING,8000,0.3,0.0,0,1
GT-GJR-2203-VKFQJ-G,571,EMERGING,6500,0.3,0.0,0,1
GT-MHC-2206-88YP4-7,875,STRONG,63000,0.1693,68200.0,1,0
GT-KLH-2205-G3BQV-C,916,PRIME,87500,0.1457,65500.0,1,0
GT-KAF-2209-P8VJJ-Z,816,STRONG,64000,0.1769,68400.0,1,0
GT-DLR-2211-PMMC5-H,721,RELIABLE,25500,0.2275,25900.0,1,0
GT-GJW-2203-P6A74-P,698,RELIABLE,27500,0.2347,0.0,0,0
GT-WBD-2112-ZMZVM-5,821,STRONG,46500,0.1761,48700.0,1,0
GT-TNW-2208-TWB76-V,682,RELIABLE,20000,0.2404,0.0,0,0
GT-KLW-2206-MH40B-E,768,RELIABLE,33500,0.2157,35800.0,1,1
GT-TNR-2207-1NM5S-1,787,RELIABLE,33000,0.2119,36000.0,1,0
GT-GJD-2201-XE67B-G,682,RELIABLE,29000,0.2404,25600.0,1,0
GT-TGD-2110-R21ZC-E,728,RELIABLE,19000,0.2256,18200.0,1,0
GT-TGR-2103-Q4FVZ-0,779,RELIABLE,30500,0.2134,32100.0,1,0
GT-UPH-2211-VTHM1-S,685,RELIABLE,18000,0.2393,18400.0,1,1
GT-TNF-2311-C8SWK-M,757,RELIABLE,28000,0.2182,30900.0,1,0
GT-TNR-2304-K9258-O,707,RELIABLE,18500,0.2318,20000.0,1,0
GT-UPR-2201-8EKA4-9,784,RELIABLE,28500,0.2125,30200.0,1,0
GT-KAW-2206-7K70W-G,900,PRIME,95000,0.147,78100.0,1,0
GT-TGD-2404-SJTFA-T,758,RELIABLE,24500,0.2179,23600.0,1,0
GT-DLD-2103-X3WBT-3,801,STRONG,43500,0.1794,39000.0,1,0
GT-TGF-2303-M34JB-U,643,EMERGING,9500,0.2966,10700.0,1,1
GT-WBD-2204-0D2NV-X,729,RELIABLE,24500,0.2253,22900.0,1,0
GT-TGD-2202-WQCG2-W,600,EMERGING,21000,0.3,17400.0,1,0
GT-KLR-2205-YMM7N-U,882,STRONG,56500,0.1687,61100.0,1,0
GT-KLD-2311-CWNH7-T,611,EMERGING,5500,0.3,0.0,0,1
GT-MHC-2310-RZ0PB-Z,680,RELIABLE,25000,0.2411,25600.0,1,1
GT-GJC-2202-C5GW0-9,931,PRIME,118000,0.1446,125800.0,1,0
GT-TNH-2104-BA5TB-I,696,RELIABLE,22000,0.2354,0.0,0,1
GT-UPH-2203-3QRYR-2,752,RELIABLE,27500,0.2193,28700.0,1,1
GT-TGD-2301-S4Y0Q-K,750,RELIABLE,28500,0.2198,32800.0,1,0
GT-KLR-2206-PQQ30-E,754,RELIABLE,35500,0.2188,46500.0,1,1
GT-KLF-2209-QAJQK-N,867,STRONG,59500,0.1702,51600.0,1,0
GT-KAD-2402-VP2B3-5,778,RELIABLE,35500,0.2136,35100.0,1,0
GT-MHH-2310-EWKBX-O,901,PRIME,112500,0.1469,93000.0,1,0
GT-KAD-2210-A73EP-I,746,RELIABLE,32000,0.2208,30500.0,1,1
GT-UPR-2101-8R4P9-5,715,RELIABLE,21500,0.2293,22100.0,1,0
GT-DLF-2306-KHV1M-Y,754,RELIABLE,23000,0.2188,23000.0,1,1
GT-UPC-2306-7HKFS-Z,668,RELIABLE,15500,0.2458,0.0,0,1
GT-TNF-2102-B1EWC-8,797,RELIABLE,28000,0.2101,31600.0,1,0
GT-TNF-2107-7YG05-K,747,RELIABLE,24000,0.2205,22500.0,1,0
GT-GJD-2104-M4RPX-C,688,RELIABLE,22000,0.2382,24200.0,1,0
GT-UPF-2107-97QCX-K,814,STRONG,37000,0.1772,35300.0,1,0
GT-WBW-2210-PA140-G,652,RELIABLE,20500,0.2526,22500.0,1,0
GT-WBR-2307-XSTB9-7,806,STRONG,39000,0.1785,42200.0,1,0
GT-UPW-2402-PFYEE-L,684,RELIABLE,19000,0.2397,0.0,0,0
GT-MHD-2104-WTAX0-O,839,STRONG,64000,0.1736,55500.0,1,0
GT-WBD-2309-2W8WC-M,750,RELIABLE,40500,0.2198,33100.0,1,1
GT-DLH-2109-DHABA-W,805,STRONG,52500,0.1787,50300.0,1,0
GT-MHD-2205-HFFS1-O,783,RELIABLE,29500,0.2127,25700.0,1,0
GT-TNF-2305-6GHXE-N,810,STRONG,38000,0.1779,44100.0,1,0
GT-MHR-2306-BCWCV-F,726,RELIABLE,25000,0.2261,0.0,0,1
GT-TNH-2206-6QJNF-E,667,RELIABLE,22000,0.2462,0.0,0,0
GT-KAD-2203-J3DN3-I,866,STRONG,67500,0.1703,68500.0,1,0
GT-UPD-2104-82Z5A-W,763,RELIABLE,23500,0.2168,28600.0,1,0
GT-TNC-2110-BN308-F,831,STRONG,62500,0.1747,61100.0,1,0
GT-GJF-2101-6HP35-8,834,STRONG,73500,0.1743,89700.0,1,1
GT-UPR-2312-SDFR7-P,717,RELIABLE,31000,0.2287,32200.0,1,0
GT-RJR-2102-PY7RA-3,707,RELIABLE,25500,0.2318,21100.0,1,1
GT-KAR-2201-P01FC-B,827,STRONG,53500,0.1752,43200.0,1,0
GT-WBH-2305-A3X72-T,732,RELIABLE,23000,0.2244,22500.0,1,0
GT-TGF-2103-YVDCD-1,790,RELIABLE,33000,0.2113,33000.0,1,0
GT-TNC-2106-3ETH4-A,755,RELIABLE,40000,0.2186,47700.0,1,0
GT-RJH-2303-505X0-V,833,STRONG,51000,0.1744,51800.0,1,0
GT-KAR-2202-8DAKK-S,600,EMERGING,11500,0.3,0.0,0,0
GT-TNF-2303-R93V1-9,835,STRONG,55500,0.1741,58400.0,1,0
GT-UPF-2305-SNY4N-D,725,RELIABLE,32500,0.2264,36900.0,1,1
GT-TNW-2103-T4YQ6-Z,600,EMERGING,16000,0.3,12900.0,1,1
GT-KAF-2311-01SGY-5,680,RELIABLE,41500,0.2411,42400.0,1,0
GT-MHD-2306-ATEG9-K,600,EMERGING,15000,0.3,15100.0,1,0
GT-TNH-2402-DRJ5H-F,834,STRONG,47000,0.1743,45500.0,1,0
GT-DLF-2210-G26YA-Y,793,RELIABLE,22500,0.2107,21100.0,1,1
GT-GJC-2308-20X4G-O,761,RELIABLE,27000,0.2173,31000.0,1,0
GT-MHR-2311-RQJKB-U,894,STRONG,82500,0.1675,84300.0,1,0
GT-UPR-2205-6HM2M-9,895,STRONG,36500,0.1674,31900.0,1,0
GT-TNF-2105-JN9G1-E,680,RELIABLE,24000,0.2411,26600.0,1,0
GT-KAW-2306-XV5GW-B,767,RELIABLE,26500,0.2159,26400.0,1,0
GT-KAD-2205-GS1B0-4,720,RELIABLE,24000,0.2278,30800.0,1,0
GT-GJR-2212-EBT3F-Q,733,RELIABLE,17500,0.2242,18500.0,1,0
GT-UPW-2107-73S3P-W,756,RELIABLE,27000,0.2184,21100.0,1,0
GT-MHH-2202-KSRRJ-E,600,EMERGING,20000,0.3,0.0,0,0
GT-TND-2207-9Y0XE-Y,810,STRONG,50000,0.1779,47600.0,1,0
GT-UPD-2404-78KD0-V,648,EMERGING,10000,0.2943,0.0,0,1
GT-RJR-2308-SAE8K-X,822,STRONG,44500,0.176,43800.0,1,0
GT-UPD-2210-GDMW4-H,747,RELIABLE,25500,0.2205,29000.0,1,0
GT-GJD-2201-XNNH7-6,658,RELIABLE,17000,0.2499,20300.0,1,1
GT-UPR-2302-56MBK-J,885,STRONG,76000,0.1684,73300.0,1,0
GT-DLF-2307-ZQV7H-Z,885,STRONG,66500,0.1684,75200.0,1,0
GT-KAR-2109-EX54N-A,781,RELIABLE,40500,0.213,38200.0,1,0
GT-WBR-2303-VG7DD-Q,680,RELIABLE,28500,0.2411,31900.0,1,0
GT-WBH-2211-DYT5S-O,847,STRONG,47000,0.1726,41600.0,1,0
GT-RJR-2212-CNZWB-A,857,STRONG,53500,0.1713,49400.0,1,0
GT-DLW-2102-Z93SF-A,825,STRONG,53000,0.1755,49600.0,1,0
GT-RJD-2204-YGYBQ-E,687,RELIABLE,24000,0.2386,27200.0,1,0
GT-TGW-2101-Z1FCR-H,897,STRONG,69500,0.1672,64800.0,1,0
GT-TGW-2111-50QXH-I,600,EMERGING,20000,0.3,0.0,0,0
GT-KLD-2311-02HWS-2,705,RELIABLE,25500,0.2324,0.0,0,0
GT-WBF-2211-JNBST-0,520,EMERGING,9500,0.3,0.0,0,0
GT-KAF-2111-ZA3QW-8,830,STRONG,55000,0.1748,51000.0,1,1
GT-DLR-2104-13Y04-3,736,RELIABLE,24500,0.2233,27500.0,1,0
GT-WBW-2308-4JATR-H,773,RELIABLE,28000,0.2146,30500.0,1,0
GT-DLD-2306-MQ39Q-S,782,RELIABLE,25500,0.2128,19600.0,1,0
GT-MHR-2107-2JTHJ-G,660,RELIABLE,18500,0.2491,0.0,0,0
GT-DLH-2108-1C516-I,696,RELIABLE,19500,0.2354,0.0,0,0
GT-WBD-2103-0W57M-8,764,RELIABLE,30500,0.2166,27600.0,1,0
GT-KAD-2312-QSKVN-L,745,RELIABLE,26000,0.2211,23100.0,1,0
GT-WBD-2307-4V6ZR-R,795,RELIABLE,23500,0.2104,23400.0,1,0
GT-UPH-2309-WEDZS-A,623,EMERGING,9000,0.3,9400.0,1,1
GT-TGD-2304-9HKVZ-M,764,RELIABLE,20500,0.2166,19600.0,1,0
GT-GJD-2109-XZQD8-J,824,STRONG,41500,0.1757,31300.0,1,0
GT-GJF-2212-8EGWV-C,826,STRONG,60500,0.1754,73200.0,1,1
GT-TGW-2101-TMKAV-R,693,RELIABLE,20500,0.2364,24700.0,1,0
GT-KLR-2402-94MQJ-H,682,RELIABLE,23000,0.2404,0.0,0,0
GT-GJH-2102-EYXSE-L,782,RELIABLE,40500,0.2128,41400.0,1,0
GT-RJD-2108-AJYV4-A,792,RELIABLE,32000,0.211,38300.0,1,0
GT-GJF-2202-V8YP9-O,754,RELIABLE,36000,0.2188,34600.0,1,0
GT-KLF-2203-VMG0Q-S,717,RELIABLE,25000,0.2287,22100.0,1,0
GT-TGD-2212-5ENHD-F,783,RELIABLE,29000,0.2127,29600.0,1,0
GT-MHC-2404-YFNWN-V,844,STRONG,60500,0.1729,52700.0,1,0
GT-MHR-2202-FE8MT-H,779,RELIABLE,27500,0.2134,28000.0,1,0
GT-KLD-2103-KAQPG-4,628,EMERGING,11000,0.3,0.0,0,1
GT-UPD-2311-XPJE4-S,775,RELIABLE,33500,0.2142,32700.0,1,0
GT-TND-2110-GF6JY-6,911,PRIME,78000,0.1461,84000.0,1,0
GT-TGC-2212-RJN2H-9,649,EMERGING,8500,0.2939,8700.0,1,1
GT-KAD-2311-7N5QM-W,790,RELIABLE,30500,0.2113,28000.0,1,1
GT-KLC-2202-PY0SD-R,692,RELIABLE,22500,0.2368,16900.0,1,0
GT-TGD-2203-RKZQF-0,748,RELIABLE,27000,0.2203,28200.0,1,0
GT-TNH-2210-4FC5G-S,770,RELIABLE,33500,0.2153,35200.0,1,0
GT-DLW-2109-E61SY-E,870,STRONG,74500,0.1699,71400.0,1,0
GT-KAD-2104-07MWJ-S,520,EMERGING,17000,0.3,0.0,0,1
GT-UPD-2310-J4Z41-Q,869,STRONG,52500,0.17,53000.0,1,1
GT-DLW-2303-WR0MZ-2,767,RELIABLE,28500,0.2159,30700.0,1,0
GT-KAD-2208-P2EYC-7,676,RELIABLE,24000,0.2427,27100.0,1,1
GT-KLD-2112-AE1B4-1,698,RELIABLE,17500,0.2347,0.0,0,0
GT-WBW-2111-BBSJF-G,602,EMERGING,7000,0.3,7400.0,1,1
GT-KAC-2102-J20E0-R,747,RELIABLE,28500,0.2205,25300.0,1,0
GT-DLW-2301-Q87GN-F,945,PRIME,120500,0.1436,128400.0,1,0
GT-WBC-2302-AJNF4-T,600,EMERGING,21500,0.3,0.0,0,0
GT-DLR-2212-0WGH4-V,796,RELIABLE,30000,0.2102,0.0,0,0
GT-KLW-2301-PRWE8-9,600,EMERGING,13500,0.3,0.0,0,1
GT-RJR-2110-0GCS5-Z,696,RELIABLE,30000,0.2354,21200.0,1,0
GT-RJW-2206-6PS6H-5,850,STRONG,49500,0.1722,43700.0,1,0
GT-WBF-2203-3YT5K-Q,899,STRONG,79500,0.1671,0.0,0,0
GT-KLR-2207-2PTYH-Q,843,STRONG,57000,0.1731,64500.0,1,0
GT-TNH-2312-HK2SS-2,804,STRONG,50500,0.1788,60900.0,1,0
GT-WBR-2302-7G9F4-G,767,RELIABLE,24500,0.2159,29000.0,1,0
GT-UPF-2309-QCKPD-G,805,STRONG,59000,0.1787,58900.0,1,0
GT-WBR-2301-B9Y63-C,706,RELIABLE,16000,0.2321,12500.0,1,0
GT-RJD-2203-F2J8Y-D,520,EMERGING,10000,0.3,0.0,0,1
GT-MHD-2303-Q6FGH-V,679,RELIABLE,24000,0.2415,0.0,0,0
GT-TGH-2111-WKB96-Z,737,RELIABLE,26500,0.2231,26700.0,1,0
GT-RJR-2206-8SPDV-9,727,RELIABLE,25000,0.2258,27500.0,1,0
GT-MHF-2303-J49NY-F,636,EMERGING,11000,0.2999,10400.0,1,0
GT-TNR-2312-3ERPQ-I,728,RELIABLE,29000,0.2256,26600.0,1,0
GT-KLC-2306-WQDRM-8,600,EMERGING,15500,0.3,0.0,0,1
GT-GJW-2106-5X3KM-1,672,RELIABLE,24500,0.2442,21200.0,1,0
GT-TND-2110-8W85P-X,742,RELIABLE,20000,0.2218,15700.0,1,0
GT-TNR-2307-K9MA8-B,724,RELIABLE,24500,0.2266,0.0,0,1
GT-DLF-2212-C0D0X-F,725,RELIABLE,20500,0.2264,21400.0,1,1
GT-UPD-2107-GXDGN-P,828,STRONG,58500,0.1751,66400.0,1,0
GT-MHR-2308-YZK84-Q,606,EMERGING,9500,0.3,0.0,0,1
GT-DLD-2108-NGZTZ-5,625,EMERGING,5500,0.3,0.0,0,1
GT-MHD-2206-QDTXD-K,745,RELIABLE,20000,0.2211,17200.0,1,1
GT-UPH-2109-SE77A-P,726,RELIABLE,19500,0.2261,22500.0,1,1
GT-KLC-2111-0921X-D,771,RELIABLE,25000,0.2151,0.0,0,0
GT-KAW-2210-RTHRP-9,676,RELIABLE,22500,0.2427,24000.0,1,0
GT-KLD-2204-M8DB3-V,674,RELIABLE,29000,0.2434,28000.0,1,0
GT-KLH-2211-22ATD-7,745,RELIABLE,23000,0.2211,21300.0,1,0
GT-WBF-2210-G4BNX-O,760,RELIABLE,42500,0.2175,39700.0,1,0
GT-KAH-2207-QHWPJ-G,878,STRONG,66500,0.169,66200.0,1,0
GT-GJD-2108-240AM-X,738,RELIABLE,26500,0.2229,25100.0,1,1
GT-WBD-2102-0GGX6-A,736,RELIABLE,29000,0.2233,29600.0,1,0
GT-RJF-2301-E2357-X,933,PRIME,84000,0.1444,77700.0,1,0
GT-DLC-2301-QPFHT-P,712,RELIABLE,22000,0.2302,18700.0,1,1
GT-WBD-2201-63H18-1,781,RELIABLE,31000,0.213,28900.0,1,0
GT-RJD-2110-85WEY-U,805,STRONG,52000,0.1787,48000.0,1,0
GT-GJF-2109-DDR25-N,770,RELIABLE,30000,0.2153,32300.0,1,0
GT-GJH-2208-NBP72-7,799,RELIABLE,30000,0.2097,30100.0,1,0
GT-KLW-2305-D89KM-P,600,EMERGING,16500,0.3,0.0,0,0
GT-TGC-2202-0PP65-4,846,STRONG,59500,0.1727,65700.0,1,1
GT-MHF-2402-DP7GM-6,721,RELIABLE,21500,0.2275,25500.0,1,0
GT-KLC-2107-AX80D-V,791,RELIABLE,27000,0.2112,25500.0,1,0
GT-MHR-2310-A6N58-R,904,PRIME,92000,0.1466,70200.0,1,0
GT-WBD-2202-Y0EVT-N,896,STRONG,65000,0.1674,68300.0,1,0
GT-UPF-2212-ZJ80P-M,792,RELIABLE,42500,0.211,30200.0,1,0
GT-UPF-2304-V612V-6,851,STRONG,62000,0.172,76200.0,1,0
GT-UPR-2307-JZ4JE-Y,674,RELIABLE,22500,0.2434,0.0,0,0
GT-TGD-2305-BV920-I,714,RELIABLE,28500,0.2296,30100.0,1,0
GT-MHW-2310-R66NZ-L,600,EMERGING,22500,0.3,25500.0,1,0
GT-KAW-2301-51X9X-F,905,PRIME,97500,0.1466,105900.0,1,0
GT-TNR-2208-CMV0W-U,733,RELIABLE,28500,0.2242,0.0,0,0
GT-KLC-2111-ZB24C-G,720,RELIABLE,26000,0.2278,28200.0,1,0
GT-GJR-2312-JHB5P-M,916,PRIME,72000,0.1457,77000.0,1,0
GT-TGD-2105-C6DHD-U,600,EMERGING,14000,0.3,0.0,0,0
GT-TGD-2206-7XRHB-M,871,STRONG,48500,0.1698,33900.0,1,0
GT-TNR-2107-W25WS-4,739,RELIABLE,24500,0.2226,0.0,0,0
GT-RJD-2208-SS9EV-C,600,EMERGING,17000,0.3,16700.0,1,0
GT-TGF-2107-NBGB4-G,670,RELIABLE,31500,0.245,0.0,0,0
GT-RJW-2307-6CF6Z-6,834,STRONG,50000,0.1743,46400.0,1,0
GT-KAR-2206-PZD5T-U,841,STRONG,81000,0.1733,64300.0,1,0
GT-TGC-2109-021RF-T,520,EMERGING,11500,0.3,0.0,0,0
GT-GJH-2209-K58SY-3,600,EMERGING,9500,0.3,0.0,0,0
GT-GJR-2103-X00QD-4,823,STRONG,61000,0.1758,61700.0,1,0
GT-KAD-2104-TJ29A-4,762,RELIABLE,34500,0.217,35600.0,1,0
GT-GJD-2109-C718J-F,708,RELIABLE,16500,0.2314,16200.0,1,0
GT-RJF-2209-55SP6-8,852,STRONG,65500,0.1719,64100.0,1,1
GT-KAR-2111-6P6FA-I,854,STRONG,73000,0.1717,67700.0,1,0
GT-TNF-2203-Y153S-9,712,RELIABLE,18500,0.2302,17600.0,1,1
GT-TGF-2310-A5XC8-8,600,EMERGING,13500,0.3,0.0,0,0
GT-DLF-2105-477M3-3,638,EMERGING,12000,0.299,0.0,0,1
GT-TGD-2102-K5BB1-F,673,RELIABLE,19500,0.2438,22100.0,1,0
GT-RJD-2107-NFWMP-U,696,RELIABLE,35000,0.2354,34000.0,1,0
GT-RJR-2312-CP1P5-N,788,RELIABLE,32000,0.2117,30500.0,1,0
GT-GJW-2403-JJTYK-V,725,RELIABLE,23500,0.2264,25400.0,1,0
GT-RJF-2305-A1MJQ-I,701,RELIABLE,31500,0.2337,30700.0,1,0
GT-RJF-2308-9QXGG-U,701,RELIABLE,18500,0.2337,16600.0,1,0
GT-KAF-2101-CD937-8,520,EMERGING,16500,0.3,0.0,0,1
GT-TNR-2301-04F7J-M,558,EMERGING,11000,0.3,0.0,0,1
GT-RJD-2211-VFAJJ-5,665,RELIABLE,20000,0.247,23700.0,1,0
GT-TGD-2301-NSAY2-Y,576,EMERGING,10000,0.3,0.0,0,1
GT-GJD-2307-R3ZEV-X,765,RELIABLE,29000,0.2164,31100.0,1,0
GT-TGD-2107-N2CQA-8,610,EMERGING,8000,0.3,0.0,0,1
GT-KAD-2212-3FGK9-N,750,RELIABLE,22500,0.2198,0.0,0,0
GT-WBW-2202-K9E2E-B,899,STRONG,80000,0.1671,72000.0,1,0
GT-TND-2208-4WHX9-L,883,STRONG,77500,0.1686,82300.0,1,0
GT-UPD-2302-6YQ6R-M,570,EMERGING,9000,0.3,6000.0,1,1
GT-RJD-2103-3A6EH-E,757,RELIABLE,30500,0.2182,21600.0,1,0
GT-MHD-2101-QZY3G-I,679,RELIABLE,18000,0.2415,14600.0,1,0
GT-TND-2403-W9TNQ-C,637,EMERGING,10500,0.2995,0.0,0,0
GT-TND-2303-E98XX-X,772,RELIABLE,30000,0.2149,34500.0,1,0
GT-GJD-2108-GWJHV-L,829,STRONG,46000,0.175,46700.0,1,0
GT-TNH-2309-W8NKG-4,792,RELIABLE,39500,0.211,37900.0,1,0
GT-WBD-2105-Y171V-O,600,EMERGING,11500,0.3,0.0,0,0
GT-KLD-2211-DX9PZ-R,600,EMERGING,17000,0.3,16700.0,1,0
GT-WBR-2305-X87KA-R,563,EMERGING,8000,0.3,0.0,0,1
GT-KAD-2204-96KBT-F,675,RELIABLE,28000,0.243,23600.0,1,0
GT-TGR-2204-M067Z-G,720,RELIABLE,32500,0.2278,34700.0,1,0
GT-RJR-2104-FGA8G-5,769,RELIABLE,28000,0.2155,27600.0,1,0
GT-TGC-2310-9BETA-P,766,RELIABLE,27000,0.2161,27100.0,1,0
GT-KLC-2210-P9BHD-5,771,RELIABLE,28500,0.2151,29900.0,1,0
GT-KLF-2109-WMVBR-D,797,RELIABLE,34000,0.2101,40900.0,1,0
GT-DLD-2201-NGAB9-P,758,RELIABLE,29500,0.2179,32800.0,1,0
GT-TGR-2204-XFR3Z-C,778,RELIABLE,41500,0.2136,40300.0,1,0
GT-MHD-2207-WHTW0-U,740,RELIABLE,24000,0.2223,0.0,0,0
GT-MHW-2402-C4QDR-2,694,RELIABLE,19500,0.2361,21300.0,1,0
GT-TND-2302-KP6GQ-4,783,RELIABLE,38000,0.2127,36500.0,1,0
GT-TGF-2104-1P8JZ-V,824,STRONG,49000,0.1757,48500.0,1,0
GT-TND-2209-MPYYG-C,696,RELIABLE,31500,0.2354,0.0,0,0
GT-UPR-2201-G5X6V-X,797,RELIABLE,29000,0.2101,28900.0,1,0
GT-MHD-2207-ANMMR-2,869,STRONG,69500,0.17,60800.0,1,0
GT-TGR-2110-T04QH-R,703,RELIABLE,24500,0.2331,24300.0,1,0
GT-RJF-2112-6ACG1-N,892,STRONG,50500,0.1677,61100.0,1,0
GT-UPF-2208-V7138-C,520,EMERGING,10500,0.3,0.0,0,1
GT-DLD-2109-MPAWT-L,743,RELIABLE,22000,0.2215,17600.0,1,0
GT-DLD-2302-PATP5-G,683,RELIABLE,29000,0.24,20400.0,1,1
GT-KLC-2108-JKJVB-A,893,STRONG,66500,0.1676,71800.0,1,0
GT-WBR-2403-M5MJW-E,750,RELIABLE,21500,0.2198,18700.0,1,0
GT-RJF-2312-9DGR6-J,755,RELIABLE,16500,0.2186,18000.0,1,0
GT-RJR-2305-4E9ZV-6,698,RELIABLE,22000,0.2347,22200.0,1,0
GT-TGF-2402-EQE0S-O,759,RELIABLE,31000,0.2177,26600.0,1,0
GT-WBF-2301-C7BV6-4,745,RELIABLE,23000,0.2211,0.0,0,0
GT-TND-2110-2XQ2D-Z,724,RELIABLE,29000,0.2266,37200.0,1,0
GT-GJR-2404-0WK0T-N,488,BUILDING,0,0.3,0.0,0,1
GT-GJR-2307-TYRVY-D,736,RELIABLE,22500,0.2233,22400.0,1,1
GT-GJD-2205-1CRA9-1,720,RELIABLE,26000,0.2278,25600.0,1,0
GT-RJW-2306-JSGQ5-3,836,STRONG,51500,0.174,52400.0,1,0
GT-UPD-2312-KN4XR-K,835,STRONG,65500,0.1741,81000.0,1,0
GT-MHD-2307-AW4GV-R,693,RELIABLE,19500,0.2364,18000.0,1,1
GT-TNW-2105-EH2XT-Q,762,RELIABLE,38000,0.217,44500.0,1,1
GT-WBC-2106-VZ59F-P,659,RELIABLE,18000,0.2495,21700.0,1,1
GT-GJD-2203-TQTD4-7,796,RELIABLE,33500,0.2102,34500.0,1,0
GT-RJF-2209-TQ764-4,746,RELIABLE,28000,0.2208,27200.0,1,0
GT-TGD-2310-S0FS8-Z,679,RELIABLE,19500,0.2415,0.0,0,1
GT-RJW-2309-49204-Y,779,RELIABLE,41500,0.2134,61500.0,1,1
GT-TNR-2307-DKHAE-E,856,STRONG,55500,0.1714,59300.0,1,0
GT-MHW-2401-JXM7X-X,743,RELIABLE,22000,0.2215,23700.0,1,1
GT-TGR-2208-ESJ35-3,874,STRONG,86000,0.1695,86400.0,1,0
GT-MHR-2111-7FB1Z-Z,670,RELIABLE,21500,0.245,22000.0,1,0
GT-TGC-2301-DGHPT-8,836,STRONG,53500,0.174,45000.0,1,0
GT-DLD-2208-F13FJ-3,776,RELIABLE,34000,0.214,31800.0,1,0
GT-KAD-2310-FAP6H-K,600,EMERGING,12000,0.3,0.0,0,0
GT-GJR-2212-J0XH7-K,794,RELIABLE,34000,0.2106,32000.0,1,0
GT-UPF-2108-VBCD2-P,843,STRONG,45500,0.1731,48800.0,1,0
GT-MHD-2201-AX3VV-K,600,EMERGING,16500,0.3,15800.0,1,0
GT-WBR-2305-V3Q0A-H,686,RELIABLE,19500,0.2389,21100.0,1,1
GT-WBR-2101-E3QPQ-0,821,STRONG,52000,0.1761,58300.0,1,0
GT-MHF-2211-Y7XS0-Y,876,STRONG,63500,0.1693,59100.0,1,0
GT-GJC-2302-B4CBV-D,520,EMERGING,12500,0.3,0.0,0,1
GT-DLR-2112-RVT12-7,520,EMERGING,6000,0.3,0.0,0,1
GT-RJR-2106-44CTT-L,778,RELIABLE,36000,0.2136,38200.0,1,1
GT-GJR-2302-KXM6Z-Y,757,RELIABLE,28000,0.2182,24400.0,1,0
GT-MHD-2206-KRW8G-V,600,EMERGING,23000,0.3,0.0,0,1
GT-WBW-2105-4F8BS-A,810,STRONG,46500,0.1779,49800.0,1,0
GT-MHC-2101-SZSFB-P,600,EMERGING,11500,0.3,11800.0,1,0
GT-UPW-2201-G6FE6-Z,712,RELIABLE,25000,0.2302,26500.0,1,0
GT-DLH-2307-5CGBA-5,737,RELIABLE,20000,0.2231,23400.0,1,0
GT-TGR-2306-1NS8X-R,867,STRONG,86000,0.1702,0.0,0,0
GT-GJF-2309-ZJ3HG-I,740,RELIABLE,24500,0.2223,25400.0,1,1
GT-RJD-2404-YR74Q-R,672,RELIABLE,15500,0.2442,18600.0,1,1
GT-WBH-2306-BV4C8-4,660,RELIABLE,24500,0.2491,26600.0,1,0
GT-KAF-2211-W34VX-B,716,RELIABLE,29500,0.229,28400.0,1,0
GT-DLD-2102-AGT7G-3,617,EMERGING,11500,0.3,0.0,0,1
GT-GJW-2307-B813H-7,623,EMERGING,7500,0.3,7000.0,1,0
GT-KAF-2204-FTX2P-5,600,EMERGING,26500,0.3,20400.0,1,0
GT-TNH-2306-675J9-5,813,STRONG,47000,0.1774,49500.0,1,0
GT-TNW-2404-RB5JF-4,717,RELIABLE,17500,0.2287,16200.0,1,0
GT-TNC-2306-5MYQ7-7,756,RELIABLE,31500,0.2184,33200.0,1,0
GT-KLR-2204-GQBWQ-K,795,RELIABLE,29500,0.2104,29800.0,1,0
GT-KLR-2101-3BVWB-J,600,EMERGING,20500,0.3,0.0,0,0
GT-RJW-2101-1X299-7,773,RELIABLE,35500,0.2146,40200.0,1,0
GT-RJD-2103-18QCK-A,520,EMERGING,7000,0.3,0.0,0,1
GT-RJD-2102-VPHJH-O,730,RELIABLE,18500,0.225,16200.0,1,1
GT-MHH-2402-207EK-L,819,STRONG,48500,0.1764,44500.0,1,0
GT-TNC-2401-2D49A-Q,696,RELIABLE,25500,0.2354,0.0,0,0
GT-KAH-2110-7G8Q2-1,778,RELIABLE,34000,0.2136,32900.0,1,0
GT-UPD-2304-2RFPD-W,793,RELIABLE,34000,0.2107,33800.0,1,0
GT-RJD-2105-6528F-T,820,STRONG,67000,0.1763,69300.0,1,0
GT-KAC-2111-RZ71V-L,917,PRIME,103500,0.1456,105200.0,1,0
GT-MHD-2403-ZAE4W-R,830,STRONG,42500,0.1748,45300.0,1,1
GT-MHR-2111-EZM7C-J,758,RELIABLE,20500,0.2179,24000.0,1,0
GT-KLR-2107-TFPKN-R,680,RELIABLE,30500,0.2411,33000.0,1,0
GT-UPC-2201-XET2X-C,481,BUILDING,0,0.3,0.0,0,1
GT-DLR-2304-EASTH-X,755,RELIABLE,34500,0.2186,37500.0,1,0
GT-KAD-2402-NBPMC-V,666,RELIABLE,19500,0.2466,24100.0,1,0
GT-TGR-2205-YSJMJ-P,600,EMERGING,16500,0.3,14900.0,1,0
GT-WBD-2310-PH7JG-4,754,RELIABLE,25000,0.2188,25100.0,1,0
GT-KAW-2312-X7TYE-7,838,STRONG,57500,0.1737,69400.0,1,0
GT-TGF-2106-0BM9G-T,865,STRONG,52000,0.1704,62200.0,1,0
GT-WBF-2306-45BHE-F,759,RELIABLE,24500,0.2177,21900.0,1,1
GT-KLR-2311-822VN-D,951,PRIME,123500,0.1433,91200.0,1,0
GT-MHD-2210-2GJ2K-Y,739,RELIABLE,29000,0.2226,0.0,0,0
GT-MHD-2101-J1XED-R,661,RELIABLE,22500,0.2487,24300.0,1,0
GT-TGH-2307-SH5SS-O,725,RELIABLE,22500,0.2264,21500.0,1,1
GT-TNR-2302-8EN8S-V,741,RELIABLE,27500,0.2221,26200.0,1,0
GT-KLR-2111-27M28-5,819,STRONG,43500,0.1764,36600.0,1,1
GT-UPR-2101-ZW59H-F,688,RELIABLE,17000,0.2382,15400.0,1,0
GT-DLH-2111-V314Q-7,723,RELIABLE,25500,0.2269,29700.0,1,0
GT-TNW-2101-6CH0H-7,794,RELIABLE,42000,0.2106,36900.0,1,1
GT-GJD-2108-G2NBF-A,747,RELIABLE,29500,0.2205,26700.0,1,1
GT-RJF-2101-BJM5C-B,824,STRONG,54000,0.1757,52400.0,1,0
GT-DLR-2102-RYMY5-H,862,STRONG,73000,0.1708,80800.0,1,0
GT-DLW-2404-1RMHA-2,887,STRONG,61000,0.1682,61300.0,1,0
GT-GJH-2306-THEJ7-R,725,RELIABLE,21500,0.2264,23100.0,1,0
GT-RJW-2310-1M2BV-4,858,STRONG,67000,0.1712,74400.0,1,0
GT-DLC-2304-87D0N-2,651,RELIABLE,20000,0.253,22300.0,1,0
GT-TGR-2211-35NZE-V,714,RELIABLE,15500,0.2296,14200.0,1,1
GT-GJR-2401-YARJ5-V,597,EMERGING,10000,0.3,0.0,0,1
GT-TGF-2111-BPGAM-V,749,RELIABLE,19500,0.22,18800.0,1,0
GT-UPW-2204-DJW97-T,851,STRONG,51000,0.172,45400.0,1,0
GT-WBD-2110-08E84-F,600,EMERGING,11500,0.3,8600.0,1,0
GT-RJR-2202-0BCYG-B,739,RELIABLE,25500,0.2226,28900.0,1,0
GT-GJD-2204-4CZVA-T,744,RELIABLE,17500,0.2213,13800.0,1,0
GT-KLD-2309-8Q7RX-7,828,STRONG,50000,0.1751,56100.0,1,0
GT-RJC-2102-XFNRG-C,766,RELIABLE,31500,0.2161,33300.0,1,0
GT-DLD-2205-6VTAB-Z,707,RELIABLE,29500,0.2318,25200.0,1,0
GT-RJW-2205-X0YYX-B,629,EMERGING,12500,0.3,0.0,0,0
GT-MHR-2105-790C1-B,700,RELIABLE,21500,0.2341,16600.0,1,0
GT-DLF-2212-FP2QS-Q,892,STRONG,103500,0.1677,96000.0,1,0
GT-KAC-2303-HM3VR-3,769,RELIABLE,24500,0.2155,19000.0,1,0
GT-MHW-2202-5G091-8,730,RELIABLE,22500,0.225,14400.0,1,0
GT-UPW-2311-HAC84-6,878,STRONG,62000,0.169,61300.0,1,0
GT-MHD-2308-QMV32-K,718,RELIABLE,31500,0.2284,35200.0,1,1
GT-MHR-2112-RY4JR-M,861,STRONG,64500,0.1709,76100.0,1,0
GT-TGW-2404-RNXTN-V,861,STRONG,43500,0.1709,41200.0,1,0
GT-RJW-2210-4PPSG-Z,780,RELIABLE,26000,0.2133,23200.0,1,0
GT-RJW-2111-SWQFX-R,679,RELIABLE,23000,0.2415,24100.0,1,0
GT-KLW-2307-SWY0G-M,897,STRONG,66500,0.1672,65200.0,1,0
GT-KAD-2109-VK9JX-V,600,EMERGING,16500,0.3,19500.0,1,0
GT-MHD-2308-8SC2Z-O,763,RELIABLE,31000,0.2168,32300.0,1,1
GT-TNH-2107-H84ZV-W,832,STRONG,54000,0.1746,0.0,0,0
GT-DLR-2307-SFBFN-W,600,EMERGING,21500,0.3,22500.0,1,0
GT-KAW-2108-JQPF6-L,836,STRONG,81000,0.174,106500.0,1,0
GT-WBF-2208-AFD1H-Y,722,RELIABLE,25000,0.2272,28700.0,1,1
GT-TGC-2312-6TDCC-Q,781,RELIABLE,24500,0.213,22400.0,1,0
GT-TGC-2104-NJYR4-X,647,EMERGING,10500,0.2948,0.0,0,1
GT-KAD-2309-BS3PK-M,839,STRONG,68500,0.1736,63800.0,1,0
GT-TGC-2208-0RVG4-C,756,RELIABLE,29500,0.2184,28000.0,1,0
GT-TGD-2301-RZSAN-Z,798,RELIABLE,42000,0.2099,41000.0,1,0
GT-DLR-2208-GXD5M-B,759,RELIABLE,32500,0.2177,38200.0,1,0
GT-UPC-2203-AKS7Q-Q,736,RELIABLE,25000,0.2233,0.0,0,0
GT-RJD-2211-1AQJX-A,656,RELIABLE,16500,0.2508,18400.0,1,1
GT-KLD-2401-RZHJ7-7,841,STRONG,78500,0.1733,69200.0,1,0
GT-GJF-2311-8A308-D,889,STRONG,60500,0.168,48200.0,1,0
GT-GJH-2403-QVSYD-1,746,RELIABLE,26000,0.2208,28000.0,1,0
GT-MHD-2306-7KMC5-U,805,STRONG,46000,0.1787,52000.0,1,0
GT-TNF-2103-EVM59-N,784,RELIABLE,28000,0.2125,28400.0,1,0
GT-KAR-2107-CE9V9-T,767,RELIABLE,37000,0.2159,41000.0,1,0
GT-WBR-2103-FGZEY-W,643,EMERGING,10500,0.2966,9700.0,1,1
GT-UPW-2310-H3MX7-Y,660,RELIABLE,22500,0.2491,22900.0,1,1
GT-GJR-2210-KXEXB-2,707,RELIABLE,20000,0.2318,18700.0,1,0
GT-KAW-2106-C06Y8-8,621,EMERGING,9500,0.3,0.0,0,0
GT-WBW-2303-4TB9Z-E,831,STRONG,55500,0.1747,60800.0,1,0
GT-RJH-2107-A1GS3-V,767,RELIABLE,35000,0.2159,0.0,0,1
GT-MHW-2204-VWWSW-6,600,EMERGING,19000,0.3,18800.0,1,0
GT-WBD-2107-XPZQA-X,557,EMERGING,5000,0.3,0.0,0,0
GT-DLW-2112-GKN08-1,608,EMERGING,9500,0.3,10300.0,1,0
GT-KLF-2201-MA31F-0,794,RELIABLE,48000,0.2106,45500.0,1,0
GT-WBD-2303-DPN6E-4,947,PRIME,129000,0.1435,122000.0,1,0
GT-UPF-2403-EKA6Y-Z,679,RELIABLE,26000,0.2415,26600.0,1,0
GT-WBW-2402-YR369-R,852,STRONG,72000,0.1719,47100.0,1,0
GT-RJD-2306-8EAPT-N,686,RELIABLE,19500,0.2389,23300.0,1,1
GT-DLR-2309-6M3MH-I,771,RELIABLE,33000,0.2151,38400.0,1,0
GT-UPR-2205-SPA5D-X,809,STRONG,53500,0.178,45600.0,1,0
GT-TGR-2403-47DXB-I,743,RELIABLE,22000,0.2215,24700.0,1,0
GT-WBC-2203-TB7RW-Y,719,RELIABLE,31000,0.2281,36400.0,1,0
GT-GJD-2402-JCRSF-7,900,PRIME,83000,0.147,87300.0,1,0
GT-MHW-2312-M3ZV6-O,783,RELIABLE,21500,0.2127,24700.0,1,0
GT-RJW-2105-NCM5Z-X,600,EMERGING,28000,0.3,39000.0,1,0
GT-UPR-2305-ASTWN-F,691,RELIABLE,26000,0.2371,0.0,0,1
GT-TGR-2202-X49S3-U,863,STRONG,69500,0.1707,76900.0,1,0
GT-WBD-2310-V1JQ5-Y,600,EMERGING,15000,0.3,15200.0,1,0
GT-GJD-2110-QNSW2-5,793,RELIABLE,26000,0.2107,0.0,0,0
GT-TGR-2212-E4PJR-U,749,RELIABLE,25500,0.22,0.0,0,0
GT-GJD-2301-1950G-C,723,RELIABLE,22000,0.2269,20300.0,1,0
GT-WBW-2404-BYSN9-X,764,RELIABLE,25500,0.2166,23500.0,1,0
GT-UPF-2303-TCMEP-Y,716,RELIABLE,21000,0.229,21600.0,1,0
GT-DLD-2106-PS4BM-Q,805,STRONG,57500,0.1787,0.0,0,0
GT-KAR-2107-PW3CX-2,738,RELIABLE,22000,0.2229,0.0,0,0
GT-TGC-2202-YWM9R-U,683,RELIABLE,22000,0.24,21900.0,1,1
GT-RJD-2306-0M5DV-D,520,EMERGING,6500,0.3,0.0,0,1
GT-MHF-2103-0ZB2J-0,609,EMERGING,8000,0.3,7800.0,1,1
GT-RJD-2207-BZSYH-B,787,RELIABLE,32000,0.2119,28900.0,1,0
GT-TGH-2306-1YZA8-P,672,RELIABLE,19000,0.2442,0.0,0,0
GT-DLR-2209-JQ1N6-D,775,RELIABLE,35000,0.2142,42800.0,1,0
GT-TGR-2203-E88QA-I,744,RELIABLE,26500,0.2213,27200.0,1,0
GT-RJR-2311-2FGWP-C,773,RELIABLE,27500,0.2146,34000.0,1,0
GT-RJR-2112-4K3ZS-L,769,RELIABLE,22000,0.2155,24200.0,1,0
GT-GJW-2110-EPESY-D,779,RELIABLE,33500,0.2134,31300.0,1,0
GT-WBD-2201-PKFZR-K,499,BUILDING,3500,0.3,0.0,0,1
GT-RJD-2103-KQHT3-Q,720,RELIABLE,23500,0.2278,24300.0,1,1
GT-KLD-2108-3R89B-8,858,STRONG,58500,0.1712,55200.0,1,0
GT-UPF-2403-94CQG-2,843,STRONG,55000,0.1731,54000.0,1,0
GT-KLC-2105-QS7T9-M,903,PRIME,112000,0.1468,100700.0,1,0
GT-RJD-2210-4DWDP-C,655,RELIABLE,19500,0.2512,0.0,0,1
GT-KAC-2209-QCHBB-E,747,RELIABLE,26500,0.2205,27200.0,1,0
GT-KAW-2108-YCG0X-K,603,EMERGING,9500,0.3,9900.0,1,0
GT-WBD-2112-B2TFC-F,879,STRONG,73000,0.169,54100.0,1,0
GT-KLD-2111-X8J5G-E,832,STRONG,57500,0.1746,63800.0,1,0
GT-DLR-2205-3NXA1-B,680,RELIABLE,23000,0.2411,22700.0,1,1
GT-KLD-2104-5R98B-7,772,RELIABLE,25000,0.2149,28800.0,1,1
GT-RJW-2306-T7GN7-3,859,STRONG,63500,0.1711,71800.0,1,0
GT-MHR-2105-YK02W-0,882,STRONG,58500,0.1687,54100.0,1,0
GT-TGR-2207-C98E1-B,876,STRONG,60500,0.1693,54100.0,1,0
GT-DLW-2101-FFB8D-I,785,RELIABLE,34000,0.2122,38200.0,1,0
GT-KAD-2105-85KY2-E,757,RELIABLE,22500,0.2182,20600.0,1,1
GT-GJC-2309-1C0GH-U,600,EMERGING,17000,0.3,15800.0,1,0
GT-DLF-2206-1BAT4-O,840,STRONG,74000,0.1735,57600.0,1,0
GT-WBR-2207-9NJVY-B,702,RELIABLE,24500,0.2334,24200.0,1,0
GT-GJR-2205-7JR5P-C,778,RELIABLE,33000,0.2136,38000.0,1,0
GT-TGD-2203-PPY6Y-I,891,STRONG,86000,0.1678,60900.0,1,0
GT-KAH-2305-TZ91G-Z,891,STRONG,69000,0.1678,72200.0,1,0
GT-KAR-2207-65TC5-Z,729,RELIABLE,20000,0.2253,19400.0,1,0
GT-TNC-2110-B56BH-Y,779,RELIABLE,30500,0.2134,35000.0,1,0
GT-KAH-2101-VD018-L,775,RELIABLE,31000,0.2142,27500.0,1,1
GT-RJR-2103-7921K-7,600,EMERGING,20500,0.3,17300.0,1,0
GT-MHW-2101-JTK6Q-N,704,RELIABLE,29500,0.2328,33500.0,1,1
GT-KAR-2208-18Y26-3,938,PRIME,116000,0.1441,127400.0,1,0
GT-MHD-2310-HCF9J-B,785,RELIABLE,21500,0.2122,20600.0,1,0
GT-GJH-2103-1KZ93-P,833,STRONG,60500,0.1744,61000.0,1,0
GT-WBR-2109-FCDJZ-W,916,PRIME,90500,0.1457,94400.0,1,0
GT-GJC-2308-M6TS1-R,731,RELIABLE,23000,0.2247,22900.0,1,0
GT-TNF-2203-AAZ15-1,773,RELIABLE,30500,0.2146,35500.0,1,0
GT-TND-2212-GZTY1-O,667,RELIABLE,16000,0.2462,16300.0,1,1
GT-GJR-2205-TPKP6-U,753,RELIABLE,25000,0.2191,14800.0,1,0
GT-MHD-2304-Q6AHQ-K,620,EMERGING,11000,0.3,10700.0,1,0
GT-TND-2401-XDVYE-I,841,STRONG,54000,0.1733,54500.0,1,0
GT-MHF-2207-B3ZF9-0,768,RELIABLE,42500,0.2157,48700.0,1,0
GT-TGD-2304-RP00T-P,735,RELIABLE,23500,0.2236,27700.0,1,1
GT-KLH-2308-XYSEH-K,737,RELIABLE,28500,0.2231,30000.0,1,0
GT-RJR-2107-TXAJ3-7,828,STRONG,61000,0.1751,57600.0,1,0
GT-GJR-2310-F0H2Q-3,652,RELIABLE,20000,0.2526,17600.0,1,0
GT-GJD-2312-PNHRB-D,774,RELIABLE,35000,0.2145,34600.0,1,0
GT-TND-2205-92BX2-Y,809,STRONG,61500,0.178,58100.0,1,0
GT-UPF-2210-TF51Z-P,627,EMERGING,9000,0.3,10000.0,1,1
GT-RJR-2303-DGB25-Y,798,RELIABLE,23500,0.2099,22900.0,1,0
GT-WBF-2210-8QRNB-U,593,EMERGING,10000,0.3,0.0,0,1
GT-MHR-2402-TVFSW-F,706,RELIABLE,18500,0.2321,0.0,0,0
GT-GJD-2309-WZ815-2,654,RELIABLE,14500,0.2517,12600.0,1,0
GT-MHR-2311-C2SSJ-6,864,STRONG,59000,0.1705,59600.0,1,0
GT-TND-2308-NJ98P-2,650,RELIABLE,21500,0.2534,19900.0,1,1
GT-MHD-2303-4DAQZ-W,580,EMERGING,8000,0.3,0.0,0,0
GT-KAW-2205-3305M-Z,815,STRONG,66500,0.1771,65400.0,1,0
GT-UPD-2205-CKTCQ-C,600,EMERGING,12000,0.3,9600.0,1,1
GT-GJD-2103-PQ36J-9,600,EMERGING,7500,0.3,9300.0,1,1
GT-TGR-2102-2NVFM-4,791,RELIABLE,25500,0.2112,23900.0,1,0
GT-TNR-2111-8REZ7-I,626,EMERGING,6500,0.3,0.0,0,0
GT-GJH-2205-50PWH-3,663,RELIABLE,19500,0.2478,20200.0,1,0
GT-WBC-2304-NC6SM-S,733,RELIABLE,35500,0.2242,40400.0,1,1
GT-DLW-2301-4WXXD-N,847,STRONG,59500,0.1726,67900.0,1,0
GT-TGR-2109-MR5KQ-S,855,STRONG,58000,0.1716,59800.0,1,0
GT-UPR-2209-48JV5-U,839,STRONG,54500,0.1736,41900.0,1,0
GT-WBD-2107-CWV0F-L,743,RELIABLE,30000,0.2215,27000.0,1,0
GT-RJW-2308-QTSV7-O,520,EMERGING,8500,0.3,0.0,0,1
GT-WBR-2311-VZTH0-K,600,EMERGING,15000,0.3,14700.0,1,0
GT-TGD-2401-3N8JG-Y,680,RELIABLE,37000,0.2411,28200.0,1,0
GT-UPF-2403-4YNM2-R,857,STRONG,53000,0.1713,53100.0,1,0
GT-DLW-2211-E9EBS-J,797,RELIABLE,23500,0.2101,25300.0,1,0
GT-GJR-2307-PYDT8-X,706,RELIABLE,23000,0.2321,22400.0,1,0
GT-GJD-2101-CK5CC-D,693,RELIABLE,20000,0.2364,22800.0,1,0
GT-DLC-2404-TXPY6-G,903,PRIME,93500,0.1468,100700.0,1,0
GT-DLD-2104-PGE2K-X,665,RELIABLE,24500,0.247,0.0,0,0
GT-KAH-2111-X6VHK-Q,595,EMERGING,9000,0.3,10000.0,1,1
GT-MHR-2302-NP78F-X,854,STRONG,69500,0.1717,67300.0,1,0
GT-KAH-2210-FMNYJ-C,686,RELIABLE,17000,0.2389,0.0,0,0
GT-GJC-2210-612HB-A,641,EMERGING,13000,0.2975,12800.0,1,0
GT-MHR-2301-4ZTSB-6,874,STRONG,57000,0.1695,59300.0,1,0
GT-WBW-2205-61NDM-Y,807,STRONG,38500,0.1783,0.0,0,0
GT-MHD-2106-DZXW4-1,741,RELIABLE,22500,0.2221,21300.0,1,0
GT-UPD-2305-EJEHS-U,668,RELIABLE,21500,0.2458,22900.0,1,0
GT-GJR-2110-NA39R-X,870,STRONG,61000,0.1699,52600.0,1,0
GT-DLF-2205-GP52J-N,771,RELIABLE,30000,0.2151,32300.0,1,0
GT-UPD-2102-1SBZR-6,860,STRONG,54000,0.171,41100.0,1,0
GT-DLR-2303-0B86V-O,788,RELIABLE,28500,0.2117,27200.0,1,0
GT-GJH-2107-5QWYP-F,773,RELIABLE,32500,0.2146,33200.0,1,0
GT-GJC-2110-DWP6W-V,737,RELIABLE,25000,0.2231,0.0,0,0
GT-TGD-2403-XNCNC-3,885,STRONG,49500,0.1684,34300.0,1,0
GT-UPR-2206-JC681-K,834,STRONG,66500,0.1743,62600.0,1,0
GT-KLD-2402-F7EEZ-D,592,EMERGING,8500,0.3,0.0,0,0
GT-TGD-2103-7TE9P-0,781,RELIABLE,30000,0.213,30800.0,1,0
GT-DLC-2203-2C8ZB-B,600,EMERGING,15500,0.3,0.0,0,0
GT-TGH-2303-VYZNC-I,709,RELIABLE,30000,0.2311,24300.0,1,0
GT-WBD-2106-SFMT9-7,770,RELIABLE,32000,0.2153,31200.0,1,0
GT-MHD-2104-9PP0M-W,588,EMERGING,12500,0.3,0.0,0,0
GT-KLR-2107-M448H-C,695,RELIABLE,26500,0.2358,0.0,0,1
GT-TGR-2208-S1ND3-N,680,RELIABLE,21500,0.2411,0.0,0,0
GT-KLD-2307-56J9D-X,696,RELIABLE,20500,0.2354,0.0,0,0
GT-KLD-2305-46D3R-R,744,RELIABLE,28000,0.2213,30500.0,1,0
GT-KAR-2110-82347-P,675,RELIABLE,24500,0.243,0.0,0,0
GT-MHD-2108-JRXFX-O,855,STRONG,61000,0.1716,74900.0,1,0
GT-MHC-2110-46RQ9-P,806,STRONG,64000,0.1785,69700.0,1,0
GT-WBW-2203-JNM6B-J,911,PRIME,116500,0.1461,127100.0,1,0
GT-TNR-2309-VEVF0-B,520,EMERGING,11000,0.3,0.0,0,0
GT-KAR-2311-5KV7E-8,747,RELIABLE,22000,0.2205,15800.0,1,1
GT-WBW-2109-JK85D-7,907,PRIME,95000,0.1464,85500.0,1,0
GT-TND-2107-SSCT7-W,734,RELIABLE,20500,0.2239,0.0,0,0
GT-RJC-2310-JZHNG-Z,732,RELIABLE,26500,0.2244,0.0,0,0
GT-UPD-2101-CP363-A,859,STRONG,48500,0.1711,50000.0,1,0
GT-RJC-2403-8YD9H-5,641,EMERGING,10500,0.2975,0.0,0,1
GT-WBD-2309-07C8V-S,789,RELIABLE,29000,0.2115,30800.0,1,1
GT-GJW-2212-CYZF5-Y,802,STRONG,58500,0.1792,62400.0,1,1
GT-KAD-2202-R5AJM-8,827,STRONG,50500,0.1752,54800.0,1,0
GT-UPW-2102-J6ZVC-U,825,STRONG,61000,0.1755,0.0,0,0
GT-TGF-2112-VJG1T-Q,824,STRONG,44500,0.1757,52700.0,1,0
GT-KAD-2210-PXHFV-S,739,RELIABLE,25000,0.2226,28000.0,1,0
GT-KAW-2102-FMFX8-3,662,RELIABLE,19000,0.2482,17500.0,1,0
GT-TND-2301-1X8GD-N,902,PRIME,113500,0.1468,130800.0,1,0
GT-TNR-2207-4X12K-B,593,EMERGING,7500,0.3,0.0,0,1
GT-DLD-2102-ASZG1-0,637,EMERGING,10000,0.2995,11900.0,1,0
GT-UPW-2210-XYEEE-T,816,STRONG,54000,0.1769,52400.0,1,1
GT-TGC-2205-5C4M9-N,905,PRIME,80500,0.1466,90700.0,1,0
GT-DLR-2110-SWZG9-1,772,RELIABLE,25000,0.2149,29400.0,1,1
GT-GJW-2101-FR2ET-M,600,EMERGING,22000,0.3,26100.0,1,0
GT-TGC-2403-2E0PX-J,593,EMERGING,6000,0.3,0.0,0,1
GT-UPF-2104-ZETYA-I,708,RELIABLE,29000,0.2314,28000.0,1,1
GT-WBD-2107-7ACKP-F,564,EMERGING,8000,0.3,8400.0,1,1
GT-UPR-2210-JMSG2-V,834,STRONG,41000,0.1743,40200.0,1,0
GT-RJD-2310-DK5GK-C,660,RELIABLE,16000,0.2491,14900.0,1,1
GT-KAR-2105-KR6Q2-Q,636,EMERGING,10500,0.2999,0.0,0,0
GT-MHD-2102-2HK6C-9,771,RELIABLE,28500,0.2151,27800.0,1,1
GT-UPW-2212-WGBCH-D,823,STRONG,39500,0.1758,51300.0,1,0
GT-WBF-2206-K0YTQ-C,731,RELIABLE,26000,0.2247,25800.0,1,0
GT-DLF-2109-6NZ28-4,792,RELIABLE,36000,0.211,34000.0,1,0
GT-KAD-2105-HKV86-D,680,RELIABLE,31500,0.2411,32800.0,1,0
GT-KLD-2207-5CZY6-L,774,RELIABLE,31000,0.2145,35000.0,1,1
GT-KAW-2109-96QZD-P,693,RELIABLE,25500,0.2364,25800.0,1,1
GT-TGR-2106-CNP3X-I,520,EMERGING,24000,0.3,0.0,0,1
GT-DLH-2211-ZJXX4-5,781,RELIABLE,20000,0.213,20500.0,1,0
GT-TNR-2304-Y166H-D,761,RELIABLE,29000,0.2173,28600.0,1,0
GT-UPD-2302-3R7V5-M,600,EMERGING,19500,0.3,0.0,0,0
GT-WBF-2208-X8RN8-X,634,EMERGING,11500,0.3,0.0,0,0
GT-KAF-2306-598TQ-S,798,RELIABLE,31000,0.2099,29300.0,1,0
GT-KAD-2103-FBB9V-H,600,EMERGING,14000,0.3,0.0,0,0
GT-KLF-2311-AQSPX-2,705,RELIABLE,31500,0.2324,31300.0,1,1
GT-DLD-2206-66ACA-Q,731,RELIABLE,23500,0.2247,24600.0,1,0
GT-TGD-2209-5FB7P-J,756,RELIABLE,25000,0.2184,0.0,0,1
GT-UPD-2105-7QAG1-V,868,STRONG,83500,0.1701,98200.0,1,0
GT-RJF-2202-NCFFZ-L,645,EMERGING,10500,0.2957,0.0,0,0
GT-DLW-2106-R7DNP-O,600,EMERGING,14500,0.3,0.0,0,0
GT-DLD-2303-1N848-1,731,RELIABLE,29500,0.2247,29500.0,1,0
GT-TGW-2401-9JAVA-3,876,STRONG,64500,0.1693,65700.0,1,0
GT-TNW-2210-QQ12G-I,862,STRONG,59500,0.1708,67000.0,1,1
GT-UPR-2306-AHEG9-T,520,EMERGING,10500,0.3,0.0,0,1
GT-UPD-2403-877Q4-1,865,STRONG,59500,0.1704,63600.0,1,0
GT-DLD-2112-0XB5Q-M,842,STRONG,49500,0.1732,53600.0,1,0
GT-TND-2403-ZV598-C,697,RELIABLE,24000,0.235,18200.0,1,1
GT-UPH-2206-9EPCM-Z,534,EMERGING,4000,0.3,0.0,0,1
GT-WBW-2205-58G5V-Y,762,RELIABLE,37000,0.217,35100.0,1,0
GT-WBD-2101-1FDJF-C,826,STRONG,52500,0.1754,0.0,0,1
GT-RJR-2212-QW47W-H,869,STRONG,63500,0.17,50200.0,1,0
GT-GJD-2312-2D9N7-Q,672,RELIABLE,24500,0.2442,25000.0,1,1
GT-GJD-2103-CDTBQ-D,883,STRONG,84000,0.1686,81200.0,1,0
GT-TGD-2105-XYQ5E-E,627,EMERGING,9000,0.3,0.0,0,1
GT-RJD-2302-Q2VCF-1,600,EMERGING,14000,0.3,0.0,0,0
GT-KAD-2112-W1234-Y,680,RELIABLE,19000,0.2411,0.0,0,0
GT-KAD-2402-K4ZX3-V,846,STRONG,56000,0.1727,64400.0,1,0
GT-GJR-2401-JF24Q-7,680,RELIABLE,43500,0.2411,37600.0,1,0
GT-GJR-2308-CS2BM-4,775,RELIABLE,37000,0.2142,37600.0,1,0
GT-DLR-2208-P9BJH-H,646,EMERGING,14000,0.2953,14400.0,1,1
GT-GJR-2404-982EY-6,847,STRONG,44500,0.1726,36700.0,1,0
GT-MHR-2304-RNNDH-J,600,EMERGING,16000,0.3,14900.0,1,0
GT-GJR-2207-V2TPD-F,650,RELIABLE,17000,0.2534,0.0,0,1
GT-TNH-2304-VG6P2-P,583,EMERGING,7500,0.3,0.0,0,1
GT-WBD-2104-GB02M-B,824,STRONG,43000,0.1757,49900.0,1,0
GT-TNF-2301-P9KBD-C,726,RELIABLE,25500,0.2261,29000.0,1,0
GT-UPD-2209-AT1MJ-S,672,RELIABLE,23000,0.2442,0.0,0,1
GT-MHR-2307-DPHQY-8,704,RELIABLE,19500,0.2328,22100.0,1,0
GT-RJR-2212-ZNHMY-Z,795,RELIABLE,29500,0.2104,28100.0,1,0
GT-TGW-2210-J917W-Q,806,STRONG,38500,0.1785,41000.0,1,0
GT-DLH-2305-B0KCY-K,602,EMERGING,8500,0.3,9400.0,1,0
GT-KLR-2202-J184W-Q,918,PRIME,103000,0.1455,130600.0,1,0
GT-MHD-2303-HYTW1-9,794,RELIABLE,34000,0.2106,37800.0,1,0
GT-WBW-2304-CWWS4-V,733,RELIABLE,38000,0.2242,33500.0,1,0
GT-KAD-2203-HSWD9-T,680,RELIABLE,19000,0.2411,19100.0,1,0
GT-RJR-2301-DP4RX-V,782,RELIABLE,39000,0.2128,43700.0,1,0
GT-MHC-2307-MPWN4-1,677,RELIABLE,22500,0.2422,24300.0,1,0
GT-DLR-2301-PJ77D-5,756,RELIABLE,29000,0.2184,31500.0,1,0
GT-GJR-2301-DSEYQ-Q,606,EMERGING,6000,0.3,0.0,0,0
GT-RJD-2212-M7N48-5,742,RELIABLE,22500,0.2218,18300.0,1,1
GT-TGD-2311-67PXB-4,664,RELIABLE,20500,0.2474,0.0,0,0
GT-DLH-2308-CM11K-Z,672,RELIABLE,12500,0.2442,0.0,0,1
GT-TND-2304-846F6-I,837,STRONG,38000,0.1738,30900.0,1,0
GT-KLD-2302-M9ZCG-V,771,RELIABLE,24500,0.2151,28600.0,1,0
GT-KLR-2201-2HJT8-B,761,RELIABLE,30000,0.2173,32900.0,1,0
GT-MHR-2109-MY8XM-F,608,EMERGING,9000,0.3,0.0,0,1
GT-KLD-2303-N1PXJ-S,600,EMERGING,10500,0.3,11300.0,1,0
GT-RJD-2206-4HMVX-Q,750,RELIABLE,29500,0.2198,27000.0,1,0
GT-WBR-2310-8CHSN-M,771,RELIABLE,33000,0.2151,25400.0,1,0
GT-DLR-2304-9E7PP-X,520,EMERGING,10000,0.3,0.0,0,1
GT-TGW-2107-BPV2R-D,782,RELIABLE,36500,0.2128,42200.0,1,0
GT-UPD-2203-CW7C4-K,792,RELIABLE,34500,0.211,26800.0,1,0
GT-DLH-2105-RFV0X-2,822,STRONG,49000,0.176,34100.0,1,0
GT-TND-2102-3343S-4,722,RELIABLE,24000,0.2272,19500.0,1,1
GT-TGD-2208-VV2N6-S,555,EMERGING,8000,0.3,8600.0,1,0
GT-KAH-2303-WA12Z-W,671,RELIABLE,19000,0.2446,17600.0,1,0
GT-TGC-2401-1E1TK-7,643,EMERGING,8500,0.2966,8400.0,1,0
GT-MHD-2204-W6ZGK-7,789,RELIABLE,45000,0.2115,50400.0,1,0
GT-KAR-2205-GT3CZ-L,555,EMERGING,8000,0.3,6900.0,1,1
GT-TNC-2308-EJX4V-1,735,RELIABLE,27500,0.2236,24900.0,1,0
GT-UPD-2104-6CB6E-U,911,PRIME,97000,0.1461,75800.0,1,0
GT-KLD-2208-NKXNQ-L,756,RELIABLE,25000,0.2184,30400.0,1,0
GT-TGR-2105-QHFEY-4,600,EMERGING,17500,0.3,14500.0,1,0
GT-UPW-2402-B0GWD-E,571,EMERGING,9500,0.3,0.0,0,1
GT-DLR-2310-Z7X7S-K,572,EMERGING,11000,0.3,0.0,0,1
GT-GJR-2209-9NK4Y-X,840,STRONG,60500,0.1735,53700.0,1,0
GT-GJH-2308-FFPNM-Y,787,RELIABLE,41500,0.2119,47800.0,1,0
GT-TND-2208-D1DM2-V,761,RELIABLE,29000,0.2173,30600.0,1,0
GT-TGW-2111-2J96N-I,643,EMERGING,9500,0.2966,0.0,0,0
GT-GJD-2307-6S6XB-O,762,RELIABLE,35000,0.217,35800.0,1,1
GT-TNW-2311-TAS70-Y,677,RELIABLE,19500,0.2422,0.0,0,1
GT-GJR-2209-MFNGN-I,852,STRONG,60000,0.1719,60400.0,1,0
GT-DLD-2306-NCVGB-7,958,PRIME,148000,0.1429,164600.0,1,0
GT-WBR-2209-CK4GX-I,833,STRONG,47000,0.1744,39100.0,1,0
GT-KAC-2401-HBZDY-Q,719,RELIABLE,21500,0.2281,19900.0,1,1
GT-TGR-2403-11P7S-W,504,EMERGING,7000,0.3,0.0,0,1
GT-WBD-2101-VEFVG-6,581,EMERGING,7500,0.3,0.0,0,1
GT-RJD-2204-EWYX1-W,854,STRONG,64000,0.1717,68600.0,1,0
GT-TNF-2312-RY8Z7-T,700,RELIABLE,23000,0.2341,22000.0,1,0
GT-KAF-2108-687EP-A,706,RELIABLE,28000,0.2321,28100.0,1,1
GT-KAR-2109-056NQ-3,806,STRONG,61500,0.1785,55000.0,1,0
GT-WBD-2210-5CJ9P-H,860,STRONG,58000,0.171,54300.0,1,0
GT-RJF-2305-2ZXFA-F,750,RELIABLE,26000,0.2198,22800.0,1,0
GT-RJD-2109-EENH6-2,699,RELIABLE,24500,0.2344,27400.0,1,0
GT-RJD-2301-QD01H-P,600,EMERGING,17500,0.3,17400.0,1,0
GT-TNR-2403-2XEER-1,740,RELIABLE,31500,0.2223,28300.0,1,1
GT-TGR-2311-DY6JV-X,600,EMERGING,13500,0.3,14700.0,1,1
GT-RJH-2403-83KZB-2,764,RELIABLE,41000,0.2166,42400.0,1,0
GT-RJF-2105-3T7DN-D,755,RELIABLE,25000,0.2186,23500.0,1,1
GT-TGD-2312-X939Y-4,925,PRIME,127000,0.145,102200.0,1,0
GT-TGW-2104-35M8S-Q,809,STRONG,51000,0.178,37100.0,1,0
GT-KAD-2106-M8J51-E,882,STRONG,73000,0.1687,86400.0,1,0
GT-MHH-2101-JS0FW-N,675,RELIABLE,15500,0.243,16200.0,1,1
GT-WBD-2212-1E7X3-V,790,RELIABLE,42500,0.2113,41400.0,1,0
GT-WBC-2403-AJQ4M-V,716,RELIABLE,24500,0.229,0.0,0,0
GT-WBC-2402-ZKCY6-C,831,STRONG,69500,0.1747,69300.0,1,0
GT-TNC-2112-99KAJ-Z,869,STRONG,69500,0.17,75000.0,1,0
GT-DLD-2207-3A3XV-D,766,RELIABLE,18500,0.2161,17200.0,1,0
GT-TGC-2201-N67DG-L,953,PRIME,142000,0.1432,159900.0,1,0
GT-RJW-2106-6CMQT-M,879,STRONG,64500,0.169,79000.0,1,1
GT-KLD-2304-BGREH-L,877,STRONG,66500,0.1692,72200.0,1,0
GT-KAR-2302-YJ2S8-1,856,STRONG,60000,0.1714,63100.0,1,0
GT-TNF-2102-WWVW1-T,888,STRONG,69000,0.1681,73100.0,1,0
GT-WBH-2109-M27ZS-B,637,EMERGING,9000,0.2995,0.0,0,0
GT-DLW-2109-V5QD9-V,832,STRONG,65500,0.1746,77400.0,1,0
GT-TNR-2103-V8BMD-X,659,RELIABLE,17500,0.2495,0.0,0,0
GT-MHF-2104-3166B-E,703,RELIABLE,23500,0.2331,18700.0,1,1
GT-TGD-2202-3SKFN-U,797,RELIABLE,43500,0.2101,50500.0,1,0
GT-RJR-2103-7MMJR-T,820,STRONG,46000,0.1763,48600.0,1,0
GT-KLW-2106-1TN9J-H,688,RELIABLE,21500,0.2382,0.0,0,0
GT-KAF-2105-JW753-G,734,RELIABLE,32000,0.2239,35000.0,1,1
GT-GJW-2109-Y0PJ3-3,779,RELIABLE,23500,0.2134,22700.0,1,0
GT-KLR-2102-N48EY-2,672,RELIABLE,17000,0.2442,16000.0,1,0
GT-UPR-2208-M18BG-M,802,STRONG,36000,0.1792,40200.0,1,0
GT-KAW-2312-0MEK9-6,964,PRIME,147500,0.1426,137900.0,1,0
GT-TND-2211-6G3W0-D,798,RELIABLE,41500,0.2099,31400.0,1,0
GT-UPH-2307-GVNBJ-D,687,RELIABLE,21500,0.2386,17900.0,1,0
GT-KLH-2312-V07GC-5,618,EMERGING,9500,0.3,9800.0,1,1
GT-DLC-2208-AG7VJ-B,726,RELIABLE,25000,0.2261,0.0,0,0
GT-DLC-2306-HNPQQ-H,662,RELIABLE,25500,0.2482,29100.0,1,0
GT-DLR-2304-HX9SD-G,791,RELIABLE,39000,0.2112,43500.0,1,0
GT-RJR-2311-P5Y9K-7,600,EMERGING,16000,0.3,16400.0,1,0
GT-MHW-2212-HM160-F,692,RELIABLE,25000,0.2368,21700.0,1,1
GT-TND-2206-4XQDQ-O,916,PRIME,105500,0.1457,106600.0,1,0
GT-MHC-2211-YBX02-L,703,RELIABLE,15000,0.2331,16000.0,1,0
GT-KLD-2402-YB3D1-Q,757,RELIABLE,24500,0.2182,21800.0,1,0
GT-KAC-2311-XR4XW-N,600,EMERGING,16000,0.3,16700.0,1,1
GT-WBR-2109-XWCY1-V,845,STRONG,43000,0.1728,34800.0,1,0
GT-MHC-2302-RT6AS-9,864,STRONG,64500,0.1705,73700.0,1,0
GT-TGR-2207-G94VR-D,770,RELIABLE,26500,0.2153,34100.0,1,0
GT-WBF-2307-MSCJ0-E,846,STRONG,78000,0.1727,85000.0,1,1
GT-GJC-2207-F1GBJ-K,696,RELIABLE,26500,0.2354,21400.0,1,0
GT-WBR-2302-6C8GQ-E,806,STRONG,47500,0.1785,44900.0,1,0
GT-TGD-2310-0ZAD1-O,817,STRONG,49000,0.1767,48800.0,1,1
GT-DLD-2202-NGM3P-A,903,PRIME,69500,0.1468,61900.0,1,0
GT-RJF-2204-AGQ27-H,514,EMERGING,6500,0.3,0.0,0,0
GT-GJF-2110-MV245-6,520,EMERGING,11000,0.3,0.0,0,1
GT-GJF-2301-36GSW-Y,814,STRONG,67500,0.1772,81800.0,1,0
GT-UPD-2101-85WGY-E,517,EMERGING,4500,0.3,0.0,0,0
GT-DLD-2104-5ZBMC-M,814,STRONG,54500,0.1772,54900.0,1,0
GT-KLC-2211-ZZJQ6-I,870,STRONG,56500,0.1699,52000.0,1,0
GT-KLF-2303-GG50S-A,668,RELIABLE,26500,0.2458,26300.0,1,1
GT-TGD-2303-DNC42-C,737,RELIABLE,25500,0.2231,26100.0,1,1
GT-DLD-2105-EYQ5J-B,630,EMERGING,13500,0.3,0.0,0,0
GT-TND-2102-XZD29-5,680,RELIABLE,28000,0.2411,25600.0,1,1
GT-TNW-2111-XPSY4-E,739,RELIABLE,26000,0.2226,30400.0,1,0
GT-KLW-2307-48Y60-D,686,RELIABLE,23000,0.2389,22600.0,1,1
GT-DLF-2203-C69PB-2,687,RELIABLE,29000,0.2386,30000.0,1,1
GT-KLF-2112-SP755-F,763,RELIABLE,33500,0.2168,32700.0,1,0
GT-DLC-2112-DMVV7-G,750,RELIABLE,26500,0.2198,28400.0,1,0
GT-KLD-2309-0SRNN-4,680,RELIABLE,44500,0.2411,0.0,0,0
GT-KLD-2112-SY5B5-6,719,RELIABLE,22500,0.2281,18000.0,1,0
GT-GJR-2207-YCRX8-5,806,STRONG,59000,0.1785,52700.0,1,0
GT-MHH-2307-2XSB1-J,719,RELIABLE,24000,0.2281,25800.0,1,0
GT-GJR-2101-32RGW-H,696,RELIABLE,18500,0.2354,20500.0,1,1
GT-KLR-2401-7MX9X-7,600,EMERGING,7000,0.3,8900.0,1,0
GT-KLW-2302-XP1PE-Y,658,RELIABLE,17000,0.2499,18100.0,1,0
GT-TGD-2210-S0NYJ-Q,520,EMERGING,15000,0.3,17500.0,1,1
GT-TGR-2402-Y10DP-H,791,RELIABLE,33500,0.2112,27700.0,1,1
GT-TNF-2310-D803J-1,864,STRONG,71500,0.1705,49900.0,1,0
GT-DLH-2102-WWKX8-I,617,EMERGING,8000,0.3,8300.0,1,1
GT-GJD-2106-HFY1K-A,715,RELIABLE,25500,0.2293,27000.0,1,0
GT-KLR-2308-X3FM8-6,652,RELIABLE,22000,0.2526,0.0,0,0
GT-DLC-2112-V7ST2-C,793,RELIABLE,34500,0.2107,29000.0,1,0
GT-RJW-2302-JH4AE-4,803,STRONG,35000,0.179,30000.0,1,0
GT-KAF-2109-M6SQ2-6,680,RELIABLE,21500,0.2411,0.0,0,0
GT-KAD-2312-EYABN-9,720,RELIABLE,22000,0.2278,21000.0,1,1
GT-KLD-2111-CDDQA-K,875,STRONG,68500,0.1693,76300.0,1,0
GT-MHR-2401-WF81Q-7,789,RELIABLE,36000,0.2115,32800.0,1,0
GT-TGD-2203-F3QTF-L,600,EMERGING,19000,0.3,0.0,0,1
GT-RJW-2312-AJPDY-4,806,STRONG,43000,0.1785,50100.0,1,0
GT-TNW-2307-809MH-1,709,RELIABLE,23500,0.2311,0.0,0,0
GT-TNW-2208-S712N-C,816,STRONG,51000,0.1769,47900.0,1,0
GT-KAD-2310-PGJ9A-G,853,STRONG,58000,0.1718,59700.0,1,0
GT-GJD-2102-1TEKB-1,639,EMERGING,9500,0.2985,0.0,0,0
GT-TNW-2308-M6GC9-D,744,RELIABLE,24000,0.2213,29400.0,1,0
GT-MHD-2404-N4AJG-A,711,RELIABLE,23000,0.2305,21500.0,1,0
GT-TGD-2109-RWD0H-E,782,RELIABLE,35500,0.2128,31500.0,1,0
GT-MHR-2108-NGC9G-P,825,STRONG,61500,0.1755,66100.0,1,0
GT-RJD-2212-DHJ4X-7,853,STRONG,52000,0.1718,59100.0,1,0
GT-UPD-2208-G3RCR-K,703,RELIABLE,27500,0.2331,25600.0,1,0
GT-KLD-2205-38K91-O,836,STRONG,55000,0.174,59700.0,1,0
GT-KLC-2205-HN1H0-F,716,RELIABLE,24500,0.229,21700.0,1,0
GT-RJD-2110-WT6D3-2,520,EMERGING,10500,0.3,0.0,0,1
GT-WBR-2112-MACF1-R,458,BUILDING,0,0.3,3000.0,1,1
GT-MHR-2110-FF63W-Y,761,RELIABLE,36500,0.2173,40100.0,1,0
GT-KAR-2204-XGQQB-O,693,RELIABLE,24000,0.2364,26200.0,1,0
GT-KAR-2303-CWKWH-9,794,RELIABLE,44500,0.2106,44200.0,1,0
GT-DLD-2202-FCVB7-6,550,EMERGING,11000,0.3,12000.0,1,1
GT-RJD-2208-B3VWF-6,600,EMERGING,11000,0.3,0.0,0,0
GT-DLR-2207-4S328-L,807,STRONG,60000,0.1783,67700.0,1,1
GT-KAH-2312-HCDD3-I,600,EMERGING,14000,0.3,0.0,0,0
GT-KLR-2202-A1747-Q,815,STRONG,55000,0.1771,46400.0,1,0
GT-TGR-2207-W0S5Q-4,689,RELIABLE,20500,0.2379,28500.0,1,1
GT-TGH-2211-KKYT9-L,748,RELIABLE,28000,0.2203,26600.0,1,1
GT-TNW-2205-40CHB-N,836,STRONG,67000,0.174,54000.0,1,0
GT-KLW-2307-4HKVR-O,836,STRONG,66500,0.174,67800.0,1,0
GT-TNR-2402-50A97-B,751,RELIABLE,31000,0.2196,30600.0,1,0
GT-RJC-2206-YM24P-9,671,RELIABLE,22500,0.2446,23300.0,1,0
GT-KLF-2201-XJW8G-9,735,RELIABLE,34000,0.2236,32600.0,1,0
GT-TGF-2302-ZW8AH-1,832,STRONG,57000,0.1746,65500.0,1,0
GT-UPW-2206-13GYB-V,678,RELIABLE,21500,0.2419,20300.0,1,1
GT-KAR-2202-TM7S3-9,761,RELIABLE,31500,0.2173,29600.0,1,0
GT-UPH-2212-3R50D-0,767,RELIABLE,27500,0.2159,30300.0,1,1
GT-KLH-2303-RGE12-J,796,RELIABLE,37000,0.2102,30300.0,1,0
GT-MHF-2110-G29NY-R,660,RELIABLE,26500,0.2491,0.0,0,0
GT-KAD-2302-9AHE9-L,571,EMERGING,10500,0.3,0.0,0,1
GT-KAW-2112-GSS1S-T,812,STRONG,39500,0.1775,36400.0,1,0
GT-RJD-2211-WCY9X-B,871,STRONG,62500,0.1698,66600.0,1,0
GT-DLR-2202-54R6J-8,590,EMERGING,11000,0.3,12000.0,1,1
GT-TGD-2307-2AP6Q-1,758,RELIABLE,26500,0.2179,26500.0,1,0
GT-TNW-2203-KPNAJ-6,680,RELIABLE,51500,0.2411,47500.0,1,0
GT-TNH-2308-WTGAB-J,781,RELIABLE,38500,0.213,44300.0,1,0
GT-MHD-2202-V05KV-G,720,RELIABLE,29500,0.2278,24300.0,1,0
GT-TGW-2101-D9BNW-5,676,RELIABLE,23500,0.2427,20900.0,1,0
GT-KLC-2108-53WBV-9,600,EMERGING,12000,0.3,0.0,0,0
GT-TND-2311-3B3EK-0,778,RELIABLE,35000,0.2136,38200.0,1,0
GT-RJD-2211-3G5Y5-D,757,RELIABLE,32000,0.2182,40200.0,1,0
GT-GJR-2301-82HAQ-8,753,RELIABLE,27500,0.2191,29100.0,1,1
GT-UPW-2205-7GN0R-T,654,RELIABLE,26500,0.2517,0.0,0,0
GT-WBR-2102-YW6G4-O,795,RELIABLE,22500,0.2104,18600.0,1,0
GT-TND-2312-T4P8W-Y,757,RELIABLE,27500,0.2182,24300.0,1,0
GT-DLD-2212-BM5ZT-M,769,RELIABLE,36000,0.2155,32400.0,1,0
GT-DLR-2108-R3TDN-C,748,RELIABLE,33000,0.2203,35800.0,1,0
GT-WBD-2105-HXX9R-A,865,STRONG,59000,0.1704,68500.0,1,0
GT-TGF-2210-WER03-P,600,EMERGING,10500,0.3,0.0,0,0
GT-TGD-2205-KEWD8-F,840,STRONG,59500,0.1735,61000.0,1,0
GT-TNW-2311-27B1D-Z,688,RELIABLE,24500,0.2382,22900.0,1,0
GT-KLW-2301-ZTZ1B-O,811,STRONG,49500,0.1777,44300.0,1,0
GT-GJC-2305-17BW9-H,844,STRONG,60500,0.1729,64500.0,1,0
GT-RJD-2203-YDYP0-L,727,RELIABLE,25000,0.2258,22200.0,1,0
GT-KLF-2204-3MRBK-Q,884,STRONG,64000,0.1684,72900.0,1,0
GT-GJW-2204-FBCA3-Z,758,RELIABLE,29000,0.2179,25500.0,1,0
GT-KAR-2108-2WQ8J-X,678,RELIABLE,18000,0.2419,20500.0,1,1
GT-KLD-2103-86FX8-S,722,RELIABLE,24500,0.2272,30400.0,1,1
GT-TGD-2402-60J91-V,857,STRONG,66500,0.1713,59600.0,1,0
GT-TNF-2108-ACR51-F,794,RELIABLE,31500,0.2106,37400.0,1,0
GT-TGR-2310-4MN02-Z,627,EMERGING,11000,0.3,0.0,0,1
GT-KAC-2307-4S2Y9-J,747,RELIABLE,33000,0.2205,36600.0,1,1
GT-GJW-2107-7X8TD-W,777,RELIABLE,29500,0.2139,0.0,0,0
GT-KAW-2102-1EES0-Q,680,RELIABLE,24000,0.2411,0.0,0,1
GT-UPH-2306-4DEQM-I,951,PRIME,142000,0.1433,121100.0,1,0
GT-RJF-2401-GHDSY-N,774,RELIABLE,32500,0.2145,27000.0,1,0
GT-TGD-2402-F4KCB-K,520,EMERGING,19000,0.3,0.0,0,1
GT-TND-2109-FE132-L,822,STRONG,38500,0.176,35000.0,1,0
GT-GJW-2110-KAHYB-E,600,EMERGING,11500,0.3,0.0,0,1
GT-RJR-2211-7TWN5-6,600,EMERGING,16500,0.3,14700.0,1,0
GT-KAC-2304-A1KMJ-R,638,EMERGING,12000,0.299,0.0,0,1
GT-TGD-2105-2G7Y7-B,730,RELIABLE,28000,0.225,0.0,0,0
GT-TND-2101-8PMBV-U,821,STRONG,44000,0.1761,40100.0,1,0
GT-KAW-2206-F3NHJ-T,915,PRIME,77500,0.1457,76200.0,1,0
GT-KAC-2105-XFC4Y-8,680,RELIABLE,16000,0.2411,16500.0,1,1
GT-WBC-2309-AJGCD-M,723,RELIABLE,22500,0.2269,0.0,0,1
GT-UPD-2201-RX6GF-2,680,RELIABLE,32500,0.2411,25100.0,1,0
GT-WBR-2305-AE9KV-L,695,RELIABLE,21500,0.2358,20600.0,1,1
GT-DLF-2212-0QE2Y-7,600,EMERGING,12000,0.3,14100.0,1,0
GT-TGC-2204-JG7MR-K,600,EMERGING,19500,0.3,19500.0,1,0
GT-KLD-2112-V5P7J-Z,732,RELIABLE,36500,0.2244,41900.0,1,1
GT-RJF-2211-VEKXD-I,586,EMERGING,7500,0.3,0.0,0,0
GT-MHD-2312-3ENRJ-0,640,EMERGING,12500,0.298,11600.0,1,0
GT-GJW-2202-PX1ZP-I,720,RELIABLE,26500,0.2278,26700.0,1,0
GT-GJD-2111-NPF36-K,653,RELIABLE,21500,0.2521,25800.0,1,0
GT-TNH-2110-DWGAB-R,745,RELIABLE,32000,0.2211,33000.0,1,1
GT-TND-2209-Q1FTR-D,638,EMERGING,9500,0.299,0.0,0,1
GT-UPF-2112-MWN90-B,851,STRONG,71000,0.172,65200.0,1,0
GT-KLW-2212-VMPM1-K,897,STRONG,95000,0.1672,105900.0,1,0
GT-TND-2204-S1ZGP-Q,600,EMERGING,11500,0.3,0.0,0,0
GT-KLD-2109-R5SPT-U,757,RELIABLE,29500,0.2182,26700.0,1,0
GT-RJF-2208-M167V-Q,600,EMERGING,13500,0.3,0.0,0,0
GT-KAF-2305-YJ2NA-B,709,RELIABLE,38500,0.2311,33700.0,1,0
GT-DLW-2305-EDKKZ-C,871,STRONG,52500,0.1698,50600.0,1,0
GT-TGF-2309-SAGWF-W,704,RELIABLE,18000,0.2328,20800.0,1,1
GT-GJD-2208-FCET2-S,600,EMERGING,19500,0.3,15400.0,1,0
GT-DLC-2108-ZK960-H,680,RELIABLE,18000,0.2411,0.0,0,0
GT-TGD-2112-N70AF-0,829,STRONG,75000,0.175,67800.0,1,0
GT-KAR-2305-W0KY1-S,471,BUILDING,0,0.3,0.0,0,1
GT-MHC-2311-GMTBF-H,741,RELIABLE,25500,0.2221,27100.0,1,1
GT-TGC-2306-1BDXS-Y,755,RELIABLE,35000,0.2186,37500.0,1,0
GT-GJD-2301-DSTHK-2,724,RELIABLE,26500,0.2266,30500.0,1,1
GT-TGD-2107-AHVBE-O,777,RELIABLE,31000,0.2139,32900.0,1,0
GT-TNF-2104-RPR86-U,873,STRONG,76000,0.1696,79300.0,1,0
GT-TGD-2210-AFYNP-P,630,EMERGING,9000,0.3,8900.0,1,1
GT-GJW-2403-JFWC8-4,907,PRIME,100000,0.1464,103600.0,1,0
GT-UPR-2104-YVMNN-P,650,RELIABLE,17500,0.2534,17200.0,1,0
GT-WBD-2309-TX7E4-2,871,STRONG,61500,0.1698,61800.0,1,0
GT-KAR-2204-EES2A-F,793,RELIABLE,31500,0.2107,34200.0,1,0
GT-KAF-2308-TNB5Q-H,731,RELIABLE,19000,0.2247,17800.0,1,0
GT-TNW-2109-PV32P-M,734,RELIABLE,26000,0.2239,25300.0,1,1
GT-DLR-2206-J9CBN-O,757,RELIABLE,34500,0.2182,35600.0,1,0
GT-WBD-2208-3J5X5-I,738,RELIABLE,31000,0.2229,31000.0,1,0
GT-UPR-2309-80E0M-0,718,RELIABLE,21500,0.2284,26200.0,1,1
GT-DLF-2306-5ZQC4-B,732,RELIABLE,33500,0.2244,0.0,0,1
GT-TGW-2105-QHQ9Y-H,702,RELIABLE,28000,0.2334,27900.0,1,1
GT-DLC-2201-YNHBX-6,617,EMERGING,14000,0.3,0.0,0,0
GT-TGH-2203-SGBR0-4,646,EMERGING,9500,0.2953,0.0,0,0
GT-TNR-2212-JR0Z9-H,600,EMERGING,15000,0.3,0.0,0,1
GT-KAC-2401-267TT-4,680,RELIABLE,26000,0.2411,23200.0,1,1
GT-GJD-2209-KJD28-Q,804,STRONG,58000,0.1788,47300.0,1,0
GT-TNR-2404-JN959-V,745,RELIABLE,27500,0.2211,26100.0,1,0
GT-UPR-2308-D5CSP-S,916,PRIME,71000,0.1457,84500.0,1,0
GT-GJW-2310-2Q1YF-L,560,EMERGING,6000,0.3,0.0,0,1
GT-MHW-2111-G74MJ-9,804,STRONG,52500,0.1788,59600.0,1,0
GT-RJD-2304-MD9JZ-T,750,RELIABLE,23500,0.2198,26400.0,1,0
GT-KAC-2108-RQ3KT-I,826,STRONG,73000,0.1754,71400.0,1,0
GT-WBC-2112-46QWY-6,800,STRONG,49500,0.1795,48100.0,1,0
GT-RJH-2112-SEG70-B,802,STRONG,47500,0.1792,51400.0,1,0
GT-WBR-2403-XVE40-R,803,STRONG,51500,0.179,51700.0,1,0
GT-WBH-2311-R4583-D,724,RELIABLE,22500,0.2266,27900.0,1,1
GT-TGW-2403-PZZFB-N,794,RELIABLE,35500,0.2106,38300.0,1,0
GT-KAF-2204-KZ52Q-7,520,EMERGING,8000,0.3,0.0,0,1
GT-GJR-2307-7ZF5K-S,817,STRONG,69000,0.1767,68900.0,1,0
GT-KLC-2208-JQNPS-2,749,RELIABLE,31500,0.22,24900.0,1,0
GT-UPW-2108-C9FRD-7,710,RELIABLE,21000,0.2308,0.0,0,1
GT-KAF-2309-RAVQA-4,520,EMERGING,11000,0.3,0.0,0,0
GT-DLH-2201-49DVE-V,766,RELIABLE,28000,0.2161,28500.0,1,0
GT-RJD-2307-GQ671-5,829,STRONG,58000,0.175,62600.0,1,0
GT-UPF-2208-516CC-8,920,PRIME,94500,0.1454,120000.0,1,0
GT-TND-2209-WM0P8-H,891,STRONG,95000,0.1678,73500.0,1,0
GT-DLR-2101-ZFH8N-L,704,RELIABLE,15500,0.2328,18400.0,1,1
GT-TGD-2201-7B7H0-4,817,STRONG,50000,0.1767,58900.0,1,0
GT-KAD-2311-6ABC4-E,809,STRONG,52500,0.178,63500.0,1,0
GT-KAR-2106-FHSDZ-J,706,RELIABLE,22000,0.2321,0.0,0,0
GT-KAD-2305-WGQN8-B,642,EMERGING,12000,0.2971,14100.0,1,1
GT-RJD-2209-Q52RW-1,520,EMERGING,16500,0.3,0.0,0,0
GT-KAW-2206-9VY50-6,600,EMERGING,20000,0.3,19500.0,1,0
GT-WBD-2307-W0B8Q-K,600,EMERGING,9500,0.3,0.0,0,1
GT-DLD-2204-687NF-B,683,RELIABLE,24000,0.24,28100.0,1,1
GT-UPD-2207-F37X0-Q,798,RELIABLE,37500,0.2099,46800.0,1,0
GT-MHD-2111-8EYW2-1,727,RELIABLE,20500,0.2258,19200.0,1,0
GT-KLD-2112-8ZBA0-9,916,PRIME,105000,0.1457,96500.0,1,0
GT-KAH-2107-H4RFH-2,597,EMERGING,13000,0.3,10600.0,1,0
GT-RJR-2211-Q87BJ-M,933,PRIME,118000,0.1444,88600.0,1,0
GT-MHR-2105-J0XXZ-I,600,EMERGING,9500,0.3,10500.0,1,0
GT-KAR-2112-TWM9H-U,591,EMERGING,9000,0.3,0.0,0,1
GT-KAD-2210-S63MP-A,520,EMERGING,12500,0.3,0.0,0,0
GT-UPF-2303-QFD6K-2,690,RELIABLE,19500,0.2375,20800.0,1,0
GT-TNH-2310-Q0GB6-3,600,EMERGING,16500,0.3,0.0,0,0
GT-TGD-2204-R2FY8-S,749,RELIABLE,29000,0.22,21300.0,1,0
GT-RJD-2309-DZHWF-X,775,RELIABLE,42000,0.2142,45300.0,1,0
GT-DLF-2304-VZ1WZ-0,673,RELIABLE,25000,0.2438,22800.0,1,1
GT-WBD-2108-56CT6-G,756,RELIABLE,29500,0.2184,34700.0,1,0
GT-DLD-2210-ED9TP-X,718,RELIABLE,27500,0.2284,29900.0,1,0
GT-KAF-2306-1XEM0-O,833,STRONG,53000,0.1744,62000.0,1,0
GT-KLF-2108-CCGHJ-Y,732,RELIABLE,23500,0.2244,21400.0,1,0
GT-TND-2306-6K8HD-K,708,RELIABLE,27000,0.2314,28800.0,1,1
GT-RJW-2103-AXCRF-9,646,EMERGING,11000,0.2953,10400.0,1,1
GT-TGD-2310-ZC1Y0-B,751,RELIABLE,45500,0.2196,54100.0,1,0
GT-RJD-2110-6Y3N0-G,617,EMERGING,9500,0.3,0.0,0,0
GT-MHW-2104-9MYJN-D,662,RELIABLE,23000,0.2482,21500.0,1,0
GT-WBF-2203-GX5CG-G,801,STRONG,47000,0.1794,57700.0,1,0
GT-TNF-2304-9HPE2-7,589,EMERGING,7500,0.3,7500.0,1,1
GT-KLF-2204-S4FWA-I,912,PRIME,123000,0.146,122200.0,1,0
GT-TNF-2109-CHWNT-S,769,RELIABLE,22000,0.2155,23800.0,1,0
GT-UPC-2301-8RSDB-D,600,EMERGING,14500,0.3,0.0,0,0
GT-TGR-2303-D3CP3-V,600,EMERGING,16000,0.3,17500.0,1,0
GT-TGR-2203-NRNKR-S,796,RELIABLE,28000,0.2102,20000.0,1,0
GT-GJW-2204-B66HS-2,757,RELIABLE,24500,0.2182,26200.0,1,0
GT-GJD-2111-3V81G-F,704,RELIABLE,29500,0.2328,34500.0,1,0
GT-TGW-2103-YXWQ6-F,713,RELIABLE,23500,0.2299,24600.0,1,0
GT-KAD-2305-9SWRC-M,582,EMERGING,9500,0.3,0.0,0,1
GT-KAR-2308-41FE7-S,618,EMERGING,9500,0.3,8000.0,1,0
GT-WBW-2102-1M1GD-G,659,RELIABLE,24500,0.2495,21800.0,1,0
GT-KAF-2312-W2Q7D-U,812,STRONG,56000,0.1775,58500.0,1,0
GT-GJD-2208-C9PXR-V,741,RELIABLE,24500,0.2221,27000.0,1,0
GT-RJR-2111-M3Y43-L,849,STRONG,39000,0.1723,38700.0,1,0
GT-UPW-2103-X4AAW-Y,600,EMERGING,15000,0.3,13400.0,1,0
GT-GJH-2209-RHXKD-D,680,RELIABLE,38000,0.2411,33800.0,1,0
GT-DLR-2308-TC7G8-Y,804,STRONG,49500,0.1788,46100.0,1,0
GT-GJD-2110-0VPRR-A,600,EMERGING,14500,0.3,13800.0,1,1
GT-MHR-2108-VQGPT-K,791,RELIABLE,35000,0.2112,34500.0,1,0
GT-KLR-2402-SJG1K-Z,600,EMERGING,14000,0.3,0.0,0,1
GT-KAD-2402-YRVCS-U,728,RELIABLE,24000,0.2256,30000.0,1,1
GT-WBC-2212-Y5HD3-A,778,RELIABLE,32000,0.2136,30100.0,1,1
GT-TGR-2110-72X0W-6,761,RELIABLE,30500,0.2173,30300.0,1,0
GT-KAR-2306-ZKBGV-D,755,RELIABLE,36000,0.2186,38300.0,1,0
GT-MHR-2208-T3Q33-S,714,RELIABLE,21500,0.2296,0.0,0,0
GT-UPD-2403-QR6W9-2,652,RELIABLE,18000,0.2526,17500.0,1,0
GT-WBR-2202-F4AAN-D,762,RELIABLE,28000,0.217,28700.0,1,0
GT-MHR-2309-CC3PA-R,646,EMERGING,10000,0.2953,0.0,0,0
GT-MHR-2302-HQEDV-T,692,RELIABLE,16000,0.2368,0.0,0,0
GT-GJF-2107-SC5JN-M,766,RELIABLE,32000,0.2161,34200.0,1,0
GT-GJR-2109-GDNBF-K,833,STRONG,46500,0.1744,47400.0,1,0
GT-TGR-2210-E2C71-I,746,RELIABLE,30000,0.2208,31300.0,1,1
GT-KAC-2211-CYAPM-4,674,RELIABLE,26500,0.2434,23200.0,1,1
GT-KAR-2112-7CTAP-R,600,EMERGING,19000,0.3,20800.0,1,1
GT-MHR-2312-T1GR5-Q,841,STRONG,76000,0.1733,76100.0,1,0
GT-KAC-2307-MBFG2-5,582,EMERGING,10000,0.3,10600.0,1,1
GT-WBR-2110-NNWJF-D,807,STRONG,46000,0.1783,48300.0,1,0
GT-TNR-2201-YC7R6-5,600,EMERGING,7500,0.3,6300.0,1,1
GT-DLW-2303-AAEGD-F,681,RELIABLE,22000,0.2407,0.0,0,0
GT-WBF-2109-6KPPT-Z,762,RELIABLE,25500,0.217,25700.0,1,0
GT-UPH-2301-FMGP1-W,884,STRONG,80000,0.1684,85200.0,1,0
GT-MHR-2401-0JPPG-U,885,STRONG,84500,0.1684,84600.0,1,0
GT-GJR-2302-H9K19-J,789,RELIABLE,35500,0.2115,31600.0,1,0
GT-MHD-2210-AWC64-A,786,RELIABLE,41000,0.2121,44800.0,1,0
GT-WBD-2107-XW0HH-K,520,EMERGING,6500,0.3,0.0,0,1
GT-TNR-2209-VSAJ2-X,783,RELIABLE,31500,0.2127,33600.0,1,0
GT-MHD-2102-XGPBN-H,726,RELIABLE,17500,0.2261,0.0,0,0
GT-RJR-2106-NAGTS-6,683,RELIABLE,26500,0.24,0.0,0,1
GT-MHD-2210-8WFKT-F,754,RELIABLE,27500,0.2188,29800.0,1,0
GT-UPD-2306-CRXW1-Q,689,RELIABLE,19500,0.2379,22000.0,1,0
GT-TNR-2207-ATNPV-L,767,RELIABLE,33000,0.2159,33200.0,1,0
GT-GJF-2401-RXHRP-6,617,EMERGING,10000,0.3,10900.0,1,1
GT-UPD-2301-M09PX-S,776,RELIABLE,27000,0.214,26700.0,1,0
GT-TGW-2201-F193D-Z,713,RELIABLE,19000,0.2299,16900.0,1,1
GT-GJD-2312-49GWR-Y,746,RELIABLE,22000,0.2208,21000.0,1,0
GT-TGD-2211-W1XYF-5,785,RELIABLE,39000,0.2122,34900.0,1,0
GT-GJH-2102-H14J0-0,656,RELIABLE,13500,0.2508,0.0,0,1
GT-DLC-2308-KSYMZ-7,774,RELIABLE,34000,0.2145,39700.0,1,1
GT-TGR-2308-HC1SQ-H,707,RELIABLE,26000,0.2318,21300.0,1,0
GT-MHR-2108-VKR9T-J,711,RELIABLE,31000,0.2305,38900.0,1,1
GT-TGC-2203-BPQ0N-K,600,EMERGING,15000,0.3,0.0,0,0
GT-KAR-2201-2K2ET-2,772,RELIABLE,34000,0.2149,36300.0,1,1
GT-TGD-2206-SDZXN-E,696,RELIABLE,23000,0.2354,24600.0,1,0
GT-RJD-2308-57NY7-7,756,RELIABLE,22500,0.2184,21300.0,1,0
GT-TND-2210-DK934-5,600,EMERGING,17500,0.3,0.0,0,0
GT-TGW-2305-8RN2V-P,696,RELIABLE,25500,0.2354,23800.0,1,0
GT-RJF-2305-FTPYZ-D,908,PRIME,74500,0.1463,70400.0,1,0
GT-KAD-2104-1BH8M-F,600,EMERGING,17500,0.3,0.0,0,0
GT-GJD-2301-B35DC-T,722,RELIABLE,16000,0.2272,17100.0,1,0
GT-WBD-2312-BQKB8-J,761,RELIABLE,34000,0.2173,30800.0,1,0
GT-TNW-2103-TXGN2-I,685,RELIABLE,20000,0.2393,21400.0,1,0
GT-DLC-2205-WC3ZC-S,703,RELIABLE,20500,0.2331,18200.0,1,0
GT-WBR-2309-AHV8R-P,761,RELIABLE,22500,0.2173,21300.0,1,0
GT-TGW-2112-NKKZX-9,641,EMERGING,9500,0.2975,0.0,0,0
GT-TND-2112-RQP4Z-G,600,EMERGING,20000,0.3,0.0,0,1
GT-GJF-2311-BYTQ1-Q,663,RELIABLE,24000,0.2478,24300.0,1,0
GT-TNR-2203-42RGZ-L,733,RELIABLE,27500,0.2242,24800.0,1,0
GT-RJD-2203-8ZFB7-J,714,RELIABLE,22000,0.2296,27800.0,1,0
GT-DLR-2307-66EJZ-G,957,PRIME,123500,0.1429,148700.0,1,0
GT-UPC-2210-NYQP9-7,647,EMERGING,10000,0.2948,11700.0,1,0
GT-WBD-2311-F39WZ-I,581,EMERGING,7500,0.3,7600.0,1,1
GT-RJR-2111-0RHAZ-6,600,EMERGING,11500,0.3,7800.0,1,0
GT-TGC-2212-J3JWA-X,860,STRONG,53000,0.171,64200.0,1,0
GT-DLW-2303-9Y794-W,832,STRONG,77000,0.1746,66600.0,1,0
GT-TNR-2210-PHQC6-T,639,EMERGING,10000,0.2985,0.0,0,0
GT-GJD-2106-W3PBW-B,830,STRONG,42500,0.1748,45100.0,1,0
GT-TGC-2210-VC0GM-W,830,STRONG,46500,0.1748,52900.0,1,0
GT-RJD-2303-FKHC7-E,747,RELIABLE,25500,0.2205,22700.0,1,0
GT-MHD-2310-Z3XTN-Q,741,RELIABLE,45500,0.2221,50800.0,1,0
GT-TND-2403-5VJEJ-G,801,STRONG,37500,0.1794,34900.0,1,0
GT-KLR-2205-Y8TM9-8,819,STRONG,38500,0.1764,41600.0,1,0
GT-UPF-2102-3FB9A-2,762,RELIABLE,33500,0.217,38100.0,1,1
GT-KAW-2110-DCWHA-U,686,RELIABLE,23500,0.2389,24400.0,1,0
GT-KLR-2306-5A0Y6-8,742,RELIABLE,20500,0.2218,21500.0,1,0
GT-TGH-2110-7AW0M-U,894,STRONG,81500,0.1675,88800.0,1,0
GT-GJF-2108-MZDAP-Z,680,RELIABLE,30500,0.2411,36300.0,1,0
GT-KAF-2207-ZFXMC-I,857,STRONG,61000,0.1713,48200.0,1,0
GT-MHD-2104-G09R7-8,796,RELIABLE,30000,0.2102,32900.0,1,0
GT-GJD-2307-ZD78H-R,784,RELIABLE,32500,0.2125,26400.0,1,0
GT-DLR-2305-5MRN1-6,707,RELIABLE,25000,0.2318,23400.0,1,0
GT-MHW-2104-2T7HN-5,813,STRONG,44500,0.1774,47400.0,1,0
GT-GJD-2207-SYRXD-Z,815,STRONG,64000,0.1771,61300.0,1,0
GT-DLR-2306-YE9CP-P,834,STRONG,72500,0.1743,86800.0,1,0
GT-RJR-2111-Z1F3D-H,709,RELIABLE,21000,0.2311,20600.0,1,0
GT-MHR-2211-XSRHD-0,808,STRONG,46000,0.1782,50000.0,1,0
GT-KAD-2204-01ZWW-H,768,RELIABLE,24000,0.2157,23700.0,1,0
GT-TND-2311-F7F9K-X,728,RELIABLE,27500,0.2256,30600.0,1,0
GT-TND-2112-CYK5E-J,909,PRIME,87500,0.1462,85300.0,1,0
GT-GJC-2401-803MY-O,631,EMERGING,12500,0.3,0.0,0,0
GT-DLW-2109-E2XK6-I,825,STRONG,57500,0.1755,67400.0,1,0
GT-KLD-2101-Q0WP2-K,646,EMERGING,11500,0.2953,13800.0,1,1
GT-TGD-2304-2WKZC-S,770,RELIABLE,40000,0.2153,40000.0,1,0
GT-UPR-2308-6H7GR-C,930,PRIME,106000,0.1447,85100.0,1,0
GT-UPD-2211-NHRC0-F,696,RELIABLE,24000,0.2354,0.0,0,1
GT-RJW-2205-R71VK-4,680,RELIABLE,18000,0.2411,20800.0,1,0
GT-WBR-2211-64DPH-M,745,RELIABLE,17500,0.2211,17000.0,1,0
GT-DLC-2202-472ZZ-C,733,RELIABLE,29000,0.2242,0.0,0,1
GT-WBD-2109-XHEVC-1,834,STRONG,50000,0.1743,58100.0,1,0
GT-TGH-2311-B91DT-K,707,RELIABLE,27500,0.2318,25200.0,1,0
GT-GJW-2108-M2KD1-A,836,STRONG,45500,0.174,47300.0,1,0
GT-DLW-2106-0BWME-O,697,RELIABLE,21000,0.235,0.0,0,0
GT-WBH-2212-Q39KN-R,599,EMERGING,8500,0.3,7600.0,1,1
GT-KLR-2208-0FYVM-L,723,RELIABLE,23500,0.2269,21000.0,1,1
GT-GJD-2403-QJGKD-K,623,EMERGING,8000,0.3,0.0,0,1
GT-KLR-2104-YXZGP-I,875,STRONG,63000,0.1693,67100.0,1,0
GT-MHW-2305-28KV6-H,646,EMERGING,9000,0.2953,0.0,0,1
GT-GJC-2302-3A8ZB-C,686,RELIABLE,19500,0.2389,19100.0,1,0
GT-KAR-2211-9GS7P-O,800,STRONG,52500,0.1795,60600.0,1,0
GT-DLW-2209-7113T-V,721,RELIABLE,22500,0.2275,26400.0,1,0
GT-RJD-2202-KMZQ7-O,649,EMERGING,11000,0.2939,9600.0,1,1
GT-MHD-2105-WKAYV-4,879,STRONG,79500,0.169,55000.0,1,0
GT-TGF-2402-8H7XH-D,650,RELIABLE,18500,0.2534,0.0,0,1
GT-KAR-2109-CBCEA-3,600,EMERGING,15000,0.3,12900.0,1,0
GT-DLD-2203-BN8BX-W,742,RELIABLE,29500,0.2218,28200.0,1,0
GT-MHW-2110-7XM4Z-N,600,EMERGING,19500,0.3,18000.0,1,0
GT-TGR-2307-FK1KP-O,790,RELIABLE,32500,0.2113,32600.0,1,0
GT-GJR-2110-XGPGP-V,617,EMERGING,9500,0.3,8300.0,1,1
GT-GJD-2111-VH03S-X,741,RELIABLE,25500,0.2221,25900.0,1,0
GT-KLD-2302-30M54-S,719,RELIABLE,22000,0.2281,21200.0,1,1
GT-MHF-2111-GRXZ7-V,822,STRONG,51500,0.176,59000.0,1,0
GT-TGC-2211-S8F1S-E,678,RELIABLE,18500,0.2419,0.0,0,0
GT-WBD-2207-SN4KV-Y,905,PRIME,85500,0.1466,91700.0,1,0
GT-KAW-2103-51E4D-S,721,RELIABLE,31000,0.2275,30300.0,1,1
GT-MHW-2104-PY1YG-Z,744,RELIABLE,26000,0.2213,27100.0,1,0
GT-TNW-2307-8KVTQ-I,682,RELIABLE,21500,0.2404,24000.0,1,1
GT-RJF-2312-PVDZ4-6,642,EMERGING,9000,0.2971,8700.0,1,1
GT-WBR-2205-2NWGZ-E,600,EMERGING,10000,0.3,0.0,0,1
GT-WBW-2403-WHKB2-E,655,RELIABLE,21500,0.2512,19800.0,1,1
GT-WBR-2202-96WHR-Z,734,RELIABLE,29500,0.2239,29800.0,1,1
GT-RJD-2112-CKXK7-G,651,RELIABLE,17500,0.253,14000.0,1,0
GT-WBR-2306-0HQAW-A,802,STRONG,26000,0.1792,27600.0,1,0
GT-UPR-2308-VYJES-R,699,RELIABLE,30000,0.2344,27600.0,1,1
GT-TNR-2207-R0CH4-T,677,RELIABLE,25500,0.2422,0.0,0,0
GT-RJC-2210-D6SKX-N,753,RELIABLE,32500,0.2191,20700.0,1,0
GT-KAR-2110-99X9G-4,600,EMERGING,27000,0.3,24700.0,1,0
GT-TND-2107-APH6P-C,856,STRONG,49000,0.1714,59300.0,1,0
GT-DLH-2108-B3ZYV-6,721,RELIABLE,24500,0.2275,29900.0,1,0
GT-MHD-2107-QNT59-A,642,EMERGING,7000,0.2971,7500.0,1,0
GT-WBD-2103-EFMNB-5,642,EMERGING,10000,0.2971,11900.0,1,1
GT-RJC-2304-VS02Z-W,610,EMERGING,8500,0.3,7100.0,1,0
GT-MHH-2309-9HEYP-C,882,STRONG,53500,0.1687,65700.0,1,0
GT-RJF-2211-3314B-E,786,RELIABLE,27500,0.2121,34100.0,1,0
GT-RJR-2204-HZWDR-G,652,RELIABLE,18000,0.2526,20900.0,1,1
GT-RJR-2307-1866E-E,717,RELIABLE,19500,0.2287,17400.0,1,1
GT-KAW-2301-MYR2Q-G,741,RELIABLE,29000,0.2221,25400.0,1,1
GT-KLC-2102-G3MTG-Q,680,RELIABLE,26000,0.2411,21000.0,1,0
GT-TGD-2104-E2SYD-J,785,RELIABLE,28000,0.2122,29100.0,1,0
GT-WBC-2212-GK6ES-2,704,RELIABLE,30000,0.2328,30500.0,1,0
GT-TNF-2207-DDV3N-T,926,PRIME,96500,0.145,74700.0,1,0
GT-WBD-2208-J7N4S-E,900,PRIME,103500,0.147,100400.0,1,0
GT-WBD-2208-W94TY-O,885,STRONG,71500,0.1684,77600.0,1,0
GT-UPD-2208-P6KHH-S,835,STRONG,63000,0.1741,61600.0,1,0
GT-TNH-2311-W9SKZ-W,695,RELIABLE,26000,0.2358,26300.0,1,0
GT-MHR-2109-6X487-5,819,STRONG,41000,0.1764,36000.0,1,0
GT-WBF-2111-WRV1Y-J,721,RELIABLE,19500,0.2275,19800.0,1,0
GT-UPD-2110-KCE70-O,911,PRIME,90500,0.1461,88700.0,1,0
GT-KAW-2105-VN4WK-0,793,RELIABLE,33500,0.2107,35600.0,1,0
GT-RJR-2104-B5SWC-7,780,RELIABLE,47000,0.2133,48600.0,1,1
GT-RJC-2310-7Y094-P,802,STRONG,48500,0.1792,53600.0,1,0
GT-WBR-2402-684RS-A,862,STRONG,56500,0.1708,54400.0,1,0
GT-KLW-2311-BX9KM-6,649,EMERGING,10000,0.2939,9900.0,1,0
GT-TNF-2303-J24HQ-T,864,STRONG,60500,0.1705,51500.0,1,0
GT-MHR-2112-C8EA7-1,702,RELIABLE,24500,0.2334,21900.0,1,0
GT-GJH-2204-R8EQG-I,631,EMERGING,7000,0.3,8400.0,1,1
GT-GJR-2204-ZF2MQ-S,712,RELIABLE,24500,0.2302,26400.0,1,0
GT-KLC-2311-H71T8-4,638,EMERGING,9000,0.299,0.0,0,0
GT-DLD-2301-BKT2F-3,773,RELIABLE,42500,0.2146,40600.0,1,0
GT-MHF-2211-V0YHQ-3,637,EMERGING,10000,0.2995,0.0,0,0
GT-GJC-2309-HTG5M-L,746,RELIABLE,26000,0.2208,23700.0,1,0
GT-TNC-2309-P3172-6,842,STRONG,70500,0.1732,68600.0,1,0
GT-MHR-2305-0XJWQ-X,700,RELIABLE,15500,0.2341,13600.0,1,1
GT-GJR-2204-SJWMW-1,790,RELIABLE,35500,0.2113,33300.0,1,0
GT-MHW-2112-4GA03-U,520,EMERGING,13500,0.3,0.0,0,1
GT-RJD-2206-AMTSM-K,671,RELIABLE,29500,0.2446,30800.0,1,0
GT-TNH-2303-YQ1PJ-L,920,PRIME,90500,0.1454,92600.0,1,0
GT-GJD-2202-ZAVAH-L,794,RELIABLE,35000,0.2106,31000.0,1,0
GT-WBD-2212-MMTFE-3,680,RELIABLE,21500,0.2411,16300.0,1,0
GT-WBW-2211-TDJFV-1,698,RELIABLE,17000,0.2347,15000.0,1,0
GT-TNR-2110-R5ACR-S,751,RELIABLE,28500,0.2196,33700.0,1,0
GT-KAR-2312-4B2HV-W,737,RELIABLE,23500,0.2231,21000.0,1,0
GT-GJD-2312-A4R6G-H,751,RELIABLE,30000,0.2196,32200.0,1,0
GT-TGH-2309-5W7B4-8,774,RELIABLE,37500,0.2145,39200.0,1,0
GT-KLR-2401-0MDSZ-3,673,RELIABLE,24500,0.2438,23500.0,1,0
GT-RJH-2308-WKFH3-D,722,RELIABLE,23000,0.2272,17900.0,1,1
GT-KAR-2109-49526-J,759,RELIABLE,28500,0.2177,24100.0,1,0
GT-TNR-2201-ZA4MM-J,648,EMERGING,11000,0.2943,0.0,0,1
GT-TGD-2403-5BYXZ-6,795,RELIABLE,35500,0.2104,34100.0,1,0
GT-TNR-2101-5AJGB-7,786,RELIABLE,38500,0.2121,44100.0,1,1
GT-UPD-2310-T72PH-H,655,RELIABLE,23500,0.2512,22800.0,1,0
GT-TND-2103-1R0GZ-0,600,EMERGING,17000,0.3,19800.0,1,0
GT-MHR-2201-YNMT8-D,652,RELIABLE,22500,0.2526,20100.0,1,1
GT-TNW-2107-XY3X7-B,600,EMERGING,16500,0.3,16200.0,1,0
GT-UPR-2212-ZR3BW-N,725,RELIABLE,26000,0.2264,22900.0,1,0
GT-TGR-2404-B7F5Q-W,877,STRONG,68500,0.1692,63400.0,1,0
GT-DLR-2307-2CFMT-P,865,STRONG,62500,0.1704,63500.0,1,0
GT-UPR-2310-ZRC7V-C,654,RELIABLE,18000,0.2517,0.0,0,0
GT-KAW-2402-TMJ1S-P,551,EMERGING,6000,0.3,0.0,0,1
GT-TGW-2211-4DJRK-J,701,RELIABLE,19000,0.2337,0.0,0,0
GT-MHW-2211-TAGG4-R,683,RELIABLE,21500,0.24,21500.0,1,0
GT-GJD-2308-52ERE-Z,850,STRONG,56000,0.1722,71800.0,1,0
GT-RJR-2212-X43MS-Q,752,RELIABLE,30500,0.2193,32300.0,1,0
GT-TGW-2205-4Q21S-D,600,EMERGING,26500,0.3,0.0,0,0
GT-KLH-2105-2CJRY-8,725,RELIABLE,35500,0.2264,37900.0,1,1
GT-RJR-2404-PZDP8-R,735,RELIABLE,23000,0.2236,24200.0,1,0
GT-UPR-2208-ZJ45J-L,770,RELIABLE,19000,0.2153,15400.0,1,0
GT-MHW-2208-C5VHG-6,831,STRONG,50500,0.1747,50300.0,1,0
GT-KAH-2303-13MZ0-P,765,RELIABLE,29500,0.2164,33500.0,1,0
GT-MHR-2312-HNKHQ-N,669,RELIABLE,22500,0.2454,0.0,0,0
GT-TND-2108-JRNQV-H,873,STRONG,55500,0.1696,57400.0,1,1
GT-TGW-2310-E0KM2-G,732,RELIABLE,20500,0.2244,16200.0,1,0
GT-DLF-2104-VTP5S-0,600,EMERGING,11000,0.3,0.0,0,0
GT-KLD-2210-XG1J6-D,555,EMERGING,5500,0.3,0.0,0,1
GT-UPD-2209-5ZJ6M-5,870,STRONG,80500,0.1699,75200.0,1,0
GT-GJR-2106-G4XYZ-K,731,RELIABLE,29500,0.2247,31000.0,1,0
GT-GJW-2204-CECS1-O,734,RELIABLE,30500,0.2239,29100.0,1,0
GT-GJW-2311-A6D75-B,730,RELIABLE,32500,0.225,36100.0,1,0
GT-RJD-2208-WJTQ3-H,751,RELIABLE,22000,0.2196,26900.0,1,0
GT-TND-2112-TS3KE-A,600,EMERGING,13000,0.3,15200.0,1,1
GT-MHW-2303-55T13-Y,793,RELIABLE,34000,0.2107,33100.0,1,0
GT-DLD-2306-Z3DGZ-G,823,STRONG,54000,0.1758,54200.0,1,0
GT-DLR-2101-DTHVP-P,738,RELIABLE,25000,0.2229,24900.0,1,0
GT-KLR-2206-585J7-E,831,STRONG,65000,0.1747,0.0,0,0
GT-WBD-2306-R1Y41-2,767,RELIABLE,34500,0.2159,37500.0,1,0
GT-TGW-2204-KJCNT-G,678,RELIABLE,23500,0.2419,20400.0,1,0
GT-KAD-2110-21BWS-1,771,RELIABLE,34500,0.2151,29200.0,1,0
GT-UPW-2209-K7229-D,600,EMERGING,11500,0.3,0.0,0,0
GT-GJF-2403-D79YC-N,819,STRONG,73500,0.1764,59900.0,1,0
GT-RJR-2304-1C9DC-4,619,EMERGING,10500,0.3,0.0,0,0
GT-MHC-2309-XGZDN-N,714,RELIABLE,25000,0.2296,19000.0,1,1
GT-GJD-2207-G7WDV-O,582,EMERGING,7000,0.3,0.0,0,1
GT-TNW-2302-6E1SB-I,756,RELIABLE,23000,0.2184,27400.0,1,0
GT-DLD-2209-V4MD2-0,917,PRIME,90500,0.1456,105500.0,1,0
GT-DLH-2309-5ZBVC-2,724,RELIABLE,18500,0.2266,16200.0,1,0
GT-DLD-2105-WMDYV-W,791,RELIABLE,43000,0.2112,46400.0,1,0
GT-UPR-2308-AWKYT-C,900,PRIME,67000,0.147,69200.0,1,0
GT-KAD-2310-ZS97T-4,769,RELIABLE,28500,0.2155,25700.0,1,0
GT-KLR-2111-3A8M7-B,658,RELIABLE,23500,0.2499,0.0,0,0
GT-KLD-2306-QD1AE-I,704,RELIABLE,22500,0.2328,17800.0,1,1
GT-KLD-2403-BCV4X-U,713,RELIABLE,27000,0.2299,25400.0,1,0
GT-RJD-2110-QFJED-G,700,RELIABLE,22500,0.2341,25000.0,1,1
GT-TND-2212-MW10G-3,676,RELIABLE,22500,0.2427,23400.0,1,0
GT-TGF-2306-2NEFN-7,808,STRONG,63500,0.1782,62400.0,1,0
GT-MHR-2201-XAMF8-6,848,STRONG,47000,0.1725,37700.0,1,0
GT-RJD-2312-RDG59-0,658,RELIABLE,17000,0.2499,15900.0,1,1
GT-UPH-2308-KW6V5-A,677,RELIABLE,21000,0.2422,17900.0,1,1
GT-MHF-2109-EJ91V-Z,672,RELIABLE,22000,0.2442,22600.0,1,1
GT-KLD-2109-G3KZM-3,768,RELIABLE,36500,0.2157,36200.0,1,0
GT-KAR-2403-MN160-N,871,STRONG,63000,0.1698,55400.0,1,0
GT-UPR-2104-PZ3ZK-0,932,PRIME,117500,0.1445,120200.0,1,0
GT-MHR-2402-J87QS-C,696,RELIABLE,16500,0.2354,0.0,0,1
GT-UPC-2203-TSNH9-E,717,RELIABLE,30500,0.2287,26600.0,1,0
GT-RJF-2112-RG7DN-E,600,EMERGING,18500,0.3,17100.0,1,1
GT-KLH-2206-4T1W6-2,673,RELIABLE,30500,0.2438,28700.0,1,1
GT-MHW-2308-W25MH-D,770,RELIABLE,21500,0.2153,20600.0,1,0
GT-MHH-2204-X4X8N-9,699,RELIABLE,25000,0.2344,23100.0,1,0
GT-KAR-2212-CYESH-O,511,EMERGING,7000,0.3,0.0,0,1
GT-RJF-2205-ADQDB-0,754,RELIABLE,30500,0.2188,34500.0,1,0
GT-MHW-2104-F2J1N-X,600,EMERGING,15500,0.3,13700.0,1,0
GT-TNW-2105-0BKR6-4,818,STRONG,51500,0.1766,52700.0,1,0
GT-TGD-2104-94J4X-Y,817,STRONG,61500,0.1767,52700.0,1,1
GT-TND-2111-91R6X-5,593,EMERGING,10000,0.3,10600.0,1,1
GT-TGD-2204-1M9ZW-N,719,RELIABLE,23500,0.2281,21400.0,1,0
GT-TND-2309-KVZKQ-0,592,EMERGING,8000,0.3,7400.0,1,0
GT-DLC-2107-TD6QA-3,629,EMERGING,12500,0.3,13800.0,1,1
GT-TNW-2208-1S45B-Q,860,STRONG,56000,0.171,68400.0,1,0
GT-RJD-2402-7ZCFV-9,600,EMERGING,15000,0.3,0.0,0,0
GT-MHR-2210-0HRW0-I,813,STRONG,40000,0.1774,42800.0,1,0
GT-KLD-2306-7EAYH-8,589,EMERGING,9500,0.3,10600.0,1,1
GT-TGW-2212-ZE1E3-3,739,RELIABLE,32000,0.2226,29500.0,1,0
GT-DLC-2301-CZ7EX-J,600,EMERGING,14000,0.3,0.0,0,0
GT-TGD-2305-N492D-U,820,STRONG,56500,0.1763,66700.0,1,0
GT-KLR-2101-0VYD4-W,811,STRONG,57500,0.1777,62600.0,1,0
GT-RJH-2306-E4D69-Z,779,RELIABLE,38500,0.2134,44600.0,1,0
GT-RJF-2107-VMENJ-H,927,PRIME,118500,0.1448,126200.0,1,0
GT-DLC-2107-4QCT8-U,721,RELIABLE,27500,0.2275,31200.0,1,0
GT-RJR-2403-GFDSB-M,871,STRONG,49000,0.1698,51800.0,1,1
GT-UPD-2402-TR9JC-Y,716,RELIABLE,29500,0.229,25400.0,1,0
GT-KAF-2404-029QA-8,633,EMERGING,7500,0.3,7400.0,1,0
GT-TGD-2308-FDV7J-8,816,STRONG,60500,0.1769,54700.0,1,0
GT-RJW-2209-TD6NG-X,647,EMERGING,12500,0.2948,12100.0,1,1
GT-WBW-2111-F20AG-9,799,RELIABLE,48000,0.2097,45700.0,1,0
GT-WBD-2307-XM6TW-9,520,EMERGING,17000,0.3,0.0,0,0
GT-TNR-2206-K9GR7-B,859,STRONG,64500,0.1711,78100.0,1,0
GT-KAW-2208-GCD6E-N,717,RELIABLE,32500,0.2287,31900.0,1,0
GT-RJH-2101-JMRAH-0,735,RELIABLE,23000,0.2236,0.0,0,0
GT-UPR-2209-Z3NFR-7,815,STRONG,53500,0.1771,79300.0,1,0
GT-DLW-2211-626EC-G,668,RELIABLE,23500,0.2458,0.0,0,1
GT-DLD-2311-R07HB-Q,743,RELIABLE,22500,0.2215,17800.0,1,1
GT-WBC-2106-4HDJ8-E,798,RELIABLE,34500,0.2099,36500.0,1,0
GT-UPF-2309-RFKVF-1,782,RELIABLE,30000,0.2128,35000.0,1,1
GT-KAD-2203-4REEC-E,709,RELIABLE,29500,0.2311,32100.0,1,1
GT-GJW-2402-QKGNG-S,728,RELIABLE,33500,0.2256,35700.0,1,0
GT-RJW-2203-M8TCV-R,880,STRONG,61000,0.1689,67900.0,1,0
GT-TGW-2310-HPN3N-R,520,EMERGING,13500,0.3,0.0,0,0
GT-KAR-2302-W7HPT-J,741,RELIABLE,15000,0.2221,15400.0,1,1
GT-KAW-2302-MXGZ6-B,656,RELIABLE,23500,0.2508,23100.0,1,1
GT-MHW-2204-GQPWY-D,731,RELIABLE,22000,0.2247,24200.0,1,1
GT-RJR-2210-T6MNN-4,600,EMERGING,21000,0.3,22500.0,1,0
GT-TGD-2212-3SG1P-B,846,STRONG,54000,0.1727,39700.0,1,1
GT-MHC-2306-XWXHY-O,735,RELIABLE,32000,0.2236,32100.0,1,0
GT-KLF-2304-2YHES-H,600,EMERGING,17000,0.3,14000.0,1,0
GT-RJR-2103-EDJ1D-5,785,RELIABLE,39000,0.2122,46100.0,1,1
GT-MHC-2311-SPXY6-C,871,STRONG,84500,0.1698,85200.0,1,0
GT-GJD-2102-K2AVT-L,818,STRONG,57000,0.1766,54700.0,1,0
GT-TNW-2209-PA78A-N,867,STRONG,55500,0.1702,56200.0,1,0
GT-KAR-2309-MK00Z-U,723,RELIABLE,20500,0.2269,20500.0,1,1
GT-KAD-2404-QBQFG-K,647,EMERGING,13000,0.2948,13200.0,1,1
GT-WBH-2110-NPE8N-G,792,RELIABLE,32000,0.211,28600.0,1,0
GT-RJW-2211-QA5VD-C,808,STRONG,46000,0.1782,0.0,0,0
GT-KLD-2208-9DBHK-C,860,STRONG,105000,0.171,93800.0,1,0
GT-UPC-2204-EQZG1-3,896,STRONG,78500,0.1674,68000.0,1,0
GT-KLH-2402-F6BBT-V,920,PRIME,109000,0.1454,108100.0,1,0
GT-DLW-2209-ANXGC-W,807,STRONG,66500,0.1783,66600.0,1,0
GT-MHD-2304-VM8C9-2,773,RELIABLE,23000,0.2146,21000.0,1,0
GT-MHD-2111-0SQEV-E,659,RELIABLE,25000,0.2495,17400.0,1,0
GT-MHW-2207-3443G-N,781,RELIABLE,42000,0.213,37100.0,1,0
GT-UPC-2304-WX363-T,666,RELIABLE,20000,0.2466,21300.0,1,1
GT-MHD-2309-GN00V-A,767,RELIABLE,33000,0.2159,0.0,0,0
GT-TGR-2107-KRMZV-A,779,RELIABLE,34000,0.2134,33400.0,1,0
GT-UPD-2404-GAG3K-P,810,STRONG,46500,0.1779,44400.0,1,0
GT-KLR-2401-ZEYVS-G,742,RELIABLE,30500,0.2218,30800.0,1,0
GT-MHF-2109-SKJ6B-K,823,STRONG,46000,0.1758,46800.0,1,0
GT-MHD-2304-WNHFM-N,569,EMERGING,10000,0.3,7900.0,1,1
GT-KAF-2201-CJZ5A-C,780,RELIABLE,28000,0.2133,22600.0,1,0
GT-MHF-2307-K2A7Z-N,850,STRONG,63500,0.1722,54100.0,1,0
GT-TNR-2311-3S84S-P,680,RELIABLE,34500,0.2411,0.0,0,0
GT-TNC-2401-QZ36Z-H,600,EMERGING,21500,0.3,25700.0,1,0
GT-KLD-2208-JENSV-4,926,PRIME,107000,0.145,100800.0,1,0
GT-TGD-2202-R6S6W-E,600,EMERGING,12500,0.3,13500.0,1,0
GT-TNR-2307-ZXW1P-J,769,RELIABLE,29500,0.2155,35500.0,1,0
GT-TGR-2312-G90T3-2,778,RELIABLE,27000,0.2136,31100.0,1,0
GT-UPD-2101-7F4JS-0,752,RELIABLE,21500,0.2193,22600.0,1,0
GT-TNH-2310-JRFBR-L,520,EMERGING,11000,0.3,0.0,0,1
GT-MHD-2105-8JREE-2,720,RELIABLE,26500,0.2278,29100.0,1,0
GT-TGD-2402-8MR3Q-G,600,EMERGING,8500,0.3,10800.0,1,0
GT-GJW-2308-P0MF5-Q,794,RELIABLE,25000,0.2106,24800.0,1,0
GT-TNC-2312-B8GVC-X,600,EMERGING,14000,0.3,0.0,0,0
GT-WBR-2112-QEZ26-7,693,RELIABLE,25000,0.2364,31600.0,1,1
GT-TND-2207-RPXVE-D,731,RELIABLE,27000,0.2247,32400.0,1,1
GT-KLR-2205-PQ3HC-O,808,STRONG,45000,0.1782,52700.0,1,0
GT-RJD-2105-EN0YD-D,788,RELIABLE,33000,0.2117,33800.0,1,0
GT-UPR-2211-JCP4N-F,677,RELIABLE,25000,0.2422,0.0,0,1
GT-RJF-2303-B37P3-G,657,RELIABLE,20000,0.2503,21500.0,1,1
GT-MHR-2404-9GD21-I,888,STRONG,77000,0.1681,62000.0,1,0
GT-GJR-2307-DAP1D-3,600,EMERGING,10500,0.3,10800.0,1,1
GT-TGW-2311-FAHW9-M,815,STRONG,40000,0.1771,35000.0,1,0
GT-UPD-2204-D851A-8,907,PRIME,72000,0.1464,73800.0,1,0
GT-KAD-2210-R5PQP-0,897,STRONG,78000,0.1672,85000.0,1,0
GT-MHW-2105-7PXRH-K,600,EMERGING,28000,0.3,25400.0,1,0
GT-DLD-2111-5D3WV-C,758,RELIABLE,32000,0.2179,28300.0,1,0
GT-WBD-2112-76077-O,910,PRIME,90500,0.1462,94900.0,1,0
GT-KLD-2401-F5XHZ-A,507,EMERGING,6000,0.3,0.0,0,1
GT-RJR-2207-PH3N2-6,692,RELIABLE,31500,0.2368,31700.0,1,0
GT-TGF-2402-XNMP4-V,855,STRONG,48500,0.1716,51200.0,1,0
GT-KAR-2110-GKH5C-O,600,EMERGING,19500,0.3,16800.0,1,0
GT-RJR-2105-2VRX4-F,792,RELIABLE,39500,0.211,46400.0,1,0
GT-WBR-2303-H5NP0-B,674,RELIABLE,22500,0.2434,28900.0,1,0
GT-KAD-2212-KMC9V-R,768,RELIABLE,21500,0.2157,24700.0,1,1
GT-GJW-2302-C6W42-E,750,RELIABLE,26500,0.2198,28500.0,1,0
GT-RJH-2402-ZR47B-L,731,RELIABLE,22500,0.2247,22700.0,1,0
GT-RJR-2201-EE68P-0,600,EMERGING,12500,0.3,0.0,0,0
GT-RJR-2304-JT5E8-1,770,RELIABLE,30000,0.2153,0.0,0,0
GT-KLW-2110-S2A7Y-S,677,RELIABLE,26000,0.2422,0.0,0,0
GT-GJD-2301-FSSTW-0,873,STRONG,69000,0.1696,58200.0,1,0
GT-GJD-2104-C9SVJ-C,838,STRONG,58000,0.1737,53600.0,1,0
GT-MHH-2102-FZF0P-N,841,STRONG,70500,0.1733,80300.0,1,0
GT-GJD-2102-W15YC-4,644,EMERGING,8500,0.2962,9100.0,1,1
GT-RJD-2109-AFT6Q-3,520,EMERGING,9500,0.3,0.0,0,0
GT-RJR-2110-B9C8K-9,600,EMERGING,18000,0.3,16700.0,1,0
GT-RJF-2110-CJPDK-D,966,PRIME,159000,0.1424,143300.0,1,0
GT-MHF-2311-74F1V-K,786,RELIABLE,30500,0.2121,26400.0,1,0
GT-DLD-2203-4PSR5-8,600,EMERGING,10500,0.3,10400.0,1,0
GT-RJW-2312-XXAQ9-C,794,RELIABLE,28000,0.2106,29400.0,1,0
GT-KLD-2301-MD8S5-H,806,STRONG,62000,0.1785,60200.0,1,0
GT-WBH-2103-10N0R-U,640,EMERGING,11000,0.298,14400.0,1,0
GT-RJD-2404-M0PZ4-J,833,STRONG,65500,0.1744,65500.0,1,0
GT-GJD-2304-W4309-5,739,RELIABLE,21000,0.2226,20400.0,1,0
GT-DLR-2305-KJJ0X-O,827,STRONG,57500,0.1752,53500.0,1,1
GT-WBD-2301-5R3KY-6,756,RELIABLE,32000,0.2184,32900.0,1,0
GT-TNF-2311-11RQK-N,827,STRONG,57500,0.1752,60000.0,1,0
GT-UPD-2312-0JT3R-8,706,RELIABLE,23500,0.2321,20500.0,1,1
GT-TNR-2204-276N7-4,520,EMERGING,7500,0.3,0.0,0,1
GT-MHD-2210-JN107-M,777,RELIABLE,33000,0.2139,33000.0,1,0
GT-TGR-2209-R76PV-K,610,EMERGING,9500,0.3,0.0,0,0
GT-TGD-2209-7HJDS-K,758,RELIABLE,30000,0.2179,34600.0,1,0
GT-RJD-2304-VBSCP-1,847,STRONG,61000,0.1726,44100.0,1,0
GT-KAD-2302-CFYSS-U,816,STRONG,45500,0.1769,46500.0,1,0
GT-RJW-2403-KH18Y-3,803,STRONG,39500,0.179,46800.0,1,0
GT-DLW-2402-26QCQ-N,808,STRONG,53000,0.1782,0.0,0,0
GT-MHD-2109-371P4-A,949,PRIME,151000,0.1434,164000.0,1,0
GT-TGD-2211-MJVFC-0,695,RELIABLE,20000,0.2358,20200.0,1,1
GT-WBD-2104-F166K-B,817,STRONG,43500,0.1767,0.0,0,0
GT-KLD-2103-MM57K-4,712,RELIABLE,29500,0.2302,24500.0,1,0
GT-WBR-2305-NE16J-C,860,STRONG,81000,0.171,69900.0,1,0
GT-MHR-2110-CWXXG-7,759,RELIABLE,26500,0.2177,30300.0,1,0
GT-TGH-2103-T4VB8-A,874,STRONG,60000,0.1695,81500.0,1,0
GT-KLW-2111-6M2ZG-5,676,RELIABLE,28000,0.2427,23000.0,1,1
GT-UPD-2107-8N9E8-K,853,STRONG,54500,0.1718,53500.0,1,0
GT-DLD-2402-HF3V3-6,801,STRONG,48500,0.1794,59300.0,1,0
GT-GJD-2204-YK0YG-G,742,RELIABLE,33000,0.2218,33800.0,1,0
GT-UPD-2312-QCN9T-0,770,RELIABLE,31500,0.2153,29400.0,1,1
GT-DLR-2112-TYANR-2,771,RELIABLE,28500,0.2151,21900.0,1,1
GT-WBD-2102-SCPYZ-M,789,RELIABLE,36000,0.2115,40900.0,1,0
GT-TND-2212-HD75N-1,752,RELIABLE,30500,0.2193,29800.0,1,0
GT-MHD-2309-KWQJC-V,688,RELIABLE,23000,0.2382,25300.0,1,0
GT-RJF-2401-K3PRQ-K,747,RELIABLE,28000,0.2205,0.0,0,0
GT-TND-2401-GS483-X,583,EMERGING,7000,0.3,0.0,0,1
GT-TNH-2105-YDR11-6,812,STRONG,51000,0.1775,40500.0,1,0
GT-MHR-2309-GJ9Q6-7,645,EMERGING,10500,0.2957,0.0,0,0
GT-TGD-2101-VFSKK-9,772,RELIABLE,26000,0.2149,26800.0,1,0
GT-GJR-2201-0QMA6-V,828,STRONG,63000,0.1751,61000.0,1,0
GT-KLR-2101-16M19-9,780,RELIABLE,28500,0.2133,26900.0,1,0
GT-UPR-2207-SETQ4-0,625,EMERGING,10000,0.3,12100.0,1,0
GT-RJR-2102-VBCBB-I,710,RELIABLE,27500,0.2308,24600.0,1,0
GT-KLD-2103-CFPXX-B,778,RELIABLE,32000,0.2136,40400.0,1,1
GT-GJD-2305-BJQQG-H,763,RELIABLE,25500,0.2168,25200.0,1,0
GT-RJD-2305-XHH6D-8,897,STRONG,73500,0.1672,62800.0,1,0
GT-TNF-2211-N7JAR-R,600,EMERGING,16500,0.3,16600.0,1,0
GT-UPF-2306-47D4J-K,546,EMERGING,4500,0.3,0.0,0,1
GT-GJF-2112-CQ9MV-H,600,EMERGING,13000,0.3,0.0,0,0
GT-TGH-2205-8EZSB-9,728,RELIABLE,23500,0.2256,0.0,0,0
GT-GJR-2403-PB4SD-W,626,EMERGING,9500,0.3,8900.0,1,0
GT-UPC-2105-K9WXZ-Z,600,EMERGING,17000,0.3,0.0,0,0
GT-TGR-2201-Z1TEZ-A,884,STRONG,63500,0.1684,76200.0,1,0
GT-RJR-2109-8SX7T-1,636,EMERGING,8500,0.2999,5800.0,1,1
GT-KAF-2303-GRZGA-I,921,PRIME,109000,0.1453,119700.0,1,0
GT-TND-2305-T7HSG-O,721,RELIABLE,20500,0.2275,21300.0,1,0
GT-TND-2210-72QWJ-C,520,EMERGING,17500,0.3,0.0,0,0
GT-RJR-2311-C57FA-W,520,EMERGING,9500,0.3,0.0,0,0
GT-WBD-2305-NP2B1-9,722,RELIABLE,20500,0.2272,22800.0,1,0
GT-KLD-2309-7EC7A-6,600,EMERGING,14500,0.3,0.0,0,0
GT-KLW-2212-JKYHZ-0,598,EMERGING,10000,0.3,10400.0,1,1
GT-TGR-2309-C4GQR-4,942,PRIME,123500,0.1438,110100.0,1,0
GT-UPD-2304-FHHJ3-2,697,RELIABLE,22000,0.235,17900.0,1,0
GT-DLD-2203-TZEAH-5,719,RELIABLE,23500,0.2281,22900.0,1,0
GT-MHC-2208-XH2F9-A,844,STRONG,56500,0.1729,67300.0,1,0
GT-TGH-2312-3N5AH-5,922,PRIME,105000,0.1452,122200.0,1,0
GT-TNF-2106-XM77K-W,872,STRONG,94500,0.1697,111500.0,1,0
GT-UPD-2312-QA646-H,642,EMERGING,10500,0.2971,0.0,0,1
GT-WBR-2109-VG7MA-J,814,STRONG,53500,0.1772,49300.0,1,0
GT-MHD-2208-79P8K-7,621,EMERGING,7500,0.3,6300.0,1,0
GT-TGW-2312-M6SX1-2,852,STRONG,77500,0.1719,64600.0,1,1
GT-TGR-2301-3PWF1-4,600,EMERGING,9000,0.3,7800.0,1,1
GT-KAW-2207-E9FBR-V,661,RELIABLE,16000,0.2487,15400.0,1,0
GT-WBR-2403-F5VTZ-V,745,RELIABLE,35000,0.2211,38000.0,1,0
GT-KLC-2312-SJ5NM-9,745,RELIABLE,32500,0.2211,25900.0,1,0
GT-RJR-2305-1KMEB-5,755,RELIABLE,38500,0.2186,33300.0,1,0
GT-KLR-2106-TT2MV-7,861,STRONG,68500,0.1709,55800.0,1,0
GT-RJR-2203-4NARA-D,844,STRONG,39500,0.1729,0.0,0,0
GT-KLF-2302-313B8-E,782,RELIABLE,34000,0.2128,39500.0,1,0
GT-KAC-2212-GPCPH-B,664,RELIABLE,18500,0.2474,0.0,0,0
GT-TGR-2311-1KJHT-E,885,STRONG,86500,0.1684,66400.0,1,0
GT-WBH-2403-6ZHSP-7,600,EMERGING,12500,0.3,0.0,0,0
GT-RJR-2208-F46KH-6,862,STRONG,59500,0.1708,59200.0,1,0
GT-TND-2205-WNH3N-D,914,PRIME,66000,0.1459,62500.0,1,1
GT-UPD-2309-8Z4QD-S,808,STRONG,54000,0.1782,57700.0,1,1
GT-UPD-2110-KAXFB-T,805,STRONG,49000,0.1787,42400.0,1,0
GT-WBC-2204-GCT3Z-W,520,EMERGING,6000,0.3,0.0,0,1
GT-DLD-2212-S7F9B-9,792,RELIABLE,33500,0.211,30700.0,1,0
GT-KAD-2106-G9WVK-7,817,STRONG,43500,0.1767,48600.0,1,0
GT-TGD-2308-HR6P0-Q,802,STRONG,38500,0.1792,35700.0,1,0
GT-MHW-2302-6E9YN-R,668,RELIABLE,21500,0.2458,0.0,0,0
GT-GJH-2105-4SVKB-Q,739,RELIABLE,22500,0.2226,0.0,0,1
GT-DLW-2312-V2DEA-P,563,EMERGING,6500,0.3,0.0,0,1
GT-RJD-2206-EQR2S-Q,800,STRONG,37500,0.1795,47400.0,1,0
GT-RJR-2401-TEW4K-0,572,EMERGING,6500,0.3,6700.0,1,1
GT-RJD-2307-5F4R1-M,831,STRONG,44000,0.1747,38400.0,1,0
GT-GJC-2111-2XRJQ-A,810,STRONG,55500,0.1779,60200.0,1,1
GT-MHD-2303-CD2KJ-Y,708,RELIABLE,29000,0.2314,28000.0,1,0
GT-KLH-2209-Y35QZ-B,803,STRONG,59000,0.179,55900.0,1,0
GT-KAW-2108-Z7ZSK-I,717,RELIABLE,27000,0.2287,20800.0,1,1
GT-WBF-2404-03PP6-5,795,RELIABLE,44000,0.2104,50000.0,1,0
GT-RJW-2404-G8E41-T,589,EMERGING,9000,0.3,0.0,0,1
GT-KAD-2303-N5QX7-Y,600,EMERGING,21500,0.3,22900.0,1,0
GT-TGD-2202-RZMS3-Y,602,EMERGING,8000,0.3,7700.0,1,1
GT-TGR-2208-243F9-S,632,EMERGING,7000,0.3,0.0,0,1
GT-MHD-2301-01NN3-N,711,RELIABLE,29000,0.2305,38200.0,1,0
GT-MHW-2101-MTMS2-4,680,RELIABLE,26000,0.2411,28700.0,1,0
GT-KLR-2310-3D96K-U,600,EMERGING,17500,0.3,24800.0,1,0
GT-KLC-2212-X7TS4-V,724,RELIABLE,19000,0.2266,17800.0,1,0
GT-KAC-2207-P1WQH-7,899,STRONG,80000,0.1671,71100.0,1,0
GT-DLD-2303-E2822-A,790,RELIABLE,34500,0.2113,0.0,0,0
GT-TND-2107-Q8DPK-V,775,RELIABLE,27500,0.2142,28100.0,1,0
GT-MHR-2211-GW9VN-X,780,RELIABLE,32500,0.2133,36700.0,1,0
GT-KAD-2102-GAMW9-G,840,STRONG,61500,0.1735,61000.0,1,0
GT-WBF-2206-19VQ6-K,600,EMERGING,15500,0.3,10100.0,1,0
GT-TGW-2202-JSGMS-6,776,RELIABLE,29000,0.214,29800.0,1,0
GT-RJW-2205-H6DZC-F,796,RELIABLE,31500,0.2102,28100.0,1,0
GT-DLR-2105-Z1VCJ-6,559,EMERGING,5500,0.3,0.0,0,0
GT-WBC-2111-JP23D-6,636,EMERGING,9500,0.2999,0.0,0,0
GT-TNF-2112-91K9S-N,774,RELIABLE,33500,0.2145,0.0,0,1
GT-KAH-2210-D5JM2-G,771,RELIABLE,28500,0.2151,26200.0,1,0
GT-UPW-2111-Y2PXD-J,815,STRONG,59500,0.1771,57100.0,1,0
GT-UPW-2209-S19F1-S,745,RELIABLE,34000,0.2211,36300.0,1,0
GT-GJD-2402-CDYMZ-8,803,STRONG,49000,0.179,45800.0,1,0
GT-KAW-2311-DXH98-D,676,RELIABLE,14500,0.2427,11200.0,1,1
GT-GJD-2112-Q7K26-L,752,RELIABLE,28000,0.2193,15100.0,1,0
GT-GJR-2110-Z3S8H-N,636,EMERGING,11500,0.2999,0.0,0,1
GT-TGR-2304-GZ7MK-6,600,EMERGING,20000,0.3,17600.0,1,0
GT-GJD-2109-C3M8S-U,603,EMERGING,8500,0.3,7300.0,1,1
GT-MHD-2302-0W50Z-M,829,STRONG,58500,0.175,59700.0,1,0
GT-DLD-2205-7686W-Q,579,EMERGING,10000,0.3,0.0,0,0
GT-MHW-2102-Q3VS0-7,787,RELIABLE,27500,0.2119,27000.0,1,0
GT-TGF-2309-H2NCK-L,820,STRONG,56500,0.1763,64900.0,1,0
GT-RJH-2306-CE7W7-J,804,STRONG,44500,0.1788,41300.0,1,0
GT-KAW-2110-BS5ZG-7,560,EMERGING,9500,0.3,9600.0,1,1
GT-TGR-2305-X5BJ5-Q,600,EMERGING,10500,0.3,6300.0,1,0
GT-DLW-2401-7415Q-2,600,EMERGING,11500,0.3,11800.0,1,0
GT-KLR-2106-0EDWA-K,611,EMERGING,10000,0.3,10000.0,1,0
GT-GJD-2305-KD2HN-B,680,RELIABLE,27500,0.2411,0.0,0,1
GT-DLH-2107-SRVER-K,756,RELIABLE,34000,0.2184,35000.0,1,0
GT-DLC-2107-9WPH5-5,827,STRONG,53000,0.1752,54600.0,1,0
GT-WBD-2112-CE8ZY-F,808,STRONG,59500,0.1782,60800.0,1,0
GT-KAW-2305-RX8YV-0,750,RELIABLE,26000,0.2198,26500.0,1,1
GT-KAD-2403-FK6M3-N,742,RELIABLE,24000,0.2218,23400.0,1,0
GT-GJC-2403-SW6C6-A,520,EMERGING,9500,0.3,0.0,0,1
GT-RJF-2311-ZYDMK-0,747,RELIABLE,26500,0.2205,26900.0,1,0
GT-UPD-2401-8K6KT-J,680,RELIABLE,13500,0.2411,14200.0,1,0
GT-MHW-2304-81QKN-D,722,RELIABLE,25000,0.2272,21000.0,1,1
GT-RJR-2403-X48M0-0,767,RELIABLE,37500,0.2159,40200.0,1,0
GT-DLD-2109-R8ERF-I,715,RELIABLE,27500,0.2293,39600.0,1,0
GT-RJW-2112-ESNZY-7,949,PRIME,159000,0.1434,157400.0,1,0
GT-DLW-2312-0XCFW-D,653,RELIABLE,23500,0.2521,25300.0,1,1
GT-TGR-2107-Y72S3-Z,740,RELIABLE,24500,0.2223,0.0,0,0
GT-KLW-2303-V605C-A,643,EMERGING,8000,0.2966,8300.0,1,1
GT-TGD-2303-NEK9Y-L,739,RELIABLE,28500,0.2226,29100.0,1,0
GT-GJD-2212-8WGG1-1,711,RELIABLE,27500,0.2305,27300.0,1,0
GT-WBF-2404-4AZ8F-5,844,STRONG,61000,0.1729,58400.0,1,0
GT-KAD-2101-GYCG6-0,520,EMERGING,11500,0.3,0.0,0,1
GT-UPR-2201-4H84W-O,739,RELIABLE,28000,0.2226,25600.0,1,0
GT-TNH-2208-B68Z4-J,600,EMERGING,12000,0.3,9700.0,1,0
GT-TGW-2206-WGZWT-9,600,EMERGING,8000,0.3,6700.0,1,1
GT-TNR-2210-1KHX3-7,701,RELIABLE,24500,0.2337,0.0,0,0
GT-KLR-2302-EBBVE-U,704,RELIABLE,21500,0.2328,20000.0,1,1
GT-WBC-2101-HZDHB-7,767,RELIABLE,32500,0.2159,32200.0,1,0
GT-GJC-2104-E4KCE-O,805,STRONG,51500,0.1787,46200.0,1,0
GT-WBD-2205-QA6DM-2,750,RELIABLE,27500,0.2198,30300.0,1,0
GT-TNR-2402-6H5M9-L,739,RELIABLE,23500,0.2226,22500.0,1,0
GT-WBD-2302-04GAZ-K,650,RELIABLE,14000,0.2534,14600.0,1,1
GT-UPD-2308-Y48WY-M,827,STRONG,39500,0.1752,41000.0,1,0
GT-KAD-2208-AZ43P-T,520,EMERGING,17500,0.3,0.0,0,0
GT-MHF-2309-Z318Q-P,814,STRONG,45500,0.1772,58100.0,1,0
GT-MHW-2404-H00VH-E,817,STRONG,45000,0.1767,43700.0,1,0
GT-KLC-2106-TMH3J-6,733,RELIABLE,33000,0.2242,34800.0,1,1
GT-WBR-2303-KMQF5-H,634,EMERGING,8500,0.3,9600.0,1,1
GT-TNR-2401-2GP77-9,799,RELIABLE,36000,0.2097,35300.0,1,0
GT-MHD-2111-6YCRK-Y,780,RELIABLE,45000,0.2133,42300.0,1,0
GT-GJD-2311-KT79A-M,705,RELIABLE,23000,0.2324,25000.0,1,1
GT-WBD-2307-9HKZ1-J,693,RELIABLE,28500,0.2364,0.0,0,0
GT-GJH-2210-69QW9-9,790,RELIABLE,35500,0.2113,32900.0,1,0
GT-UPD-2309-4SC2Z-6,853,STRONG,67500,0.1718,60500.0,1,0
GT-KAW-2208-TATG0-J,709,RELIABLE,27500,0.2311,30300.0,1,1
GT-GJD-2309-DWD84-T,602,EMERGING,8500,0.3,0.0,0,1
GT-UPR-2303-R9V68-I,803,STRONG,31500,0.179,26700.0,1,0
GT-DLC-2303-9C1KM-2,679,RELIABLE,20500,0.2415,15300.0,1,0
GT-TNH-2106-X4JAA-5,720,RELIABLE,26000,0.2278,24800.0,1,0
GT-WBD-2311-42SSP-Q,818,STRONG,57000,0.1766,41900.0,1,0
GT-TNC-2102-HHW34-R,616,EMERGING,11000,0.3,0.0,0,1
GT-KLD-2110-ZDYTF-Q,600,EMERGING,14000,0.3,10100.0,1,0
GT-KAW-2209-80ZM4-9,798,RELIABLE,43000,0.2099,47000.0,1,1
GT-MHD-2401-J688Q-D,784,RELIABLE,28500,0.2125,37100.0,1,0
GT-RJR-2402-CB46F-V,743,RELIABLE,24500,0.2215,17900.0,1,0
GT-GJW-2104-WJA2T-O,555,EMERGING,6000,0.3,0.0,0,0
GT-RJW-2111-HYCCN-S,886,STRONG,71000,0.1683,67500.0,1,0
GT-KAC-2210-F7S0R-4,779,RELIABLE,27500,0.2134,29900.0,1,0
GT-MHD-2106-TP9SX-8,700,RELIABLE,24500,0.2341,27500.0,1,1
GT-RJC-2106-ZPGQC-I,667,RELIABLE,17500,0.2462,22700.0,1,0
GT-RJD-2206-CYM5G-I,780,RELIABLE,36500,0.2133,33700.0,1,0
GT-RJD-2207-1ZS7C-W,797,RELIABLE,27000,0.2101,25600.0,1,0
GT-RJD-2303-FWP3H-A,766,RELIABLE,31500,0.2161,26700.0,1,0
GT-DLD-2111-E8YFD-Q,826,STRONG,58000,0.1754,48700.0,1,0
GT-KAD-2208-85ARA-M,520,EMERGING,10500,0.3,0.0,0,1
GT-DLF-2201-TWWHQ-H,638,EMERGING,10500,0.299,10000.0,1,1
GT-KLD-2309-9BNPQ-3,612,EMERGING,7500,0.3,0.0,0,1
GT-WBF-2105-ED1SV-0,672,RELIABLE,23000,0.2442,23500.0,1,0
GT-KAD-2102-VPKNF-7,881,STRONG,86500,0.1687,98700.0,1,0
GT-UPF-2302-842R2-H,912,PRIME,82500,0.146,78900.0,1,0
GT-RJD-2304-B1AFC-5,700,RELIABLE,27500,0.2341,21700.0,1,1
GT-MHD-2204-DX0TK-5,685,RELIABLE,22000,0.2393,15400.0,1,0
GT-WBF-2307-BJC6N-C,680,RELIABLE,18000,0.2411,21700.0,1,1
GT-UPH-2211-QJ4S7-K,771,RELIABLE,24000,0.2151,25000.0,1,1
GT-KLH-2201-Y488Y-W,647,EMERGING,9000,0.2948,7400.0,1,0
GT-GJR-2310-AFZDB-H,725,RELIABLE,22000,0.2264,18700.0,1,1
GT-TNH-2311-592R7-A,886,STRONG,89500,0.1683,78500.0,1,0
GT-KLF-2401-BQY5Z-5,665,RELIABLE,24000,0.247,0.0,0,0
GT-TNC-2402-9SH6H-V,698,RELIABLE,20500,0.2347,20800.0,1,1
GT-GJD-2311-78R6F-M,750,RELIABLE,31500,0.2198,24300.0,1,0
GT-RJD-2206-H14GW-Y,754,RELIABLE,28500,0.2188,26100.0,1,0
GT-WBD-2308-S38KD-9,719,RELIABLE,24000,0.2281,0.0,0,1
GT-UPW-2306-CKNMR-R,761,RELIABLE,30500,0.2173,30500.0,1,0
GT-RJD-2107-WR9DH-1,809,STRONG,76000,0.178,65200.0,1,0
GT-GJD-2208-FH2D7-H,938,PRIME,103500,0.1441,120800.0,1,0
GT-TGF-2202-ZGXQR-2,767,RELIABLE,22500,0.2159,22300.0,1,0
GT-GJH-2306-ZGZWZ-B,768,RELIABLE,35000,0.2157,38500.0,1,0
GT-TGR-2206-FQ77A-G,858,STRONG,82500,0.1712,81300.0,1,0
GT-GJW-2209-JYNQ3-V,694,RELIABLE,26000,0.2361,0.0,0,0
GT-KAD-2105-1CSGP-C,603,EMERGING,8500,0.3,0.0,0,0
GT-KAC-2110-VYT1T-A,768,RELIABLE,31000,0.2157,33600.0,1,0
GT-TGD-2111-VDYQ2-S,836,STRONG,57500,0.174,56900.0,1,0
GT-MHD-2101-5JJY5-Q,844,STRONG,67500,0.1729,73500.0,1,1
GT-UPR-2108-AN8YG-3,742,RELIABLE,33000,0.2218,22800.0,1,0
GT-MHD-2107-VN7XE-7,663,RELIABLE,26000,0.2478,29100.0,1,1
GT-TGF-2302-3P1BV-L,680,RELIABLE,22000,0.2411,0.0,0,0
GT-MHF-2203-GB957-H,831,STRONG,56000,0.1747,69400.0,1,0
GT-KLD-2201-CX7AY-G,673,RELIABLE,17000,0.2438,14200.0,1,0
GT-RJD-2207-2EHZ7-K,790,RELIABLE,33000,0.2113,32500.0,1,0
GT-KAD-2107-FKGX1-V,764,RELIABLE,35000,0.2166,33000.0,1,0
GT-TND-2301-RVC47-O,695,RELIABLE,25000,0.2358,0.0,0,1
GT-KLC-2306-B35KE-6,746,RELIABLE,29000,0.2208,27800.0,1,0
GT-TGF-2106-ZSDW4-X,815,STRONG,49000,0.1771,46700.0,1,0
GT-RJD-2401-KDK1R-A,680,RELIABLE,22500,0.2411,0.0,0,0
GT-KAD-2110-XJ13N-F,662,RELIABLE,21000,0.2482,23800.0,1,0
GT-TGW-2403-KB74R-K,610,EMERGING,8500,0.3,0.0,0,0
GT-RJW-2310-DB0Z6-M,770,RELIABLE,34500,0.2153,26100.0,1,0
GT-MHC-2310-30AXP-Q,743,RELIABLE,24000,0.2215,26500.0,1,1
GT-KAD-2402-6C66C-C,902,PRIME,84500,0.1468,90600.0,1,0
GT-UPR-2206-XT7Y2-H,883,STRONG,52000,0.1686,45600.0,1,0
GT-KAD-2108-NEFMX-3,948,PRIME,111500,0.1435,127300.0,1,0
GT-TNW-2301-ECPR2-B,706,RELIABLE,18000,0.2321,0.0,0,0
GT-RJR-2205-QSFR7-T,824,STRONG,55000,0.1757,58000.0,1,0
GT-RJF-2307-V4999-6,826,STRONG,62500,0.1754,65800.0,1,1
GT-MHD-2106-CZ0FP-8,816,STRONG,57500,0.1769,57800.0,1,0
GT-TGW-2309-EKMH8-E,750,RELIABLE,22000,0.2198,17200.0,1,0
GT-UPD-2209-ASHHW-C,848,STRONG,88500,0.1725,86600.0,1,0
GT-TNC-2305-6A602-3,769,RELIABLE,44500,0.2155,41100.0,1,0
GT-TND-2304-2RPB5-A,742,RELIABLE,28500,0.2218,25800.0,1,0
GT-WBW-2403-EPEN7-Y,614,EMERGING,11500,0.3,0.0,0,1
GT-UPD-2109-5DP1K-P,811,STRONG,53000,0.1777,42600.0,1,0
GT-KAF-2110-82E18-G,765,RELIABLE,36000,0.2164,39900.0,1,0
GT-KAW-2211-SPXT5-G,806,STRONG,61000,0.1785,48400.0,1,0
GT-MHR-2404-SV6CC-I,759,RELIABLE,24500,0.2177,25200.0,1,1
GT-TND-2208-AN49K-9,796,RELIABLE,29000,0.2102,26400.0,1,0
GT-DLR-2208-3ETNG-I,796,RELIABLE,32000,0.2102,33400.0,1,0
GT-TGD-2208-CW013-Q,819,STRONG,58500,0.1764,77400.0,1,0
GT-TNF-2310-FCS2D-M,777,RELIABLE,29000,0.2139,26500.0,1,0
GT-GJD-2302-G4ADN-K,630,EMERGING,6500,0.3,0.0,0,0
GT-TND-2101-DG1N2-B,856,STRONG,59500,0.1714,70200.0,1,0
GT-RJD-2305-P131Q-A,708,RELIABLE,35000,0.2314,37500.0,1,0
GT-TND-2110-FTSXG-8,633,EMERGING,7000,0.3,7000.0,1,0
GT-DLD-2101-N3CV0-X,600,EMERGING,13000,0.3,0.0,0,0
GT-RJF-2110-X4F8E-O,768,RELIABLE,41000,0.2157,0.0,0,0
GT-GJD-2201-MK91B-W,786,RELIABLE,32500,0.2121,34400.0,1,0
GT-KAC-2207-GQJND-2,520,EMERGING,8500,0.3,0.0,0,0
GT-MHW-2112-K2J8D-0,721,RELIABLE,31000,0.2275,36500.0,1,0
GT-KAR-2208-9MES5-Q,862,STRONG,58500,0.1708,56500.0,1,0
GT-UPC-2309-TE8YQ-0,600,EMERGING,15000,0.3,12800.0,1,0
GT-GJF-2101-DQRZV-4,600,EMERGING,15500,0.3,0.0,0,0
GT-KLR-2101-DF6KT-L,799,RELIABLE,37000,0.2097,0.0,0,0
GT-TND-2206-BKD29-O,600,EMERGING,17500,0.3,18700.0,1,0
GT-KAF-2202-C8G4H-C,600,EMERGING,19500,0.3,21700.0,1,0
GT-TGD-2102-RSAQ5-T,536,EMERGING,8500,0.3,0.0,0,1
GT-KAR-2311-PZ9M9-S,889,STRONG,67500,0.168,72700.0,1,0
GT-MHD-2309-YFZ99-I,757,RELIABLE,22500,0.2182,20400.0,1,0
GT-UPR-2102-SMK6A-O,957,PRIME,193500,0.1429,182900.0,1,0
GT-TNF-2109-QQKMW-9,600,EMERGING,11500,0.3,14300.0,1,0
GT-RJD-2205-D8186-V,589,EMERGING,8500,0.3,0.0,0,1
GT-WBD-2102-15NH5-M,763,RELIABLE,26500,0.2168,27700.0,1,0
GT-GJW-2311-TVKG9-N,695,RELIABLE,24000,0.2358,27000.0,1,0
GT-RJD-2201-8K4ZX-H,834,STRONG,44500,0.1743,49100.0,1,0
GT-TGD-2307-1Q08W-O,600,EMERGING,27000,0.3,0.0,0,0
GT-TND-2310-JN84S-C,600,EMERGING,14000,0.3,13400.0,1,0
GT-UPH-2204-3YNMM-N,767,RELIABLE,24000,0.2159,29300.0,1,1
GT-RJF-2401-JYAD5-7,787,RELIABLE,20500,0.2119,20800.0,1,0
GT-DLR-2309-JAPQP-9,727,RELIABLE,31000,0.2258,21900.0,1,0
GT-RJC-2202-EHQ2M-I,780,RELIABLE,27000,0.2133,28000.0,1,0
GT-KLF-2303-47011-Z,823,STRONG,58000,0.1758,47800.0,1,0
GT-MHW-2209-KGZG2-Y,809,STRONG,47000,0.178,53200.0,1,0
GT-RJF-2401-MNR47-I,820,STRONG,52000,0.1763,43700.0,1,0
GT-KAC-2110-3HZS0-W,774,RELIABLE,30000,0.2145,31300.0,1,1
GT-RJF-2402-S2FM5-1,588,EMERGING,10000,0.3,8400.0,1,1
GT-RJD-2212-VFF43-6,710,RELIABLE,28000,0.2308,26400.0,1,0
GT-RJD-2401-5N5WD-O,666,RELIABLE,17500,0.2466,0.0,0,1
GT-TND-2308-CJMRG-Y,753,RELIABLE,44500,0.2191,52700.0,1,1
GT-KLR-2209-2FCY4-N,725,RELIABLE,26500,0.2264,25200.0,1,0
GT-WBH-2102-2ZZWV-2,680,RELIABLE,21000,0.2411,0.0,0,0
GT-KAW-2310-WT34M-J,622,EMERGING,11000,0.3,10800.0,1,0
GT-RJW-2204-NW0HY-C,643,EMERGING,12000,0.2966,14500.0,1,1
GT-KLF-2209-CPC1B-O,851,STRONG,59000,0.172,75700.0,1,0
GT-TNC-2310-W1DE9-S,682,RELIABLE,21500,0.2404,18200.0,1,0
GT-DLW-2107-ZD49J-9,775,RELIABLE,29500,0.2142,33300.0,1,0
GT-WBD-2112-2KA64-7,700,RELIABLE,43500,0.2341,37300.0,1,0
GT-TNR-2307-RS0AB-H,823,STRONG,61500,0.1758,58000.0,1,1
GT-GJR-2301-4H4S3-K,814,STRONG,55500,0.1772,59200.0,1,0
GT-TND-2402-J2S7S-O,741,RELIABLE,21000,0.2221,20500.0,1,0
GT-DLD-2202-APGM9-J,809,STRONG,34000,0.178,36700.0,1,0
GT-DLD-2310-62ST8-J,844,STRONG,49500,0.1729,51300.0,1,0
GT-GJD-2401-VFMBC-E,600,EMERGING,19000,0.3,19600.0,1,0
GT-TGD-2301-03VDM-7,619,EMERGING,8000,0.3,0.0,0,1
GT-KAC-2206-0FX50-Q,713,RELIABLE,20000,0.2299,21600.0,1,0
GT-WBR-2211-JSGMA-I,821,STRONG,51500,0.1761,52100.0,1,0
GT-UPW-2309-TAKJ1-P,710,RELIABLE,22500,0.2308,0.0,0,1
GT-MHD-2402-FHST9-J,881,STRONG,47000,0.1687,50500.0,1,0
GT-DLH-2211-CE0QR-C,752,RELIABLE,25000,0.2193,24800.0,1,0
GT-TNW-2205-4E832-D,778,RELIABLE,26500,0.2136,26500.0,1,0
GT-KLC-2307-559HE-A,809,STRONG,51500,0.178,56200.0,1,0
GT-TNR-2103-0Q2FG-P,726,RELIABLE,29500,0.2261,29100.0,1,1
GT-RJF-2204-2SCSJ-Z,600,EMERGING,17000,0.3,16100.0,1,0
GT-GJR-2210-7591X-I,814,STRONG,35000,0.1772,37400.0,1,0
GT-KLR-2105-40YYP-N,672,RELIABLE,23000,0.2442,22600.0,1,0
GT-WBW-2105-SYADN-I,708,RELIABLE,25500,0.2314,0.0,0,0
GT-TND-2310-6MYEJ-V,794,RELIABLE,37000,0.2106,36700.0,1,0
GT-UPD-2304-VN27T-O,759,RELIABLE,29000,0.2177,33000.0,1,0
GT-KAC-2110-0RS3S-A,828,STRONG,50500,0.1751,43000.0,1,0
GT-UPD-2207-2ZZXY-2,636,EMERGING,12000,0.2999,0.0,0,0
GT-DLW-2309-CZRWD-9,604,EMERGING,5500,0.3,0.0,0,1
GT-GJD-2309-TQEWA-0,862,STRONG,74000,0.1708,68400.0,1,0
GT-WBR-2102-3Z1MC-0,822,STRONG,53000,0.176,56100.0,1,0
GT-DLD-2212-1G2NH-J,740,RELIABLE,28000,0.2223,31000.0,1,0
GT-TGR-2303-BVS9K-R,781,RELIABLE,34000,0.213,38000.0,1,0
GT-WBW-2111-KGPFW-3,817,STRONG,49000,0.1767,50600.0,1,0
GT-UPC-2207-VB2CA-X,659,RELIABLE,26000,0.2495,0.0,0,1
GT-TGD-2104-139QF-F,669,RELIABLE,20000,0.2454,18800.0,1,0
GT-KAD-2112-4JMW9-T,748,RELIABLE,26500,0.2203,33900.0,1,0
GT-KAW-2309-WS7CK-1,680,RELIABLE,35000,0.2411,32500.0,1,0
GT-GJD-2101-KA224-2,600,EMERGING,8000,0.3,7900.0,1,1
GT-RJD-2204-EZRYX-D,739,RELIABLE,27500,0.2226,26900.0,1,1
GT-TGR-2308-DKFC6-A,718,RELIABLE,26000,0.2284,21500.0,1,0
GT-KAW-2202-7TFVF-Z,818,STRONG,49000,0.1766,42400.0,1,0
GT-MHD-2310-X39VZ-H,755,RELIABLE,27500,0.2186,24300.0,1,0
GT-KLD-2203-HQ2HN-0,716,RELIABLE,23000,0.229,24600.0,1,0
GT-UPH-2208-1NECW-7,894,STRONG,64000,0.1675,75000.0,1,0
GT-KAH-2110-01E56-V,731,RELIABLE,21000,0.2247,0.0,0,0
GT-DLF-2112-V0ZVH-6,759,RELIABLE,28500,0.2177,28100.0,1,1
GT-UPF-2311-HRM0G-5,661,RELIABLE,15000,0.2487,11000.0,1,1
GT-GJH-2309-SEMH3-M,701,RELIABLE,19000,0.2337,14900.0,1,0
GT-DLF-2309-TFPVN-V,794,RELIABLE,28500,0.2106,22800.0,1,0
GT-GJW-2401-AVR99-K,600,EMERGING,13500,0.3,0.0,0,0
GT-KLR-2312-XGPYH-I,830,STRONG,56500,0.1748,48400.0,1,0
GT-KLD-2209-MCHXH-0,782,RELIABLE,36500,0.2128,35700.0,1,0
GT-RJW-2107-6CQ1R-6,905,PRIME,77500,0.1466,70500.0,1,0
GT-TNF-2304-5EY16-5,669,RELIABLE,23000,0.2454,21300.0,1,1
GT-KAD-2208-J6X4C-6,615,EMERGING,9000,0.3,7600.0,1,0
GT-TNF-2203-S470D-C,610,EMERGING,8500,0.3,0.0,0,1
GT-KAW-2311-M8VK2-R,695,RELIABLE,17000,0.2358,0.0,0,0
GT-WBD-2311-31SCV-X,600,EMERGING,10500,0.3,0.0,0,0
GT-GJW-2301-GH8YY-M,786,RELIABLE,33500,0.2121,38500.0,1,0
GT-TND-2103-JT1JA-7,680,RELIABLE,42000,0.2411,42100.0,1,0
GT-MHF-2311-T1014-R,886,STRONG,64500,0.1683,51100.0,1,0
GT-WBH-2105-JV643-4,776,RELIABLE,34000,0.214,30500.0,1,0
GT-KAC-2105-Y8WJV-Z,923,PRIME,97000,0.1451,102300.0,1,0
GT-DLC-2202-AQCR9-M,683,RELIABLE,21500,0.24,23500.0,1,0
GT-KLF-2206-Z509N-R,657,RELIABLE,23000,0.2503,24900.0,1,1
GT-KLR-2206-S0H7C-P,852,STRONG,57000,0.1719,44500.0,1,0
GT-GJF-2211-NNBG9-8,576,EMERGING,10000,0.3,0.0,0,0
GT-TND-2106-HC88C-J,688,RELIABLE,17500,0.2382,0.0,0,1
GT-KAR-2402-2NDTE-Q,831,STRONG,49000,0.1747,56500.0,1,1
GT-GJR-2105-VQXFS-1,741,RELIABLE,36500,0.2221,39600.0,1,0
GT-TGR-2307-QPSM3-K,709,RELIABLE,24000,0.2311,24600.0,1,0
GT-UPR-2206-7RA7S-4,600,EMERGING,9500,0.3,0.0,0,0
GT-MHR-2401-B788C-8,748,RELIABLE,23000,0.2203,0.0,0,0
GT-RJD-2109-SHNZ4-S,851,STRONG,65000,0.172,52100.0,1,0
GT-RJD-2107-NRK72-W,520,EMERGING,12000,0.3,0.0,0,0
GT-TGR-2208-90G0B-3,709,RELIABLE,21500,0.2311,22000.0,1,1
GT-KAD-2209-MR11Z-Z,637,EMERGING,8000,0.2995,0.0,0,1
GT-TGC-2303-H2DBJ-I,658,RELIABLE,19500,0.2499,19600.0,1,0
GT-TND-2101-JPS10-W,767,RELIABLE,40500,0.2159,40800.0,1,0
GT-UPW-2208-F6VJQ-N,600,EMERGING,19000,0.3,0.0,0,0
GT-DLD-2306-Q085Z-M,748,RELIABLE,23500,0.2203,21600.0,1,0
GT-KAC-2302-31Y80-W,558,EMERGING,8000,0.3,0.0,0,1
GT-KLW-2308-KPFWJ-8,778,RELIABLE,28500,0.2136,35100.0,1,0
GT-DLC-2307-W3TJJ-I,708,RELIABLE,18500,0.2314,17800.0,1,1
GT-KAC-2305-TP55J-B,773,RELIABLE,32500,0.2146,23500.0,1,0
GT-RJF-2210-9E37D-H,657,RELIABLE,27500,0.2503,27700.0,1,1
GT-UPD-2306-JAXFG-F,684,RELIABLE,24000,0.2397,0.0,0,1
GT-DLR-2110-9YTVZ-I,739,RELIABLE,25500,0.2226,19100.0,1,0
GT-TGD-2311-F6QBQ-C,922,PRIME,93500,0.1452,87400.0,1,0
GT-GJC-2209-TH0QH-V,833,STRONG,60500,0.1744,57600.0,1,0
GT-RJC-2311-77CB8-H,809,STRONG,68500,0.178,79200.0,1,0
GT-TND-2310-GZVDG-C,775,RELIABLE,30000,0.2142,26300.0,1,0
GT-DLF-2105-NA3JB-S,582,EMERGING,10500,0.3,0.0,0,1
GT-KAD-2311-BV3FH-6,606,EMERGING,10500,0.3,0.0,0,1
GT-RJF-2103-FGT20-H,598,EMERGING,8000,0.3,8400.0,1,1
GT-RJF-2101-61DHB-C,911,PRIME,104500,0.1461,75600.0,1,0
GT-KLR-2401-XGVMS-X,847,STRONG,69500,0.1726,66200.0,1,0
GT-UPC-2108-WNPPR-W,798,RELIABLE,33000,0.2099,31600.0,1,0
GT-DLD-2308-1YSD0-N,727,RELIABLE,26000,0.2258,27000.0,1,0
GT-DLW-2306-35DS4-3,676,RELIABLE,20000,0.2427,20100.0,1,0
GT-DLF-2112-EME79-U,769,RELIABLE,33500,0.2155,30700.0,1,0
GT-TGD-2307-B9MC7-N,887,STRONG,83500,0.1682,73000.0,1,0
GT-KLR-2403-JSG53-2,782,RELIABLE,40500,0.2128,39600.0,1,0
GT-GJD-2404-4C1FV-X,733,RELIABLE,20500,0.2242,18700.0,1,0
GT-TGF-2205-1204V-J,615,EMERGING,8000,0.3,0.0,0,1
GT-UPC-2310-DDK62-L,861,STRONG,50500,0.1709,57200.0,1,0
GT-RJD-2108-AA17D-K,728,RELIABLE,28000,0.2256,34100.0,1,0
GT-TGD-2312-AKGXC-Z,606,EMERGING,11000,0.3,0.0,0,1
GT-RJR-2106-KBJZ8-3,708,RELIABLE,19000,0.2314,15200.0,1,0
GT-KAD-2402-3VQGP-T,670,RELIABLE,18000,0.245,19300.0,1,1
GT-TND-2303-7J1M1-J,747,RELIABLE,29000,0.2205,28800.0,1,1
GT-MHF-2301-FAEJP-W,752,RELIABLE,27000,0.2193,28200.0,1,1
GT-MHR-2206-RZ7W1-G,712,RELIABLE,22000,0.2302,16900.0,1,0
GT-DLC-2110-5XPZY-C,857,STRONG,69000,0.1713,71900.0,1,0
GT-TNR-2306-9BH3D-5,801,STRONG,47000,0.1794,48700.0,1,0
GT-UPF-2403-6H2AC-3,803,STRONG,46000,0.179,29200.0,1,0
GT-WBR-2109-668H4-N,725,RELIABLE,29500,0.2264,36100.0,1,0
GT-TGD-2111-9Q97F-W,927,PRIME,127500,0.1448,115300.0,1,0
GT-TGR-2307-0T19K-U,763,RELIABLE,38500,0.2168,39400.0,1,1
GT-MHW-2202-CBKRA-U,660,RELIABLE,26000,0.2491,29000.0,1,0
GT-UPH-2401-1CR12-W,673,RELIABLE,41000,0.2438,50000.0,1,1
GT-UPD-2102-KEMHT-8,749,RELIABLE,23500,0.22,28700.0,1,0
GT-WBR-2102-E42P7-E,635,EMERGING,13000,0.3,0.0,0,0
GT-RJF-2102-NZ8H2-6,755,RELIABLE,40000,0.2186,43000.0,1,0
GT-RJD-2301-YJC3R-S,577,EMERGING,8000,0.3,6200.0,1,1
GT-RJW-2101-N866R-H,785,RELIABLE,31000,0.2122,27800.0,1,0
GT-MHD-2105-4KY2N-O,630,EMERGING,11500,0.3,12400.0,1,1
GT-KAC-2110-Q5T0S-G,783,RELIABLE,23500,0.2127,20400.0,1,1
GT-TGR-2103-BZMTW-T,776,RELIABLE,27000,0.214,30300.0,1,0
GT-KAD-2206-ZDWBR-5,923,PRIME,75500,0.1451,82900.0,1,0
GT-KAW-2203-ANCTR-H,668,RELIABLE,17000,0.2458,14500.0,1,1
GT-MHD-2203-FSPWV-3,707,RELIABLE,27000,0.2318,0.0,0,0
GT-MHW-2204-WHZQ5-Y,711,RELIABLE,24000,0.2305,27200.0,1,0
GT-TNW-2207-YY0PF-6,600,EMERGING,9500,0.3,0.0,0,0
GT-TNR-2210-MGNJZ-C,520,EMERGING,13500,0.3,0.0,0,1
GT-RJD-2310-8XNS1-Z,823,STRONG,63000,0.1758,67200.0,1,0
GT-KLR-2102-9W25W-S,725,RELIABLE,24500,0.2264,23700.0,1,0
GT-MHR-2306-GV5GV-1,920,PRIME,105500,0.1454,129100.0,1,0
GT-TNF-2211-K65AM-1,826,STRONG,54000,0.1754,42600.0,1,0
GT-WBF-2303-2G2PM-4,625,EMERGING,13500,0.3,0.0,0,1
GT-DLR-2203-87KNK-T,765,RELIABLE,28000,0.2164,33300.0,1,0
GT-TNW-2207-9K0DQ-O,600,EMERGING,11000,0.3,0.0,0,0
GT-GJW-2402-BQDWM-1,828,STRONG,70000,0.1751,71900.0,1,0
GT-TGF-2112-A2V6F-7,666,RELIABLE,16000,0.2466,17300.0,1,0
GT-UPD-2210-E56MH-A,650,RELIABLE,17500,0.2534,0.0,0,1
GT-KAR-2209-FVF85-M,735,RELIABLE,43000,0.2236,46500.0,1,0
GT-TGR-2202-7W18P-A,816,STRONG,52500,0.1769,57800.0,1,0
GT-TNW-2201-YMMEZ-L,680,RELIABLE,32500,0.2411,34800.0,1,0
GT-DLW-2112-9Z2FQ-R,851,STRONG,59500,0.172,59900.0,1,0
GT-TGC-2201-V75FC-E,824,STRONG,49500,0.1757,47000.0,1,0
GT-TND-2302-W3F9W-F,773,RELIABLE,29000,0.2146,22500.0,1,0
GT-UPW-2305-W3KFQ-J,600,EMERGING,18500,0.3,17200.0,1,0
GT-MHC-2108-ZK3DX-R,657,RELIABLE,18000,0.2503,19800.0,1,1
GT-RJD-2212-2WXEA-N,564,EMERGING,7000,0.3,8200.0,1,0
GT-TND-2101-9QNP8-M,783,RELIABLE,28000,0.2127,23700.0,1,0
GT-WBD-2304-VF4R1-K,682,RELIABLE,26000,0.2404,24600.0,1,0
GT-MHF-2204-FJZGX-1,779,RELIABLE,21500,0.2134,20800.0,1,0
GT-KLR-2302-96Y0B-Z,796,RELIABLE,31500,0.2102,23700.0,1,0
GT-GJD-2212-B9FG6-A,600,EMERGING,20500,0.3,0.0,0,0
GT-UPR-2112-ASGFJ-Y,853,STRONG,63000,0.1718,55800.0,1,0
GT-RJW-2310-HEJ0S-Y,848,STRONG,65500,0.1725,73000.0,1,0
GT-KLC-2209-NS82Q-D,738,RELIABLE,26000,0.2229,23000.0,1,0
GT-DLW-2312-ZY8AZ-K,734,RELIABLE,31500,0.2239,28500.0,1,0
GT-TNC-2403-K96WH-M,749,RELIABLE,41500,0.22,0.0,0,0
GT-DLF-2204-FFZVJ-I,701,RELIABLE,28000,0.2337,28600.0,1,0
GT-WBW-2212-V43NH-N,688,RELIABLE,30500,0.2382,38400.0,1,0
GT-RJR-2105-YAJE7-0,917,PRIME,86000,0.1456,80100.0,1,0
GT-UPC-2101-A4XNT-D,600,EMERGING,18000,0.3,16300.0,1,0
GT-WBC-2403-GF6EW-Y,680,RELIABLE,32000,0.2411,31600.0,1,0
GT-TGF-2209-P5NA1-7,600,EMERGING,13000,0.3,0.0,0,0
GT-UPR-2403-ZG2MA-X,799,RELIABLE,36500,0.2097,34000.0,1,0
GT-TGD-2110-5BPEG-E,797,RELIABLE,39500,0.2101,33400.0,1,0
GT-RJD-2203-M5584-D,774,RELIABLE,33500,0.2145,26000.0,1,0
GT-WBD-2201-601ZV-R,735,RELIABLE,26500,0.2236,0.0,0,0
GT-GJD-2302-Q2RX0-T,680,RELIABLE,42500,0.2411,39800.0,1,1
GT-GJR-2301-RPB2R-0,867,STRONG,69500,0.1702,70600.0,1,0
GT-UPD-2307-Y2NWJ-O,767,RELIABLE,36500,0.2159,42300.0,1,0
GT-TGC-2107-ECHMR-D,758,RELIABLE,25500,0.2179,0.0,0,0
GT-TNF-2211-PK2ST-N,797,RELIABLE,30500,0.2101,29900.0,1,0
GT-TGC-2311-ZBHW6-6,710,RELIABLE,21000,0.2308,19400.0,1,1
GT-KLR-2206-CVT26-J,717,RELIABLE,32500,0.2287,31100.0,1,1
GT-MHD-2403-Z8V65-B,764,RELIABLE,31000,0.2166,30100.0,1,0
GT-UPD-2212-PGWKH-V,567,EMERGING,8500,0.3,8400.0,1,1
GT-KLC-2106-1D05P-K,839,STRONG,61000,0.1736,66500.0,1,0
GT-KAD-2204-T5E5H-J,609,EMERGING,12000,0.3,11000.0,1,0
GT-GJF-2101-FWWNJ-K,717,RELIABLE,22500,0.2287,20800.0,1,0
GT-WBD-2111-TXMHC-W,773,RELIABLE,27500,0.2146,34500.0,1,0
GT-TNR-2102-HTY98-I,748,RELIABLE,31000,0.2203,29100.0,1,0
GT-KAD-2107-4AMK6-H,721,RELIABLE,30500,0.2275,33900.0,1,0
GT-GJR-2102-RFEBC-R,766,RELIABLE,32000,0.2161,25600.0,1,1
GT-WBD-2210-CVZ9A-J,766,RELIABLE,33500,0.2161,29100.0,1,0
GT-UPC-2110-8CV77-1,735,RELIABLE,24000,0.2236,0.0,0,0
GT-KAD-2102-DD3W8-O,706,RELIABLE,12500,0.2321,14200.0,1,0
GT-KLD-2107-G0S5G-Z,827,STRONG,53500,0.1752,48700.0,1,0
GT-GJD-2309-BD85A-H,579,EMERGING,7000,0.3,6500.0,1,1
GT-TGH-2310-V6BH9-0,600,EMERGING,18500,0.3,15700.0,1,0
GT-TGF-2207-Y28X3-Y,738,RELIABLE,33500,0.2229,0.0,0,0
GT-KLF-2201-EJ1AF-3,735,RELIABLE,24500,0.2236,27800.0,1,1
GT-WBR-2303-427NX-8,646,EMERGING,11000,0.2953,0.0,0,0
GT-WBC-2204-D789V-G,708,RELIABLE,27000,0.2314,25400.0,1,1
GT-GJD-2205-9HKHR-M,751,RELIABLE,29500,0.2196,0.0,0,0
GT-TNW-2308-89NSR-7,830,STRONG,63500,0.1748,53400.0,1,0
GT-DLW-2108-2Y3SN-T,731,RELIABLE,20000,0.2247,0.0,0,1
GT-UPD-2103-1JDJR-Q,634,EMERGING,12500,0.3,11800.0,1,1
GT-TND-2301-YZJ37-S,710,RELIABLE,23500,0.2308,21300.0,1,1
GT-KAR-2101-DPJMG-W,829,STRONG,65000,0.175,62400.0,1,0
GT-TGD-2404-C3V14-S,690,RELIABLE,22500,0.2375,0.0,0,0
GT-KAD-2107-J7NF7-Q,746,RELIABLE,27000,0.2208,36000.0,1,0
GT-WBR-2204-XJMQR-I,752,RELIABLE,23000,0.2193,21600.0,1,0
GT-GJD-2305-WYZWS-I,693,RELIABLE,18000,0.2364,17000.0,1,0
GT-KLF-2402-ADWYP-E,952,PRIME,154000,0.1432,127400.0,1,0
GT-GJR-2204-T50A5-1,706,RELIABLE,23500,0.2321,20100.0,1,1
GT-TNF-2111-E3WB6-V,785,RELIABLE,27000,0.2122,25500.0,1,1
GT-GJR-2209-9Y9FA-B,699,RELIABLE,17500,0.2344,20900.0,1,1
GT-WBR-2302-MRJEG-2,783,RELIABLE,39000,0.2127,40600.0,1,0
GT-UPR-2401-PMMCS-H,600,EMERGING,22000,0.3,0.0,0,0
GT-KLC-2403-XEYFD-8,755,RELIABLE,36500,0.2186,36700.0,1,0
GT-KAR-2106-FDYVA-8,729,RELIABLE,26500,0.2253,25100.0,1,0
GT-UPF-2111-TD4SJ-Y,662,RELIABLE,21000,0.2482,18000.0,1,1
GT-RJW-2210-7DPFP-Z,616,EMERGING,10500,0.3,0.0,0,1
GT-TNF-2403-NXK3Y-Q,600,EMERGING,24500,0.3,0.0,0,0
GT-TGD-2308-V7RD8-6,735,RELIABLE,32500,0.2236,34500.0,1,1
GT-TGD-2311-J7F5Q-V,520,EMERGING,8000,0.3,0.0,0,0
GT-TNF-2311-T7PZK-R,916,PRIME,122500,0.1457,105100.0,1,0
GT-RJW-2103-TQQYM-Y,681,RELIABLE,22000,0.2407,24200.0,1,0
GT-TNW-2307-AX7BY-G,737,RELIABLE,19000,0.2231,18800.0,1,0
GT-TGF-2308-D5GZH-Q,857,STRONG,56000,0.1713,52200.0,1,0
GT-WBD-2403-AMWM9-O,764,RELIABLE,34000,0.2166,39200.0,1,0
GT-DLW-2105-38F24-P,705,RELIABLE,24500,0.2324,19700.0,1,0
GT-GJF-2105-J9Z5P-U,629,EMERGING,10000,0.3,7800.0,1,0
GT-WBH-2210-94KFW-R,630,EMERGING,8000,0.3,10200.0,1,0
GT-MHW-2307-4AHKH-5,782,RELIABLE,38500,0.2128,42500.0,1,0
GT-MHR-2109-6JZAT-H,680,RELIABLE,37500,0.2411,40200.0,1,0
GT-KAF-2306-9KJNB-N,600,EMERGING,18000,0.3,0.0,0,0
GT-WBF-2209-P4N63-F,739,RELIABLE,25000,0.2226,30500.0,1,1
GT-RJD-2401-6CCK6-9,785,RELIABLE,36000,0.2122,37000.0,1,0
GT-KLR-2110-72CJW-S,664,RELIABLE,19000,0.2474,17400.0,1,0
GT-GJD-2101-W4Q3P-Z,826,STRONG,38500,0.1754,29000.0,1,0
GT-KLD-2112-JHNEK-6,757,RELIABLE,32500,0.2182,28000.0,1,0
GT-KLW-2211-HWM5N-I,885,STRONG,75000,0.1684,61100.0,1,0
GT-GJR-2302-67KQH-2,715,RELIABLE,31000,0.2293,26900.0,1,1
GT-TNW-2401-NJWZK-X,600,EMERGING,10500,0.3,0.0,0,0
GT-RJR-2310-62HS6-N,680,RELIABLE,21500,0.2411,0.0,0,0
GT-GJW-2105-HB50Z-Q,773,RELIABLE,16500,0.2146,14900.0,1,1
GT-RJW-2205-K0JFS-O,789,RELIABLE,30000,0.2115,33800.0,1,0
GT-DLW-2107-51H6Z-R,751,RELIABLE,19000,0.2196,20400.0,1,0
GT-KLR-2205-WYC8J-E,669,RELIABLE,18000,0.2454,13400.0,1,1
GT-TGH-2206-HH7ZE-V,642,EMERGING,10000,0.2971,11300.0,1,1
GT-RJR-2103-97CKZ-8,770,RELIABLE,24500,0.2153,19200.0,1,0
GT-TNW-2312-6VK2Q-R,891,STRONG,79500,0.1678,64200.0,1,0
GT-RJR-2206-A0EYF-W,794,RELIABLE,42000,0.2106,30100.0,1,1
GT-GJD-2208-ETH26-Q,828,STRONG,54000,0.1751,55000.0,1,0
GT-DLF-2111-RHJX8-A,845,STRONG,61000,0.1728,66200.0,1,1
GT-MHR-2309-WG8M2-R,793,RELIABLE,24000,0.2107,22700.0,1,0
GT-MHD-2208-VV2PB-L,520,EMERGING,12500,0.3,0.0,0,1
GT-TNR-2202-5GWJA-8,769,RELIABLE,22500,0.2155,20800.0,1,0
GT-KAD-2105-P4MXH-J,520,EMERGING,16000,0.3,0.0,0,0
GT-WBH-2204-AJTSS-L,810,STRONG,38000,0.1779,35600.0,1,0
GT-GJF-2110-WGV4P-9,796,RELIABLE,38000,0.2102,36100.0,1,0
GT-UPD-2305-QZMW8-Y,724,RELIABLE,24500,0.2266,23100.0,1,0
GT-KLW-2402-959XM-P,699,RELIABLE,25000,0.2344,30400.0,1,0
GT-RJF-2209-DH3NT-M,698,RELIABLE,20000,0.2347,0.0,0,0
GT-KLW-2401-PKCQK-J,800,STRONG,45500,0.1795,55800.0,1,0
GT-GJF-2206-C1RTV-V,836,STRONG,53000,0.174,61100.0,1,0
GT-RJD-2110-JP93E-E,577,EMERGING,7500,0.3,0.0,0,1
GT-UPD-2312-BG7VR-6,746,RELIABLE,26500,0.2208,18900.0,1,1
GT-RJW-2102-41SKR-3,712,RELIABLE,18000,0.2302,0.0,0,0
GT-TGW-2306-0DDR6-T,624,EMERGING,8500,0.3,9800.0,1,0
GT-WBW-2105-3HK8V-I,815,STRONG,62000,0.1771,47700.0,1,1
GT-KLD-2211-7KKW6-9,600,EMERGING,13500,0.3,0.0,0,0
GT-TGW-2309-X1T2P-W,733,RELIABLE,18500,0.2242,15800.0,1,0
GT-GJR-2109-90734-2,924,PRIME,86000,0.1451,69000.0,1,0
GT-GJF-2401-1F1F3-M,784,RELIABLE,34000,0.2125,37400.0,1,0
GT-MHD-2208-8E83Y-C,785,RELIABLE,42000,0.2122,38700.0,1,0
GT-KAW-2201-66D6Z-D,796,RELIABLE,36500,0.2102,44500.0,1,1
GT-GJH-2110-HSJXB-E,768,RELIABLE,24500,0.2157,26900.0,1,1
GT-UPD-2212-KJSXY-Y,921,PRIME,113000,0.1453,100700.0,1,0
GT-WBW-2301-YEBPZ-Q,806,STRONG,64000,0.1785,58300.0,1,0
GT-GJF-2301-FSC4N-2,706,RELIABLE,22500,0.2321,14900.0,1,0
GT-KAD-2301-M3HYR-H,643,EMERGING,8000,0.2966,0.0,0,1
GT-MHD-2208-WYAGE-3,804,STRONG,58000,0.1788,61600.0,1,0
GT-UPW-2302-AZ5F0-B,767,RELIABLE,29500,0.2159,25700.0,1,0
GT-GJD-2205-JWW86-E,627,EMERGING,8500,0.3,8600.0,1,1
GT-MHD-2206-0VAYV-K,807,STRONG,52500,0.1783,44800.0,1,0
GT-WBC-2302-D79YG-L,729,RELIABLE,26500,0.2253,24600.0,1,0
GT-KAF-2303-PZQR4-A,797,RELIABLE,36000,0.2101,34600.0,1,0
GT-UPW-2211-P1W93-V,737,RELIABLE,36000,0.2231,39200.0,1,0
GT-KAF-2101-DDAVS-5,688,RELIABLE,21500,0.2382,22500.0,1,1
GT-RJR-2207-J7H4Z-O,600,EMERGING,14500,0.3,14000.0,1,0
GT-DLW-2312-F700D-F,731,RELIABLE,26500,0.2247,27000.0,1,0
GT-DLD-2106-AE02D-Z,735,RELIABLE,32500,0.2236,29000.0,1,0
GT-KLD-2206-36EKB-7,735,RELIABLE,18000,0.2236,16900.0,1,1
GT-RJF-2211-D18KF-U,829,STRONG,61500,0.175,53200.0,1,1
GT-TNH-2207-JHJJT-6,771,RELIABLE,25500,0.2151,23500.0,1,0
GT-MHR-2205-C1JM2-T,847,STRONG,50500,0.1726,55300.0,1,0
GT-MHH-2207-9NNM1-F,860,STRONG,62000,0.171,66100.0,1,0
GT-TNW-2401-TPXYH-L,694,RELIABLE,26000,0.2361,23600.0,1,1
GT-WBR-2209-1BWN0-G,524,EMERGING,7000,0.3,0.0,0,1
GT-TGR-2103-8GDPV-7,838,STRONG,45500,0.1737,50300.0,1,0
GT-RJD-2107-3VQJ2-9,778,RELIABLE,31000,0.2136,31000.0,1,1
GT-RJF-2303-N5H0C-C,681,RELIABLE,29000,0.2407,30100.0,1,0
GT-DLD-2106-DZ818-3,756,RELIABLE,29000,0.2184,30000.0,1,0
GT-KLR-2212-6G712-U,700,RELIABLE,18500,0.2341,16600.0,1,0
GT-TGD-2108-1CBMJ-T,885,STRONG,69000,0.1684,70500.0,1,0
GT-KAH-2311-6P820-J,779,RELIABLE,24000,0.2134,22900.0,1,0
GT-RJR-2305-N283X-9,847,STRONG,63000,0.1726,66300.0,1,0
GT-UPR-2308-9NADZ-H,760,RELIABLE,28000,0.2175,31500.0,1,0
GT-TNR-2205-FD65D-D,747,RELIABLE,30000,0.2205,0.0,0,1
GT-RJD-2203-5QT0K-P,745,RELIABLE,25500,0.2211,0.0,0,0
GT-KLR-2206-YJBKT-U,820,STRONG,40000,0.1763,41200.0,1,1
GT-KLW-2104-KVQEZ-7,817,STRONG,51500,0.1767,49900.0,1,0
GT-KLF-2203-JQ5D5-S,827,STRONG,62000,0.1752,58700.0,1,0
GT-DLR-2305-HHTV4-5,788,RELIABLE,35000,0.2117,36000.0,1,1
GT-WBW-2204-VYTQR-O,759,RELIABLE,26000,0.2177,25400.0,1,0
GT-MHD-2108-02N1Z-A,600,EMERGING,13500,0.3,0.0,0,0
GT-GJW-2302-K77BB-M,709,RELIABLE,30500,0.2311,0.0,0,0
GT-TGD-2305-ES3YB-9,676,RELIABLE,26000,0.2427,0.0,0,0
GT-RJC-2402-9JEJW-C,688,RELIABLE,21000,0.2382,21600.0,1,0
GT-KLH-2209-RDHBT-I,722,RELIABLE,29000,0.2272,31100.0,1,0
GT-TNW-2401-5RPF4-L,831,STRONG,45500,0.1747,49100.0,1,1
GT-TND-2204-7YDRS-S,865,STRONG,79500,0.1704,90800.0,1,0
GT-KAR-2103-B3YRN-6,520,EMERGING,9500,0.3,0.0,0,1
GT-WBW-2309-FR6MA-0,682,RELIABLE,21500,0.2404,0.0,0,0
GT-TNR-2101-NAAC0-F,755,RELIABLE,19000,0.2186,14900.0,1,0
GT-KLR-2312-K3FRR-S,863,STRONG,73000,0.1707,65100.0,1,0
GT-RJR-2302-CJSCW-6,698,RELIABLE,22500,0.2347,25200.0,1,1
GT-TGD-2212-5BBG9-G,777,RELIABLE,36000,0.2139,38400.0,1,1
GT-WBR-2402-C95ZM-Z,622,EMERGING,8500,0.3,0.0,0,1
GT-GJD-2401-1QT20-B,802,STRONG,44500,0.1792,48200.0,1,1
GT-KLF-2403-K5XRP-5,758,RELIABLE,22500,0.2179,30600.0,1,0
GT-KLR-2111-NFKWH-I,600,EMERGING,11000,0.3,11400.0,1,0
GT-TGD-2301-DXZ1T-D,722,RELIABLE,24500,0.2272,20100.0,1,0
GT-TND-2308-C306A-K,835,STRONG,54000,0.1741,52900.0,1,0
GT-UPC-2107-MZ1EJ-9,658,RELIABLE,19000,0.2499,17300.0,1,0
GT-DLR-2106-G45MH-H,676,RELIABLE,17000,0.2427,21300.0,1,0
GT-MHF-2110-VRJSZ-F,889,STRONG,71000,0.168,75600.0,1,0
GT-DLW-2312-MWEJ7-C,702,RELIABLE,19500,0.2334,0.0,0,0
GT-TNF-2111-4QTWR-6,680,RELIABLE,30000,0.2411,29400.0,1,0
GT-GJR-2201-D5PHB-3,777,RELIABLE,26000,0.2139,32000.0,1,0
GT-UPF-2204-S7XJP-E,740,RELIABLE,31000,0.2223,25900.0,1,0
GT-MHD-2209-NX4GG-T,752,RELIABLE,36000,0.2193,34100.0,1,0
GT-KAR-2309-EJR8B-Y,844,STRONG,62500,0.1729,50400.0,1,0
GT-MHD-2111-557XD-C,838,STRONG,58000,0.1737,52900.0,1,0
GT-KLC-2309-J8PZ6-D,818,STRONG,49500,0.1766,62500.0,1,0
GT-DLR-2209-44E73-Q,684,RELIABLE,21000,0.2397,0.0,0,1
GT-WBD-2112-7FYA6-H,854,STRONG,62000,0.1717,76800.0,1,1
GT-WBF-2308-GENW4-W,750,RELIABLE,28500,0.2198,33600.0,1,0
GT-DLD-2108-F4DE2-H,681,RELIABLE,24500,0.2407,0.0,0,0
GT-RJR-2102-NWCJH-T,600,EMERGING,10500,0.3,11200.0,1,0
GT-KAC-2211-1CHR0-5,600,EMERGING,21000,0.3,24300.0,1,0
GT-WBW-2208-GSB0V-4,822,STRONG,49000,0.176,51000.0,1,0
GT-TGF-2304-7VS2W-T,676,RELIABLE,22000,0.2427,25100.0,1,1
GT-UPR-2103-VA9ZA-N,796,RELIABLE,31000,0.2102,30300.0,1,0
GT-MHR-2207-07WP5-A,773,RELIABLE,28000,0.2146,30200.0,1,0
GT-KLD-2202-1JSPB-4,719,RELIABLE,23500,0.2281,20100.0,1,0
GT-UPF-2307-69D5C-R,714,RELIABLE,17000,0.2296,17400.0,1,0
GT-UPR-2104-JJC0F-K,759,RELIABLE,31000,0.2177,31200.0,1,0
GT-TGD-2304-4TNS6-4,745,RELIABLE,27000,0.2211,29700.0,1,0
GT-GJD-2208-7XKSX-K,600,EMERGING,11000,0.3,11100.0,1,1
GT-DLD-2101-8YRNT-N,832,STRONG,55500,0.1746,51800.0,1,1
GT-KAD-2105-WTPYB-L,719,RELIABLE,17000,0.2281,18000.0,1,0
GT-UPD-2109-YMJ15-0,895,STRONG,68000,0.1674,79400.0,1,0
GT-TGR-2403-P3KXK-H,600,EMERGING,8500,0.3,0.0,0,1
GT-TNR-2307-01V6A-6,750,RELIABLE,23500,0.2198,22700.0,1,0
GT-DLR-2208-W61WC-N,683,RELIABLE,18500,0.24,17800.0,1,0
GT-GJD-2108-M3P6Y-U,600,EMERGING,12500,0.3,12200.0,1,0
GT-WBR-2105-SA3SC-X,719,RELIABLE,22000,0.2281,0.0,0,0
GT-GJW-2310-SQFPE-N,931,PRIME,111500,0.1446,116200.0,1,0
GT-KLD-2307-8Y7FP-T,761,RELIABLE,25000,0.2173,30500.0,1,1
GT-RJD-2306-WH11J-X,691,RELIABLE,16500,0.2371,0.0,0,1
GT-TNR-2202-09TBT-0,619,EMERGING,8500,0.3,0.0,0,0
GT-DLD-2205-TVYD5-N,573,EMERGING,7000,0.3,7100.0,1,1
GT-MHD-2109-11STN-U,706,RELIABLE,29500,0.2321,27100.0,1,0
GT-WBR-2301-JHFEV-X,709,RELIABLE,19500,0.2311,0.0,0,0
GT-RJR-2210-V133M-U,733,RELIABLE,30000,0.2242,24000.0,1,1
GT-DLW-2103-C4ZGN-R,602,EMERGING,8000,0.3,0.0,0,1
GT-KLC-2102-BJ1NR-A,773,RELIABLE,32000,0.2146,32800.0,1,0
GT-TGR-2301-K9TG9-A,805,STRONG,48500,0.1787,54600.0,1,0
GT-UPR-2105-T57GT-E,882,STRONG,94000,0.1687,107600.0,1,0
GT-DLH-2107-JY772-U,608,EMERGING,7000,0.3,0.0,0,1
GT-MHR-2208-VE7AH-H,678,RELIABLE,12500,0.2419,12800.0,1,0
GT-WBH-2103-SMHFJ-3,705,RELIABLE,25000,0.2324,27400.0,1,0
GT-WBW-2403-ZJ6SA-2,752,RELIABLE,23500,0.2193,27000.0,1,0
GT-TGD-2205-QQPX4-T,639,EMERGING,10500,0.2985,0.0,0,1
GT-TGD-2201-4VP4Y-5,878,STRONG,66500,0.169,60100.0,1,0
GT-GJD-2205-3MJGV-O,761,RELIABLE,28000,0.2173,23400.0,1,0
GT-GJW-2103-2M2B0-5,711,RELIABLE,24500,0.2305,25100.0,1,0
GT-MHD-2207-3MHA5-D,897,STRONG,75500,0.1672,71200.0,1,0
GT-GJF-2402-MF6AJ-C,721,RELIABLE,24500,0.2275,22900.0,1,0
GT-TNR-2104-W2CX9-V,772,RELIABLE,31500,0.2149,30900.0,1,0
GT-RJW-2308-2JXJG-V,708,RELIABLE,23500,0.2314,24700.0,1,0
GT-TGW-2108-CQH29-3,684,RELIABLE,28000,0.2397,0.0,0,1
GT-DLD-2212-RYTZ7-9,711,RELIABLE,33000,0.2305,34300.0,1,1
GT-MHD-2105-40QH8-4,897,STRONG,56000,0.1672,66300.0,1,0
GT-KLR-2108-6CDWX-X,808,STRONG,48000,0.1782,52700.0,1,0
GT-UPW-2107-699YE-N,751,RELIABLE,27000,0.2196,29300.0,1,0
GT-DLF-2105-KP3MC-E,659,RELIABLE,18000,0.2495,17200.0,1,0
GT-WBR-2201-JNQ11-7,786,RELIABLE,21500,0.2121,22900.0,1,0
GT-MHW-2201-NRQEH-F,609,EMERGING,9000,0.3,0.0,0,0
GT-RJR-2304-82P53-T,652,RELIABLE,18500,0.2526,0.0,0,1
GT-RJD-2202-18P05-J,730,RELIABLE,35000,0.225,32900.0,1,1
GT-RJC-2212-XTWMJ-B,914,PRIME,116500,0.1459,123400.0,1,0
GT-TGR-2204-3XJCH-R,901,PRIME,91000,0.1469,103100.0,1,0
GT-MHW-2208-Q466T-D,600,EMERGING,18000,0.3,14500.0,1,0
GT-TGR-2102-3C8YF-K,731,RELIABLE,29000,0.2247,34900.0,1,0
GT-WBF-2208-BEZK0-3,607,EMERGING,11000,0.3,0.0,0,1
GT-TND-2207-FJCXY-8,813,STRONG,60000,0.1774,52400.0,1,0
GT-TNR-2201-728QW-G,806,STRONG,36000,0.1785,35800.0,1,0
GT-KAD-2303-43NW2-K,786,RELIABLE,33500,0.2121,32100.0,1,0
GT-WBW-2108-T107V-K,835,STRONG,54500,0.1741,71600.0,1,0
GT-MHD-2404-KCTZ4-D,695,RELIABLE,22500,0.2358,0.0,0,1
GT-RJD-2210-KE9W1-J,804,STRONG,44000,0.1788,55400.0,1,0
GT-UPR-2301-RVBN0-2,698,RELIABLE,29500,0.2347,32100.0,1,0
GT-GJR-2403-7GSMF-H,815,STRONG,56000,0.1771,62100.0,1,0
GT-DLR-2302-KAXF3-I,719,RELIABLE,31000,0.2281,38100.0,1,0
GT-GJF-2103-9F4K6-Q,748,RELIABLE,32000,0.2203,25100.0,1,0
GT-KLF-2212-ME9EE-6,763,RELIABLE,31500,0.2168,0.0,0,0
GT-GJR-2201-9M6HH-L,600,EMERGING,18500,0.3,0.0,0,0
GT-UPR-2102-ZN9RY-Y,802,STRONG,52000,0.1792,55600.0,1,1
GT-KLD-2303-390GD-Y,625,EMERGING,11000,0.3,0.0,0,1
GT-RJR-2101-ZCPKX-1,619,EMERGING,15000,0.3,14700.0,1,1
GT-MHC-2103-XBVMM-1,707,RELIABLE,29000,0.2318,28700.0,1,0
GT-RJR-2110-1NKQ6-9,600,EMERGING,8000,0.3,0.0,0,1
GT-UPH-2101-4FENE-7,600,EMERGING,14000,0.3,0.0,0,0
GT-UPD-2203-D3951-K,703,RELIABLE,29000,0.2331,26300.0,1,0
GT-DLW-2310-GK50P-3,891,STRONG,70000,0.1678,60100.0,1,0
GT-TGF-2308-DV32X-Q,754,RELIABLE,35000,0.2188,28000.0,1,0
GT-KLF-2402-B9ZMF-7,769,RELIABLE,40500,0.2155,41100.0,1,0
GT-KLF-2204-74KT2-X,734,RELIABLE,24000,0.2239,23600.0,1,0
GT-MHD-2402-JAANA-M,711,RELIABLE,29000,0.2305,34800.0,1,1
GT-TGW-2403-MXPP1-P,795,RELIABLE,38000,0.2104,38500.0,1,0
GT-GJR-2103-DFZ6N-U,809,STRONG,45500,0.178,46500.0,1,0
GT-KAR-2204-Y6TZJ-0,838,STRONG,57000,0.1737,62400.0,1,0
GT-DLD-2112-F1KZF-Y,788,RELIABLE,32500,0.2117,32200.0,1,0
GT-WBD-2207-XY0X0-Z,645,EMERGING,9000,0.2957,8700.0,1,0
GT-GJC-2204-6CZ6E-7,520,EMERGING,7500,0.3,0.0,0,1
GT-MHD-2205-QYFRZ-Q,666,RELIABLE,26000,0.2466,32100.0,1,0
GT-TGR-2208-0WTS4-K,520,EMERGING,5500,0.3,0.0,0,1
GT-GJD-2108-HKP4B-1,867,STRONG,64000,0.1702,80000.0,1,0
GT-KLF-2304-3F37T-V,820,STRONG,71500,0.1763,72400.0,1,0
GT-KLW-2208-9QMME-1,667,RELIABLE,24000,0.2462,23500.0,1,0
GT-TNC-2209-WYG3H-E,629,EMERGING,11500,0.3,9500.0,1,1
GT-GJR-2205-9WZ8T-4,846,STRONG,54000,0.1727,51800.0,1,0
GT-WBD-2305-J6Z64-4,600,EMERGING,8000,0.3,0.0,0,0
GT-DLD-2307-S89HT-7,693,RELIABLE,23000,0.2364,16600.0,1,1
GT-WBD-2107-XV3FW-M,689,RELIABLE,22500,0.2379,22200.0,1,1
GT-MHF-2310-F1SSZ-I,755,RELIABLE,34000,0.2186,34100.0,1,0
GT-MHH-2208-0JCCM-Q,600,EMERGING,17000,0.3,20300.0,1,0
GT-TND-2102-80P4C-M,863,STRONG,59000,0.1707,54200.0,1,0
GT-DLR-2304-4ZKD5-C,861,STRONG,70500,0.1709,77500.0,1,0
GT-MHF-2201-SQ0YV-R,772,RELIABLE,26000,0.2149,26900.0,1,0
GT-KAR-2110-FW3G3-D,827,STRONG,58000,0.1752,52500.0,1,0
GT-WBF-2308-2Z7JP-6,731,RELIABLE,23500,0.2247,24000.0,1,0
GT-KAR-2204-Z1T5B-E,573,EMERGING,8500,0.3,0.0,0,0
GT-UPD-2301-7TCER-B,675,RELIABLE,32500,0.243,29900.0,1,0
GT-KAR-2310-EF07Y-I,520,EMERGING,12000,0.3,0.0,0,0
GT-GJR-2403-GN8PB-2,600,EMERGING,12000,0.3,11800.0,1,0
GT-MHF-2312-C61V3-Q,696,RELIABLE,24000,0.2354,28300.0,1,0
GT-GJD-2210-GM7X2-W,520,EMERGING,10000,0.3,0.0,0,1
GT-MHR-2202-1SY3B-Y,808,STRONG,59500,0.1782,59800.0,1,0
GT-TGH-2207-TG0QC-X,887,STRONG,46500,0.1682,44400.0,1,0
GT-GJR-2110-333QN-0,582,EMERGING,9500,0.3,9200.0,1,1
GT-MHD-2206-PHRY2-7,686,RELIABLE,16000,0.2389,18000.0,1,1
GT-MHH-2401-PGWVD-E,716,RELIABLE,22000,0.229,24700.0,1,0
GT-GJD-2112-R5JTZ-9,783,RELIABLE,36000,0.2127,0.0,0,0
GT-GJW-2307-VZPYT-E,707,RELIABLE,20500,0.2318,17200.0,1,0
GT-TGD-2402-Z4G4D-S,698,RELIABLE,25500,0.2347,27700.0,1,1
GT-MHC-2307-R1CH8-I,815,STRONG,42000,0.1771,52800.0,1,0
GT-TND-2112-V4E94-3,860,STRONG,49000,0.171,49700.0,1,1
GT-DLR-2101-TS343-L,773,RELIABLE,27000,0.2146,26300.0,1,0
GT-GJH-2209-J86PD-G,648,EMERGING,14000,0.2943,11200.0,1,1
GT-TNR-2107-WE39N-T,680,RELIABLE,32000,0.2411,26800.0,1,0
GT-TND-2107-Q6D6F-R,748,RELIABLE,24000,0.2203,0.0,0,0
GT-DLD-2307-M765K-K,757,RELIABLE,26000,0.2182,29200.0,1,0
GT-MHD-2305-D3QTN-A,729,RELIABLE,24500,0.2253,25200.0,1,0
GT-RJD-2102-6D35Y-M,680,RELIABLE,27500,0.2411,30200.0,1,0
GT-TGR-2209-YEY13-N,762,RELIABLE,27000,0.217,25900.0,1,1
GT-WBR-2106-1XVVE-0,829,STRONG,58000,0.175,49900.0,1,0
GT-DLC-2102-3GMN9-U,833,STRONG,52500,0.1744,50700.0,1,0
GT-KAW-2201-NANB7-5,825,STRONG,52000,0.1755,41100.0,1,1
GT-UPC-2203-0KQCS-5,712,RELIABLE,21000,0.2302,22400.0,1,1
GT-UPR-2105-M0VA3-7,854,STRONG,73000,0.1717,60200.0,1,0
GT-KAR-2304-74RYM-J,784,RELIABLE,35500,0.2125,31300.0,1,0
GT-RJR-2401-WK9R1-F,938,PRIME,141000,0.1441,149600.0,1,0
GT-RJR-2403-AKZ0A-E,813,STRONG,63000,0.1774,56600.0,1,0
GT-RJD-2211-CGQ7T-2,813,STRONG,39500,0.1774,36300.0,1,0
GT-TGW-2208-MCNX2-1,776,RELIABLE,25000,0.214,21200.0,1,0
GT-GJF-2301-1VYY1-X,759,RELIABLE,27500,0.2177,31200.0,1,1
GT-KAD-2206-84369-Q,725,RELIABLE,21500,0.2264,0.0,0,1
GT-WBR-2305-9Y6SH-U,754,RELIABLE,33500,0.2188,30500.0,1,0
GT-MHD-2305-FFFXV-X,805,STRONG,46500,0.1787,50100.0,1,0
GT-KLR-2401-YHJ80-H,839,STRONG,69500,0.1736,66600.0,1,0
GT-KLR-2103-AHNZY-Z,787,RELIABLE,36500,0.2119,46500.0,1,0
GT-MHC-2307-0R4Y5-G,726,RELIABLE,23500,0.2261,24500.0,1,0
GT-WBR-2207-QGF82-8,763,RELIABLE,21000,0.2168,24900.0,1,1
GT-WBR-2308-GE1KD-N,670,RELIABLE,22500,0.245,24100.0,1,1
GT-UPW-2311-QPTMG-7,881,STRONG,59000,0.1687,70100.0,1,0
GT-TGC-2306-GH9QJ-V,520,EMERGING,11500,0.3,0.0,0,0
GT-RJW-2211-S3MPQ-V,832,STRONG,52500,0.1746,46100.0,1,0
GT-TNR-2101-YKMCS-9,807,STRONG,52000,0.1783,68000.0,1,0
GT-TNR-2310-2ACP2-Y,797,RELIABLE,25500,0.2101,23300.0,1,0
GT-UPF-2206-MWCEF-W,735,RELIABLE,20500,0.2236,0.0,0,1
GT-WBW-2212-0JXS6-R,691,RELIABLE,22000,0.2371,21600.0,1,1
GT-KAH-2305-QT1M5-S,684,RELIABLE,23000,0.2397,24000.0,1,1
GT-GJR-2209-SE0W8-X,895,STRONG,68500,0.1674,74500.0,1,0
GT-DLF-2311-SH112-F,757,RELIABLE,33000,0.2182,35000.0,1,0
GT-RJD-2104-JJX4H-Y,799,RELIABLE,31000,0.2097,30800.0,1,0
GT-RJD-2402-KK2EQ-S,839,STRONG,65000,0.1736,66200.0,1,0
GT-TGD-2201-K78TT-G,730,RELIABLE,27500,0.225,24000.0,1,0
GT-RJD-2102-9ZAVQ-6,775,RELIABLE,30500,0.2142,0.0,0,0
GT-KLR-2307-342NQ-J,784,RELIABLE,24500,0.2125,22300.0,1,0
GT-UPR-2309-MQ4FF-1,520,EMERGING,11500,0.3,0.0,0,1
GT-GJF-2403-KMC1H-A,745,RELIABLE,26500,0.2211,21900.0,1,0
GT-KLF-2302-YYET2-Y,847,STRONG,52500,0.1726,47600.0,1,0
GT-RJD-2207-SJ10Q-Q,520,EMERGING,10500,0.3,0.0,0,0
GT-TGF-2403-8FA2K-W,756,RELIABLE,25500,0.2184,22800.0,1,0
GT-KAD-2301-72RE7-H,727,RELIABLE,25500,0.2258,0.0,0,1
GT-GJD-2212-KWTRS-R,920,PRIME,108000,0.1454,115000.0,1,0
GT-TGH-2211-V0H1P-D,604,EMERGING,8500,0.3,8600.0,1,0
GT-TND-2303-67WXW-4,765,RELIABLE,39500,0.2164,49300.0,1,0
GT-MHR-2106-J8H5H-Z,707,RELIABLE,24500,0.2318,0.0,0,1
GT-UPF-2401-TZD19-5,689,RELIABLE,30500,0.2379,30800.0,1,0
GT-KLR-2212-0Y1CZ-U,722,RELIABLE,28500,0.2272,25600.0,1,0
GT-WBR-2105-X0VBN-6,804,STRONG,41000,0.1788,33100.0,1,1
GT-DLW-2308-VEWKM-B,874,STRONG,62000,0.1695,64000.0,1,0
GT-KAF-2302-XFQ52-5,600,EMERGING,18000,0.3,0.0,0,0
GT-UPR-2103-J2Y81-D,600,EMERGING,22500,0.3,18700.0,1,0
GT-MHC-2101-NBZS2-E,883,STRONG,76500,0.1686,72000.0,1,0
GT-KAD-2305-0YGBW-6,812,STRONG,39500,0.1775,35000.0,1,0
GT-MHR-2402-EG6Z0-T,661,RELIABLE,16000,0.2487,0.0,0,0
GT-DLD-2201-GGGGZ-6,812,STRONG,51000,0.1775,54600.0,1,0
GT-TND-2108-Y9HW7-P,804,STRONG,47500,0.1788,43900.0,1,1
GT-TNH-2403-4SAB8-Q,672,RELIABLE,27000,0.2442,30900.0,1,1
GT-MHW-2201-N6DZR-L,589,EMERGING,9000,0.3,0.0,0,1
GT-UPD-2108-1H0AT-I,578,EMERGING,5000,0.3,0.0,0,1
GT-RJR-2308-VX146-R,768,RELIABLE,27000,0.2157,26300.0,1,0
GT-DLD-2207-JS8ZM-4,736,RELIABLE,23500,0.2233,22300.0,1,0
GT-TNF-2208-T080X-2,667,RELIABLE,14500,0.2462,15700.0,1,1
GT-RJR-2212-57HC3-5,792,RELIABLE,37000,0.211,33100.0,1,0
GT-KLC-2308-XAYHV-5,800,STRONG,48000,0.1795,41900.0,1,0
GT-UPD-2208-RH9N8-C,852,STRONG,72500,0.1719,67000.0,1,0
GT-WBR-2203-0Q56P-U,750,RELIABLE,34500,0.2198,41700.0,1,0
GT-KLH-2401-4YNQR-Q,610,EMERGING,10500,0.3,0.0,0,0
GT-UPC-2302-1AD15-Q,600,EMERGING,23500,0.3,0.0,0,0
GT-GJD-2210-VXF2M-0,796,RELIABLE,32500,0.2102,34000.0,1,0
GT-KAR-2103-MZJDN-V,693,RELIABLE,25500,0.2364,31900.0,1,0
GT-GJC-2311-CDP9N-S,654,RELIABLE,16500,0.2517,21300.0,1,0
GT-DLF-2109-8TH0A-T,600,EMERGING,17000,0.3,0.0,0,0
GT-GJF-2207-G6PQ0-F,520,EMERGING,12000,0.3,0.0,0,1
GT-WBF-2101-VJ5AJ-X,864,STRONG,44000,0.1705,42800.0,1,0
GT-MHC-2204-VG26P-V,727,RELIABLE,26500,0.2258,23500.0,1,1
GT-TGR-2206-3DT6J-Q,895,STRONG,67000,0.1674,75200.0,1,0
GT-WBD-2309-4656E-0,555,EMERGING,8500,0.3,7400.0,1,1
GT-KAR-2101-YJ4RD-R,784,RELIABLE,25000,0.2125,18100.0,1,0
GT-RJW-2101-6P4BZ-I,862,STRONG,69500,0.1708,67100.0,1,0
GT-KLR-2208-SY149-U,687,RELIABLE,16000,0.2386,17100.0,1,0
GT-KAD-2203-DPAR0-H,728,RELIABLE,30000,0.2256,32400.0,1,0
GT-MHF-2306-AJNC5-L,732,RELIABLE,29000,0.2244,0.0,0,1
GT-MHR-2103-ZDFQQ-1,723,RELIABLE,20500,0.2269,21400.0,1,1
GT-TGH-2110-8P9WW-8,789,RELIABLE,43000,0.2115,45500.0,1,0
GT-GJR-2404-9YMEF-E,604,EMERGING,14000,0.3,12100.0,1,1
GT-DLF-2306-0MMSV-7,730,RELIABLE,23500,0.225,23200.0,1,0
GT-RJR-2207-96R46-C,783,RELIABLE,47000,0.2127,40100.0,1,0
GT-TND-2403-JXNHQ-W,776,RELIABLE,21000,0.214,27600.0,1,0
GT-TNR-2308-EXR8X-C,699,RELIABLE,19500,0.2344,19800.0,1,0
GT-WBD-2110-3E2F3-M,798,RELIABLE,26500,0.2099,27900.0,1,0
GT-RJW-2302-FNHG0-3,680,RELIABLE,38000,0.2411,32000.0,1,0
GT-DLW-2208-HYDG2-X,626,EMERGING,8000,0.3,7700.0,1,0
GT-TND-2401-Q7C6N-E,633,EMERGING,6500,0.3,6500.0,1,1
GT-TNR-2111-JGYKF-0,709,RELIABLE,20500,0.2311,22400.0,1,0
GT-TGH-2107-KEE95-L,815,STRONG,61000,0.1771,62000.0,1,0
GT-TGD-2211-AWZXY-D,781,RELIABLE,28000,0.213,29900.0,1,1
GT-KLC-2302-JMTD0-W,824,STRONG,57000,0.1757,0.0,0,0
GT-MHD-2401-X88WK-7,760,RELIABLE,40500,0.2175,42000.0,1,0
GT-TGD-2104-7FE4P-I,693,RELIABLE,20500,0.2364,19100.0,1,1
GT-DLR-2209-9N2A0-O,830,STRONG,43000,0.1748,47200.0,1,0
GT-WBD-2310-JKRWQ-A,600,EMERGING,16000,0.3,19400.0,1,0
GT-UPC-2308-G3FRJ-A,744,RELIABLE,31500,0.2213,0.0,0,0
GT-KLF-2112-89ZQD-E,682,RELIABLE,25500,0.2404,26100.0,1,1
GT-TGF-2112-78BTQ-2,734,RELIABLE,18000,0.2239,16200.0,1,0
GT-DLF-2311-NM3NE-6,600,EMERGING,17500,0.3,0.0,0,0
GT-KLF-2208-T9PGN-B,667,RELIABLE,18000,0.2462,16800.0,1,1
GT-KAW-2212-EM5EF-R,680,RELIABLE,38000,0.2411,42200.0,1,0
GT-MHF-2101-2G234-T,564,EMERGING,9000,0.3,0.0,0,1
GT-KLW-2301-X8C9M-T,685,RELIABLE,27000,0.2393,24200.0,1,0
GT-RJR-2102-69419-T,734,RELIABLE,29000,0.2239,33500.0,1,0
GT-WBR-2109-D0MGX-0,680,RELIABLE,56000,0.2411,52600.0,1,0
GT-TNR-2305-5V1GS-I,664,RELIABLE,20000,0.2474,0.0,0,0
GT-KLR-2210-NS3JW-M,784,RELIABLE,24000,0.2125,27800.0,1,0
GT-KLD-2302-A4SZN-1,829,STRONG,40500,0.175,41400.0,1,0
GT-RJR-2209-NTE63-P,600,EMERGING,11000,0.3,13400.0,1,0
GT-UPR-2102-G4EC2-I,703,RELIABLE,16500,0.2331,15700.0,1,0
GT-WBD-2212-YXS09-V,760,RELIABLE,24500,0.2175,19800.0,1,0
GT-TNW-2209-X6ENG-6,654,RELIABLE,14000,0.2517,14600.0,1,1
GT-TGW-2403-2QTN3-R,520,EMERGING,13500,0.3,0.0,0,0
GT-WBD-2311-A58WG-V,846,STRONG,67000,0.1727,64700.0,1,0
GT-TGH-2211-231B3-S,804,STRONG,70500,0.1788,64600.0,1,1
GT-RJH-2101-53J6F-0,702,RELIABLE,21500,0.2334,22000.0,1,1
GT-MHC-2210-XEXZN-F,779,RELIABLE,34000,0.2134,34100.0,1,0
GT-KAD-2211-RE8QP-P,759,RELIABLE,41500,0.2177,44700.0,1,0
GT-TGR-2402-WABJN-O,835,STRONG,48500,0.1741,45100.0,1,0
GT-DLR-2304-XQG2E-0,732,RELIABLE,22000,0.2244,22400.0,1,0
GT-RJF-2109-J5KPG-C,854,STRONG,80000,0.1717,84000.0,1,0
GT-RJF-2105-4Q7Z9-L,846,STRONG,53000,0.1727,48400.0,1,0
GT-KLF-2108-DP8AK-4,861,STRONG,73000,0.1709,75300.0,1,0
GT-TNW-2312-5RZXK-K,668,RELIABLE,16500,0.2458,0.0,0,0
GT-KLH-2111-K3AGW-G,688,RELIABLE,26500,0.2382,24400.0,1,1
GT-MHR-2205-E5AG1-C,740,RELIABLE,31500,0.2223,31800.0,1,0
GT-KLC-2309-Q61WA-9,750,RELIABLE,26000,0.2198,30700.0,1,1
GT-DLW-2403-7E3RB-V,658,RELIABLE,16500,0.2499,14900.0,1,1
GT-KAD-2311-24TGK-Q,810,STRONG,37500,0.1779,41400.0,1,0
GT-RJW-2309-FR90R-5,846,STRONG,57500,0.1727,54200.0,1,0
GT-WBD-2205-E6710-E,520,EMERGING,14000,0.3,0.0,0,0
GT-TGD-2104-ZGCJF-6,719,RELIABLE,16500,0.2281,15900.0,1,1
GT-DLH-2301-3CGEW-3,715,RELIABLE,18500,0.2293,16900.0,1,0
GT-TGR-2307-EZXP8-C,755,RELIABLE,37000,0.2186,34700.0,1,0
GT-GJR-2309-D4T1K-K,735,RELIABLE,18000,0.2236,17400.0,1,0
GT-MHH-2203-V2BHW-Y,800,STRONG,62000,0.1795,60000.0,1,0
GT-KLR-2203-QAMZ2-3,803,STRONG,59000,0.179,69000.0,1,0
GT-UPD-2109-11R7K-Z,600,EMERGING,31500,0.3,0.0,0,0
GT-RJD-2101-J4EE3-1,668,RELIABLE,22000,0.2458,20800.0,1,1
GT-KAR-2311-5F28T-4,814,STRONG,59000,0.1772,56200.0,1,0
GT-RJD-2208-Q5Z6N-A,701,RELIABLE,18000,0.2337,18900.0,1,1
GT-RJD-2107-KGTAP-H,753,RELIABLE,35500,0.2191,26900.0,1,0
GT-TNW-2103-MABDR-O,600,EMERGING,35000,0.3,0.0,0,1
GT-WBD-2211-ZX3CJ-C,836,STRONG,54500,0.174,42100.0,1,0
GT-WBR-2103-6RTZC-3,914,PRIME,84500,0.1459,91400.0,1,0
GT-RJD-2111-C66F6-L,781,RELIABLE,29500,0.213,28600.0,1,0
GT-DLR-2108-C4HF2-0,737,RELIABLE,25500,0.2231,23400.0,1,0
GT-KLF-2310-VG4HV-V,755,RELIABLE,28000,0.2186,31500.0,1,0
GT-WBR-2111-9SNFC-S,588,EMERGING,5500,0.3,0.0,0,1
GT-KAD-2310-46PFJ-W,897,STRONG,72500,0.1672,70100.0,1,0
GT-TND-2309-W3SCW-E,730,RELIABLE,34000,0.225,33800.0,1,1
GT-MHD-2104-T95KV-A,766,RELIABLE,28500,0.2161,34300.0,1,0
GT-RJD-2209-C4Y4C-U,841,STRONG,44500,0.1733,45500.0,1,0
GT-TGR-2110-1YJ10-6,646,EMERGING,12500,0.2953,13200.0,1,1
GT-TGD-2212-4FDMW-T,684,RELIABLE,17000,0.2397,0.0,0,1
GT-TND-2210-VF7R3-R,907,PRIME,97500,0.1464,88100.0,1,0
GT-UPD-2112-TMQQP-7,600,EMERGING,19000,0.3,19000.0,1,0
GT-KLW-2401-VSWBR-V,711,RELIABLE,35000,0.2305,33800.0,1,0
GT-RJR-2109-FVRHA-P,744,RELIABLE,25000,0.2213,25600.0,1,0
GT-KLR-2112-592W7-9,796,RELIABLE,37500,0.2102,38500.0,1,0
GT-DLF-2112-THZ4C-U,841,STRONG,62500,0.1733,64300.0,1,0
GT-GJR-2212-KS9XH-3,665,RELIABLE,19500,0.247,22600.0,1,1
GT-GJD-2401-6EC31-9,893,STRONG,84000,0.1676,88400.0,1,0
GT-TNR-2204-YR7X1-R,852,STRONG,75500,0.1719,72300.0,1,0
GT-RJR-2105-QQZNA-P,743,RELIABLE,25000,0.2215,27400.0,1,0
GT-KLR-2202-KTGZQ-X,656,RELIABLE,18500,0.2508,19300.0,1,1
GT-KLD-2207-K6RF9-P,800,STRONG,49000,0.1795,53600.0,1,0
GT-KLC-2401-0FT10-I,818,STRONG,42500,0.1766,36600.0,1,0
GT-MHW-2307-KSZY7-V,641,EMERGING,5500,0.2975,0.0,0,1
GT-MHD-2305-M122K-3,755,RELIABLE,32500,0.2186,28300.0,1,0
GT-GJC-2107-N5RGK-6,919,PRIME,109500,0.1454,129700.0,1,0
GT-UPD-2304-SZ1PC-1,746,RELIABLE,25500,0.2208,28400.0,1,0
GT-TGD-2402-BVY1G-A,706,RELIABLE,35000,0.2321,0.0,0,0
GT-MHD-2212-A9A84-X,695,RELIABLE,20000,0.2358,20200.0,1,0
GT-DLH-2103-0XCKA-Z,853,STRONG,70500,0.1718,68000.0,1,0
GT-MHD-2401-SGGTD-B,771,RELIABLE,36500,0.2151,33700.0,1,0
GT-MHW-2302-0C2AJ-F,902,PRIME,82500,0.1468,91000.0,1,0
GT-MHF-2106-T6FSK-3,789,RELIABLE,30500,0.2115,31500.0,1,0
GT-WBR-2309-S3P8X-2,865,STRONG,71500,0.1704,58100.0,1,0
GT-WBR-2202-83VP5-7,691,RELIABLE,23000,0.2371,22000.0,1,1
GT-TND-2403-3276V-M,789,RELIABLE,31000,0.2115,29100.0,1,0
GT-WBF-2304-THAAN-G,779,RELIABLE,26000,0.2134,19500.0,1,0
GT-GJR-2206-NY1MP-Z,848,STRONG,62500,0.1725,57700.0,1,0
GT-KAR-2305-H1MPB-7,784,RELIABLE,36000,0.2125,38300.0,1,1
GT-DLD-2106-WXRGG-4,742,RELIABLE,32000,0.2218,34300.0,1,1
GT-DLW-2103-ADC1E-V,757,RELIABLE,25000,0.2182,0.0,0,0
GT-KAF-2208-MPHRT-Q,635,EMERGING,8000,0.3,10000.0,1,1
GT-MHR-2105-54JN4-0,585,EMERGING,9500,0.3,9100.0,1,0
GT-UPR-2311-YVMBQ-U,600,EMERGING,21000,0.3,22500.0,1,0
GT-RJD-2305-EC7DD-T,758,RELIABLE,30500,0.2179,28900.0,1,0
GT-MHR-2210-F3M17-T,734,RELIABLE,25000,0.2239,18300.0,1,0
GT-UPD-2106-54GES-R,600,EMERGING,22500,0.3,25600.0,1,0
GT-DLF-2104-AE995-Q,892,STRONG,75500,0.1677,74600.0,1,1
GT-MHD-2204-7DTP5-D,815,STRONG,45000,0.1771,44000.0,1,0
GT-DLD-2206-T4EEP-C,922,PRIME,130500,0.1452,121100.0,1,0
GT-KLD-2204-N5RR7-F,789,RELIABLE,42500,0.2115,35600.0,1,0
GT-TND-2102-PRK70-R,776,RELIABLE,31000,0.214,37800.0,1,0
GT-UPR-2205-SHSTD-G,820,STRONG,47500,0.1763,44300.0,1,0
GT-TGF-2202-D7AYW-D,520,EMERGING,12500,0.3,0.0,0,1
GT-TGR-2209-PHAHW-C,842,STRONG,54500,0.1732,51100.0,1,0
GT-RJR-2102-W9511-Q,564,EMERGING,8500,0.3,0.0,0,1
GT-KLR-2304-2868R-P,728,RELIABLE,23000,0.2256,22300.0,1,0
GT-GJF-2311-BJ6M4-E,718,RELIABLE,24500,0.2284,22600.0,1,0
GT-RJC-2106-FKJK0-F,600,EMERGING,12500,0.3,13800.0,1,0
GT-MHW-2207-SZQPX-J,690,RELIABLE,25500,0.2375,23000.0,1,0
GT-KLW-2204-ZWJ43-S,882,STRONG,72500,0.1687,66800.0,1,0
GT-MHC-2211-EHP33-V,834,STRONG,64500,0.1743,61600.0,1,0
GT-MHC-2202-CXTP4-O,737,RELIABLE,29500,0.2231,30100.0,1,1
GT-RJR-2302-WHNSG-U,759,RELIABLE,29000,0.2177,36500.0,1,0
GT-TGF-2404-SR6DF-M,683,RELIABLE,23000,0.24,22300.0,1,0
GT-DLW-2204-Y7R45-6,783,RELIABLE,34000,0.2127,35800.0,1,0
GT-KAD-2301-29M2Q-3,680,RELIABLE,24000,0.2411,21700.0,1,0
GT-DLR-2106-44C6G-9,576,EMERGING,6500,0.3,7600.0,1,1
GT-RJC-2304-1RADK-L,773,RELIABLE,23500,0.2146,22600.0,1,1
GT-KAR-2304-P9A4N-4,794,RELIABLE,40500,0.2106,34900.0,1,0
GT-KLD-2212-K5BSD-5,844,STRONG,74000,0.1729,61000.0,1,0
GT-UPR-2306-XDNCJ-M,743,RELIABLE,19500,0.2215,0.0,0,0
GT-DLD-2105-XSSBH-9,600,EMERGING,14500,0.3,10800.0,1,0
GT-UPR-2107-0T6HH-1,872,STRONG,55500,0.1697,58300.0,1,0
GT-WBR-2109-1G3H7-R,782,RELIABLE,42500,0.2128,0.0,0,0
GT-TNR-2110-0AMH9-D,825,STRONG,50000,0.1755,50300.0,1,0
GT-WBR-2107-F3CYR-A,749,RELIABLE,40000,0.22,39000.0,1,1
GT-KAD-2404-T5VB0-A,783,RELIABLE,29500,0.2127,29600.0,1,0
GT-RJR-2101-9XSFS-6,592,EMERGING,8500,0.3,6800.0,1,0
GT-UPD-2109-WT7VN-R,600,EMERGING,13000,0.3,11100.0,1,0
GT-MHR-2106-HE94W-K,682,RELIABLE,20500,0.2404,22800.0,1,0
GT-KAF-2107-Q3KBJ-Z,728,RELIABLE,31000,0.2256,27200.0,1,1
GT-TGD-2109-R321Q-9,843,STRONG,65500,0.1731,71400.0,1,0
GT-TGC-2302-887P1-U,718,RELIABLE,21000,0.2284,20700.0,1,0
GT-UPF-2204-5BM4N-Q,809,STRONG,56500,0.178,63300.0,1,1
GT-RJD-2101-2KMJ5-U,936,PRIME,132500,0.1442,146400.0,1,0
GT-KAR-2403-QYVNH-0,712,RELIABLE,30000,0.2302,30300.0,1,0
GT-DLD-2111-KZQKJ-K,783,RELIABLE,33500,0.2127,25500.0,1,0
GT-WBD-2205-Y46MH-U,803,STRONG,48500,0.179,45000.0,1,0
GT-TNC-2204-KJPEM-H,698,RELIABLE,20000,0.2347,26300.0,1,0
GT-KLF-2201-01P67-K,781,RELIABLE,37500,0.213,35100.0,1,0
GT-GJW-2111-N238T-W,866,STRONG,51000,0.1703,52000.0,1,0
GT-TNF-2303-XZSJW-D,728,RELIABLE,28000,0.2256,30600.0,1,1
GT-GJC-2202-HZ90P-0,654,RELIABLE,20500,0.2517,0.0,0,0
GT-TGC-2204-9FQYG-E,676,RELIABLE,25500,0.2427,19800.0,1,1
GT-TGD-2203-SN3Y5-0,829,STRONG,51500,0.175,46700.0,1,0
GT-UPD-2206-3N6MC-K,875,STRONG,79500,0.1693,96300.0,1,0
GT-TGR-2110-AAFZN-C,716,RELIABLE,26500,0.229,24900.0,1,0
GT-GJR-2310-DCEHX-8,591,EMERGING,9500,0.3,10600.0,1,1
GT-TGR-2201-MYERP-5,600,EMERGING,11500,0.3,10200.0,1,0
GT-WBD-2304-R1751-M,786,RELIABLE,31500,0.2121,28700.0,1,0
GT-TGW-2105-YPDN2-Z,753,RELIABLE,21500,0.2191,23200.0,1,0
GT-WBD-2102-Y8WRW-D,812,STRONG,39000,0.1775,42700.0,1,0
GT-TNW-2402-P6HN2-D,722,RELIABLE,25000,0.2272,0.0,0,0
GT-MHR-2303-DADTA-9,886,STRONG,56000,0.1683,63300.0,1,0
GT-DLD-2311-VT40E-6,781,RELIABLE,33500,0.213,32000.0,1,1
GT-TNC-2203-D554Z-0,806,STRONG,43000,0.1785,42100.0,1,0
GT-TNR-2108-789T1-Q,788,RELIABLE,34000,0.2117,32700.0,1,0
GT-TGW-2312-XQHNX-0,786,RELIABLE,39000,0.2121,38500.0,1,0
GT-TGC-2201-8G46X-K,776,RELIABLE,32500,0.214,39000.0,1,0
GT-DLD-2102-MN7BV-H,691,RELIABLE,21000,0.2371,19700.0,1,0
GT-TND-2311-HTJK1-Q,600,EMERGING,17500,0.3,18700.0,1,1
GT-DLD-2310-H4D3D-6,819,STRONG,64500,0.1764,67600.0,1,0
GT-WBD-2305-MY3P0-O,848,STRONG,59500,0.1725,57000.0,1,0
GT-TGH-2311-ZA4ER-3,781,RELIABLE,29000,0.213,29100.0,1,0
GT-GJW-2307-18YZS-D,689,RELIABLE,21500,0.2379,14900.0,1,0
GT-TGR-2309-T5AKT-I,683,RELIABLE,18500,0.24,16500.0,1,0
GT-KLF-2305-R2NVK-J,674,RELIABLE,21000,0.2434,21200.0,1,0
GT-TGC-2308-530J4-D,809,STRONG,55500,0.178,42400.0,1,0
GT-GJD-2105-NAZ39-M,732,RELIABLE,34500,0.2244,34500.0,1,0
GT-TGD-2105-GPVPH-M,642,EMERGING,10000,0.2971,0.0,0,0
GT-UPW-2108-Q0R2S-S,657,RELIABLE,16000,0.2503,18300.0,1,0
GT-WBW-2101-XYAN1-B,570,EMERGING,6500,0.3,0.0,0,0
GT-KAD-2209-YD2W1-P,540,EMERGING,7500,0.3,0.0,0,1
GT-UPR-2105-6K2Y5-F,722,RELIABLE,29500,0.2272,32200.0,1,0
GT-UPD-2109-DW85M-H,904,PRIME,85000,0.1466,80400.0,1,0
GT-TGF-2207-C5GBK-B,874,STRONG,69000,0.1695,54000.0,1,0
GT-WBF-2403-703PT-T,692,RELIABLE,28500,0.2368,26900.0,1,0
GT-KAD-2111-VF5AJ-F,786,RELIABLE,34000,0.2121,31000.0,1,0
GT-RJW-2310-FJSBF-V,660,RELIABLE,23500,0.2491,24400.0,1,1
GT-UPR-2101-3GBFK-Z,600,EMERGING,10000,0.3,0.0,0,0
GT-KLF-2305-X1QZQ-M,520,EMERGING,11000,0.3,0.0,0,1
GT-WBF-2203-WN81G-Y,745,RELIABLE,18000,0.2211,18700.0,1,0
GT-DLR-2305-KB3C2-8,801,STRONG,40000,0.1794,44200.0,1,1
GT-DLD-2305-Z6GPM-P,680,RELIABLE,25000,0.2411,0.0,0,0
GT-KLD-2302-8B236-A,791,RELIABLE,37500,0.2112,33200.0,1,0
GT-KAW-2210-D4S4T-J,520,EMERGING,15500,0.3,0.0,0,1
GT-GJF-2104-4CYAE-7,712,RELIABLE,28500,0.2302,28300.0,1,1
GT-KAD-2402-ABSMH-6,668,RELIABLE,22000,0.2458,0.0,0,0
GT-UPH-2310-A51Q9-Z,633,EMERGING,6000,0.3,6100.0,1,0
GT-WBW-2304-GQ8KW-T,600,EMERGING,10000,0.3,0.0,0,0
GT-TGD-2308-6GVBY-P,600,EMERGING,15000,0.3,13400.0,1,0
GT-UPD-2204-XG806-Y,600,EMERGING,10500,0.3,0.0,0,0
GT-TNR-2308-KJD0K-4,520,EMERGING,9500,0.3,0.0,0,0
GT-WBD-2110-HZQ8T-M,809,STRONG,40000,0.178,31000.0,1,0
GT-RJH-2212-VCQ3G-T,703,RELIABLE,24000,0.2331,0.0,0,1
GT-TGF-2212-0CA8G-J,891,STRONG,71000,0.1678,49500.0,1,0
GT-KAD-2209-WFQAB-G,750,RELIABLE,22000,0.2198,21500.0,1,0
GT-KLR-2104-TDWAS-I,810,STRONG,44500,0.1779,35800.0,1,0
GT-WBD-2212-XW3AF-R,600,EMERGING,27500,0.3,26800.0,1,0
GT-TGR-2201-QZAZ3-5,731,RELIABLE,27000,0.2247,27700.0,1,1
GT-KAD-2207-FMJZW-S,600,EMERGING,14500,0.3,0.0,0,0
GT-KAW-2207-V8YP3-T,747,RELIABLE,32000,0.2205,32000.0,1,0
GT-DLW-2309-40385-5,788,RELIABLE,24000,0.2117,25100.0,1,0
GT-KLC-2101-F4DZ1-Z,748,RELIABLE,35500,0.2203,45400.0,1,1
GT-UPD-2402-QRK7F-N,654,RELIABLE,28500,0.2517,0.0,0,0
GT-TGR-2311-1JXXJ-R,815,STRONG,48000,0.1771,39000.0,1,0
GT-UPW-2208-XGTGX-5,733,RELIABLE,28500,0.2242,26000.0,1,0
GT-TNR-2303-VW8ZV-Z,778,RELIABLE,36000,0.2136,34900.0,1,0
GT-RJR-2105-GSWA3-5,823,STRONG,57000,0.1758,55900.0,1,0
GT-TNH-2206-AKEQ5-4,835,STRONG,49500,0.1741,54800.0,1,1
GT-UPW-2207-1Q9B0-U,848,STRONG,76000,0.1725,66300.0,1,0
GT-TGC-2308-6X9RN-O,812,STRONG,56000,0.1775,54900.0,1,0
GT-GJR-2111-6F6C7-M,803,STRONG,61500,0.179,61600.0,1,0
GT-MHF-2210-9YDYB-0,884,STRONG,65000,0.1684,79700.0,1,0
GT-KLR-2108-VJ9E4-O,739,RELIABLE,30000,0.2226,24100.0,1,0
GT-DLR-2207-C0M4V-H,732,RELIABLE,23000,0.2244,21300.0,1,0
GT-WBD-2303-660H0-T,847,STRONG,66000,0.1726,71000.0,1,0
GT-GJC-2307-9JBAF-X,756,RELIABLE,25500,0.2184,24400.0,1,0
GT-GJR-2311-KKBVK-2,634,EMERGING,7500,0.3,5400.0,1,1
GT-WBF-2404-PWHNC-4,798,RELIABLE,27500,0.2099,21700.0,1,0
GT-RJC-2312-W1PM2-H,600,EMERGING,23500,0.3,28600.0,1,0
GT-KLW-2202-95H3T-R,678,RELIABLE,18500,0.2419,0.0,0,0
GT-UPD-2103-1FNSB-X,792,RELIABLE,37000,0.211,40400.0,1,0
GT-MHF-2201-C018F-Z,820,STRONG,47000,0.1763,47500.0,1,0
GT-UPR-2108-HA6SW-F,632,EMERGING,8000,0.3,7300.0,1,1
GT-WBD-2205-5HWEB-7,852,STRONG,43500,0.1719,53800.0,1,0
GT-WBD-2206-DMSEX-K,570,EMERGING,7000,0.3,0.0,0,0
GT-KLF-2106-AB18M-2,600,EMERGING,13000,0.3,12000.0,1,1
GT-WBW-2307-07CNB-1,886,STRONG,86000,0.1683,74300.0,1,0
GT-RJH-2312-88TQQ-T,680,RELIABLE,16500,0.2411,14000.0,1,0
GT-GJR-2308-C3BN8-S,748,RELIABLE,27000,0.2203,24500.0,1,0
GT-KAR-2301-65HAJ-2,868,STRONG,72000,0.1701,77100.0,1,0
GT-UPD-2310-7RRM3-M,691,RELIABLE,24000,0.2371,25100.0,1,0
GT-TGH-2103-EWPG1-Y,793,RELIABLE,30500,0.2107,30900.0,1,1
GT-WBC-2107-2TF4Y-Z,520,EMERGING,14500,0.3,0.0,0,0
GT-TNH-2112-M43Z1-J,887,STRONG,72000,0.1682,65800.0,1,0
GT-MHR-2108-3R02R-R,659,RELIABLE,27000,0.2495,25600.0,1,1
GT-UPD-2209-GK2A8-M,755,RELIABLE,25500,0.2186,28600.0,1,1
GT-DLR-2203-JWSCD-R,658,RELIABLE,22000,0.2499,0.0,0,1
GT-KAR-2202-A8M13-M,646,EMERGING,9500,0.2953,8900.0,1,0
GT-TGR-2103-FH524-E,841,STRONG,55000,0.1733,59900.0,1,0
GT-UPD-2105-X4KAZ-O,600,EMERGING,16500,0.3,11700.0,1,0
GT-DLD-2402-C7PSA-4,757,RELIABLE,30500,0.2182,25800.0,1,1
GT-TNR-2105-MCAFM-Z,768,RELIABLE,29000,0.2157,0.0,0,1
GT-TGC-2211-9ZR2P-6,730,RELIABLE,31500,0.225,0.0,0,0
GT-KLW-2403-4GAG7-X,730,RELIABLE,22000,0.225,24900.0,1,0
GT-MHW-2205-ZSM7J-W,679,RELIABLE,15000,0.2415,13400.0,1,0
GT-KLD-2210-JPRQ0-K,733,RELIABLE,31000,0.2242,29700.0,1,0
GT-MHW-2204-HGCS3-7,757,RELIABLE,24500,0.2182,26900.0,1,1
GT-WBR-2211-8P9F6-1,686,RELIABLE,18500,0.2389,21500.0,1,1
GT-RJD-2404-VECJH-4,784,RELIABLE,33000,0.2125,28300.0,1,0
GT-KLR-2109-F4VB4-T,820,STRONG,50000,0.1763,43700.0,1,0
GT-WBD-2208-BR3KC-X,760,RELIABLE,26000,0.2175,28500.0,1,1
GT-TGC-2302-84Z97-H,784,RELIABLE,41500,0.2125,43700.0,1,0
GT-UPC-2310-47EC3-E,950,PRIME,150500,0.1433,164200.0,1,0
GT-KLD-2212-X3G75-8,900,PRIME,110500,0.147,140300.0,1,0
GT-KAF-2401-AZYK2-1,639,EMERGING,11000,0.2985,0.0,0,0
GT-DLR-2207-PYG89-A,689,RELIABLE,26500,0.2379,27800.0,1,1
GT-DLD-2201-PT3Z4-8,685,RELIABLE,21000,0.2393,24000.0,1,1
GT-RJF-2404-Y0Y1D-R,872,STRONG,60000,0.1697,76500.0,1,0
GT-KAW-2403-D0AQD-W,720,RELIABLE,24500,0.2278,25600.0,1,0
GT-MHW-2204-EFAZ6-5,600,EMERGING,14000,0.3,13100.0,1,0
GT-KAD-2309-J1FW5-W,902,PRIME,109000,0.1468,117300.0,1,0
GT-KLR-2208-YDSC8-E,739,RELIABLE,24500,0.2226,26100.0,1,0
GT-KAD-2108-Q5M6Z-3,798,RELIABLE,30500,0.2099,25500.0,1,0
GT-DLD-2103-ZZVQM-4,812,STRONG,43500,0.1775,42700.0,1,0
GT-WBD-2206-N1KZX-F,687,RELIABLE,18000,0.2386,19700.0,1,0
GT-TND-2105-JXTNK-R,839,STRONG,57000,0.1736,67100.0,1,1
GT-KAD-2201-RDCVB-8,675,RELIABLE,25000,0.243,23800.0,1,1
GT-TGR-2104-466PX-Y,874,STRONG,71500,0.1695,67700.0,1,0
GT-UPF-2303-E8WHN-E,680,RELIABLE,20500,0.2411,20200.0,1,0
GT-DLD-2210-ZTGNK-C,600,EMERGING,12500,0.3,0.0,0,0
GT-WBD-2310-F8ZNA-L,710,RELIABLE,15500,0.2308,12600.0,1,1
GT-TGH-2302-NPTRP-P,692,RELIABLE,19000,0.2368,0.0,0,0
GT-DLC-2109-1N37Y-O,681,RELIABLE,16000,0.2407,16600.0,1,0
GT-KAD-2110-E3DYC-2,542,EMERGING,8500,0.3,0.0,0,0
GT-RJR-2106-2B0DG-D,725,RELIABLE,26000,0.2264,26300.0,1,0
GT-KLD-2112-GR1EN-6,600,EMERGING,15000,0.3,9400.0,1,0
GT-WBH-2311-EXCTY-L,820,STRONG,58000,0.1763,67900.0,1,0
GT-RJR-2106-KQT5F-K,764,RELIABLE,35000,0.2166,0.0,0,0
GT-TND-2205-DWJFP-M,707,RELIABLE,31500,0.2318,0.0,0,1
GT-KLW-2106-X47MF-6,740,RELIABLE,28000,0.2223,27200.0,1,0
GT-WBF-2203-N9E2C-P,778,RELIABLE,24500,0.2136,0.0,0,1
GT-RJD-2110-TMR5H-O,879,STRONG,70000,0.169,71600.0,1,0
GT-GJD-2310-M48XH-4,712,RELIABLE,33500,0.2302,35900.0,1,0
GT-KLR-2205-YFT9Y-Z,665,RELIABLE,19000,0.247,18800.0,1,1
GT-WBD-2111-4D9GY-E,673,RELIABLE,15500,0.2438,16400.0,1,0
GT-RJD-2308-4NTHJ-9,520,EMERGING,6000,0.3,0.0,0,1
GT-KLW-2301-TJBFH-X,743,RELIABLE,20500,0.2215,23100.0,1,0
GT-UPW-2211-K1Q21-S,520,EMERGING,22500,0.3,0.0,0,0
GT-TNF-2201-V8292-R,877,STRONG,66500,0.1692,76900.0,1,0
GT-KAF-2306-S21ES-D,875,STRONG,47000,0.1693,55600.0,1,0
GT-TGR-2105-ZZ013-2,919,PRIME,107000,0.1454,95500.0,1,0
GT-GJR-2306-5CPYB-P,803,STRONG,69000,0.179,65100.0,1,0
GT-RJW-2304-TJZHT-N,743,RELIABLE,24000,0.2215,27000.0,1,1
GT-UPD-2403-F364W-U,676,RELIABLE,28000,0.2427,27900.0,1,0
GT-GJD-2112-JGEDE-C,768,RELIABLE,28500,0.2157,28100.0,1,0
GT-WBD-2102-4WP5F-D,816,STRONG,59000,0.1769,56800.0,1,0
GT-KLW-2403-5N1N2-9,813,STRONG,46000,0.1774,57600.0,1,0
GT-DLF-2310-D5EPD-N,631,EMERGING,9000,0.3,6900.0,1,1
GT-UPR-2312-0KRK3-T,768,RELIABLE,28000,0.2157,29900.0,1,0
GT-WBR-2110-6AWCY-T,772,RELIABLE,26500,0.2149,0.0,0,1
GT-WBW-2302-FC9FS-M,763,RELIABLE,33000,0.2168,26700.0,1,0
GT-TND-2204-KJ06N-1,640,EMERGING,10500,0.298,10100.0,1,0
GT-GJR-2111-XVBCN-G,891,STRONG,78000,0.1678,81900.0,1,0
GT-KLW-2204-8AMRA-Q,909,PRIME,84500,0.1462,78200.0,1,0
GT-TGF-2101-T2HNG-H,701,RELIABLE,20000,0.2337,0.0,0,0
GT-MHR-2211-8GANH-C,770,RELIABLE,30500,0.2153,28600.0,1,0
GT-MHD-2101-SFT3Z-5,522,EMERGING,9000,0.3,8500.0,1,1
GT-MHH-2312-2FBDY-6,831,STRONG,55000,0.1747,51700.0,1,0
GT-TGR-2312-WB8Y3-I,624,EMERGING,8500,0.3,10500.0,1,1
GT-KAC-2312-N74QR-7,600,EMERGING,13000,0.3,0.0,0,0
GT-DLW-2402-CSBCX-Y,646,EMERGING,9500,0.2953,8000.0,1,0
GT-GJC-2309-3GH89-C,722,RELIABLE,20500,0.2272,27500.0,1,0
GT-GJD-2301-HSZWM-Z,856,STRONG,75500,0.1714,73400.0,1,0
GT-GJR-2403-K5T87-T,578,EMERGING,6500,0.3,0.0,0,0
GT-GJD-2112-JRQWD-V,737,RELIABLE,25000,0.2231,0.0,0,0
GT-KAD-2304-WQ1Z3-F,695,RELIABLE,28000,0.2358,22900.0,1,0
GT-KLD-2212-4XYCH-7,884,STRONG,50500,0.1684,55000.0,1,0
GT-DLR-2310-2N1KX-5,783,RELIABLE,33000,0.2127,28100.0,1,0
GT-KAR-2308-JN71W-P,654,RELIABLE,16000,0.2517,17500.0,1,0
GT-RJF-2210-J1P1Y-Z,696,RELIABLE,24000,0.2354,0.0,0,1
GT-TGD-2211-99VB6-H,877,STRONG,64000,0.1692,76200.0,1,0
GT-TND-2102-Y6XEH-Z,813,STRONG,35500,0.1774,39400.0,1,1
GT-TNR-2311-R16VR-I,673,RELIABLE,25500,0.2438,21600.0,1,0
GT-WBF-2203-FX1E9-2,600,EMERGING,13000,0.3,15800.0,1,0
GT-WBD-2111-QAR6Y-H,729,RELIABLE,24500,0.2253,22900.0,1,0
GT-KAW-2208-J7MGZ-L,712,RELIABLE,23500,0.2302,21100.0,1,0
GT-MHD-2110-ZXJJT-O,620,EMERGING,8500,0.3,0.0,0,1
GT-KLR-2212-2X869-0,718,RELIABLE,26500,0.2284,25600.0,1,1
GT-TGW-2403-D1YGH-Z,896,STRONG,72500,0.1674,80200.0,1,0
GT-KLR-2210-4Y6N6-Q,679,RELIABLE,15500,0.2415,0.0,0,0
GT-GJF-2402-K0HGG-A,748,RELIABLE,30000,0.2203,30000.0,1,1
GT-UPC-2302-RCNXK-V,797,RELIABLE,32500,0.2101,37500.0,1,0
GT-TND-2403-SVE6Q-A,884,STRONG,68500,0.1684,65900.0,1,0
GT-RJR-2302-1H8QM-5,769,RELIABLE,34500,0.2155,33300.0,1,1
GT-GJC-2201-E0RMM-P,881,STRONG,76000,0.1687,66100.0,1,0
GT-UPW-2101-2S94F-A,711,RELIABLE,19500,0.2305,0.0,0,1
GT-DLF-2201-95XG9-B,600,EMERGING,18000,0.3,16700.0,1,0
GT-WBD-2306-8CQAM-X,776,RELIABLE,34500,0.214,34100.0,1,1
GT-TND-2105-MTBPH-V,647,EMERGING,12500,0.2948,15200.0,1,1
GT-KLC-2207-T3AQB-V,765,RELIABLE,24500,0.2164,25900.0,1,0
GT-KLF-2309-ZQ7JZ-Q,818,STRONG,77000,0.1766,87700.0,1,1
GT-TND-2106-JZP3Y-O,692,RELIABLE,21500,0.2368,0.0,0,1
GT-KAD-2110-JXWWP-5,739,RELIABLE,30000,0.2226,29700.0,1,0
GT-DLW-2211-SDBFD-J,809,STRONG,48500,0.178,57500.0,1,0
GT-DLR-2103-NYFG0-V,687,RELIABLE,22500,0.2386,23400.0,1,1
GT-KAH-2209-MVH26-H,855,STRONG,63500,0.1716,72400.0,1,0
GT-KLR-2201-J5MWY-Y,754,RELIABLE,28000,0.2188,22100.0,1,0
GT-TGR-2208-CAW9E-B,752,RELIABLE,21000,0.2193,26900.0,1,0
GT-MHD-2311-9WS40-N,587,EMERGING,9000,0.3,9400.0,1,1
GT-GJR-2111-ZXRRB-N,771,RELIABLE,25000,0.2151,24100.0,1,0
GT-TND-2312-FPAAD-2,600,EMERGING,15000,0.3,12500.0,1,0
GT-MHD-2112-P0CBF-J,870,STRONG,73000,0.1699,81000.0,1,0
GT-TGD-2209-0JM9P-0,600,EMERGING,17500,0.3,0.0,0,0
GT-WBD-2303-HFTG0-C,853,STRONG,69000,0.1718,66400.0,1,0
GT-GJW-2102-VZJS4-I,632,EMERGING,11500,0.3,11600.0,1,1
GT-DLD-2109-NDDQX-N,744,RELIABLE,25500,0.2213,21500.0,1,0
GT-GJR-2104-18WV2-C,831,STRONG,56500,0.1747,48600.0,1,0
GT-UPF-2310-E4FBJ-W,681,RELIABLE,19500,0.2407,0.0,0,0
GT-GJD-2306-QZF19-V,820,STRONG,62500,0.1763,70200.0,1,0
GT-KLR-2312-1EM1F-K,799,RELIABLE,37500,0.2097,39700.0,1,0
GT-KLC-2401-5MX17-F,767,RELIABLE,36500,0.2159,37500.0,1,0
GT-TGF-2106-Y7FD0-7,728,RELIABLE,25500,0.2256,0.0,0,0
GT-TNR-2105-CFCCE-X,711,RELIABLE,23000,0.2305,29000.0,1,0
GT-TGW-2205-9B300-2,880,STRONG,80000,0.1689,85700.0,1,0
GT-TGH-2308-ACTX8-G,793,RELIABLE,40000,0.2107,30200.0,1,0
GT-MHW-2303-ER8QV-R,782,RELIABLE,39000,0.2128,37100.0,1,1
GT-KLR-2103-9N5XM-M,520,EMERGING,13500,0.3,0.0,0,0
GT-WBF-2404-T4QXP-4,706,RELIABLE,21000,0.2321,17700.0,1,0
GT-MHR-2310-9VZNR-V,755,RELIABLE,30500,0.2186,0.0,0,0
GT-KLD-2107-Z1XHJ-2,751,RELIABLE,33000,0.2196,35600.0,1,0
GT-KLR-2308-JQVP3-L,818,STRONG,39000,0.1766,38200.0,1,0
GT-WBW-2203-2JCNK-7,727,RELIABLE,26500,0.2258,0.0,0,0
GT-KLD-2302-87JBP-4,619,EMERGING,11500,0.3,11600.0,1,0
GT-KLC-2209-6QP5D-3,771,RELIABLE,30000,0.2151,29400.0,1,1
GT-KLH-2305-FYJWC-Y,596,EMERGING,9500,0.3,9700.0,1,0
GT-KLD-2209-AE2H5-L,723,RELIABLE,27500,0.2269,28000.0,1,1
GT-KAD-2112-26Y3T-A,600,EMERGING,16000,0.3,0.0,0,0
GT-KAH-2209-VF027-B,798,RELIABLE,38000,0.2099,40900.0,1,0
GT-WBD-2104-AF1XM-M,889,STRONG,69500,0.168,60600.0,1,0
GT-UPW-2210-0VKWK-J,592,EMERGING,9500,0.3,0.0,0,0
GT-RJD-2206-ZF533-H,914,PRIME,81500,0.1459,90000.0,1,0
GT-GJD-2206-8AY4Y-1,771,RELIABLE,35500,0.2151,34800.0,1,0
GT-TND-2402-X5F0P-X,806,STRONG,39500,0.1785,34600.0,1,0
GT-KLD-2201-2XMQ7-8,666,RELIABLE,16000,0.2466,0.0,0,1
GT-WBC-2403-766D6-7,838,STRONG,77000,0.1737,71300.0,1,0
GT-GJD-2104-0MC1K-C,769,RELIABLE,22500,0.2155,22000.0,1,0
GT-DLD-2102-A6TNM-K,758,RELIABLE,33000,0.2179,38400.0,1,0
GT-UPF-2105-VGSTP-Z,622,EMERGING,13000,0.3,0.0,0,1
GT-MHH-2203-GJQAC-T,796,RELIABLE,33500,0.2102,33000.0,1,0
GT-RJR-2211-DA4CC-V,793,RELIABLE,41000,0.2107,41600.0,1,0
GT-RJW-2207-ZTXM8-5,520,EMERGING,12000,0.3,0.0,0,1
GT-GJD-2102-NJGS7-Y,837,STRONG,60000,0.1738,62500.0,1,0
GT-KLW-2211-57QPK-9,876,STRONG,64500,0.1693,81100.0,1,0
GT-KLW-2203-693SM-9,680,RELIABLE,22000,0.2411,22100.0,1,1
GT-KAC-2106-PCP8Q-B,876,STRONG,82000,0.1693,91300.0,1,0
GT-DLF-2205-4T2H6-P,600,EMERGING,17000,0.3,0.0,0,1
GT-MHH-2208-D6WRD-C,789,RELIABLE,30500,0.2115,32300.0,1,0
GT-TNR-2206-4S1C2-8,600,EMERGING,12000,0.3,0.0,0,0
GT-WBW-2303-KB7F6-O,755,RELIABLE,30500,0.2186,38400.0,1,1
GT-MHW-2108-60660-A,513,EMERGING,5000,0.3,0.0,0,1
GT-KAD-2304-HV6V2-1,727,RELIABLE,23500,0.2258,23100.0,1,0
GT-GJC-2302-RPPQR-X,624,EMERGING,12000,0.3,10500.0,1,0
GT-GJW-2206-2NNYF-C,857,STRONG,49500,0.1713,57200.0,1,0
GT-TNC-2212-18D5W-9,876,STRONG,61000,0.1693,59600.0,1,0
GT-UPR-2109-00HCC-L,813,STRONG,62500,0.1774,61000.0,1,0
GT-WBC-2309-9231H-Y,782,RELIABLE,31000,0.2128,32100.0,1,0
GT-TGD-2111-GRCGC-8,690,RELIABLE,25000,0.2375,29900.0,1,1
GT-KAH-2112-D7249-G,666,RELIABLE,19500,0.2466,0.0,0,0
GT-UPD-2308-75E6M-6,940,PRIME,128000,0.144,153200.0,1,0
GT-GJF-2306-CYAPD-1,704,RELIABLE,19000,0.2328,19300.0,1,0
GT-MHD-2305-0VA1D-I,560,EMERGING,8500,0.3,0.0,0,1
GT-MHF-2309-00B75-F,836,STRONG,57500,0.174,50200.0,1,0
GT-TNR-2309-YGNYC-C,875,STRONG,62000,0.1693,68200.0,1,0
GT-MHC-2105-C7M36-8,874,STRONG,64000,0.1695,69100.0,1,0
GT-RJC-2403-69FSM-0,835,STRONG,77500,0.1741,95300.0,1,0
GT-KLR-2310-GM87H-3,833,STRONG,44500,0.1744,53700.0,1,1
GT-KAW-2203-3Q86W-D,600,EMERGING,11000,0.3,0.0,0,0
GT-DLF-2310-ZA2GD-6,569,EMERGING,7500,0.3,6200.0,1,1
GT-DLR-2109-EV780-Z,761,RELIABLE,30000,0.2173,35900.0,1,0
GT-KLR-2302-2QMMN-6,772,RELIABLE,41000,0.2149,47100.0,1,0
GT-GJD-2304-CKJ8M-Y,600,EMERGING,14500,0.3,13700.0,1,0
GT-KLD-2107-19BH0-3,717,RELIABLE,22000,0.2287,20800.0,1,1
GT-DLR-2203-AZY6Z-S,687,RELIABLE,21500,0.2386,23200.0,1,0
GT-KAR-2101-WN0DE-B,671,RELIABLE,23000,0.2446,16400.0,1,0
GT-TGR-2403-TT88B-G,927,PRIME,91500,0.1448,96800.0,1,0
GT-RJH-2106-VTE81-P,906,PRIME,104500,0.1465,109100.0,1,0
GT-RJD-2401-ET2DA-V,759,RELIABLE,19000,0.2177,21100.0,1,0
GT-TGC-2112-6JT61-X,753,RELIABLE,23000,0.2191,21100.0,1,0
GT-DLW-2201-63E40-Z,681,RELIABLE,20500,0.2407,16600.0,1,0
GT-KAW-2402-VHK1B-N,818,STRONG,58000,0.1766,51500.0,1,0
GT-TGR-2204-7DZPQ-B,868,STRONG,62000,0.1701,59900.0,1,0
GT-WBD-2110-4FGHG-Z,607,EMERGING,10000,0.3,0.0,0,1
GT-KAC-2101-09W0C-L,807,STRONG,48500,0.1783,49800.0,1,0
GT-KLW-2104-7JWTR-Z,812,STRONG,44500,0.1775,43300.0,1,0
GT-UPW-2210-NQ6T0-E,785,RELIABLE,27500,0.2122,26000.0,1,0
GT-TND-2304-0HPY1-9,898,STRONG,71500,0.1672,64400.0,1,0
GT-TNR-2205-NCDK7-G,951,PRIME,89000,0.1433,80600.0,1,0
GT-TNR-2112-AC32W-W,773,RELIABLE,32500,0.2146,29400.0,1,1
GT-RJF-2105-FYMRJ-J,770,RELIABLE,29500,0.2153,25800.0,1,0
GT-UPW-2112-SMXSX-U,812,STRONG,52000,0.1775,43000.0,1,0
GT-KAD-2205-AGXAC-C,520,EMERGING,12000,0.3,0.0,0,1
GT-TND-2104-4V778-3,796,RELIABLE,31500,0.2102,32800.0,1,0
GT-UPD-2111-YACXY-E,600,EMERGING,22500,0.3,17900.0,1,0
GT-TND-2212-JMDCD-P,755,RELIABLE,28000,0.2186,31600.0,1,0
GT-RJD-2105-29HA7-H,704,RELIABLE,19500,0.2328,17900.0,1,0
GT-WBD-2306-7TY8Y-G,713,RELIABLE,24500,0.2299,25100.0,1,1
GT-UPR-2210-Y7RFW-U,721,RELIABLE,30500,0.2275,28400.0,1,0
GT-WBF-2308-9W2QB-R,683,RELIABLE,23500,0.24,24600.0,1,0
GT-UPW-2107-RP3SQ-T,743,RELIABLE,21000,0.2215,21400.0,1,0
GT-TGR-2201-13FH5-K,766,RELIABLE,29000,0.2161,31900.0,1,0
GT-DLD-2308-1THJT-M,600,EMERGING,19000,0.3,21100.0,1,0
GT-RJW-2108-CNED1-C,672,RELIABLE,25000,0.2442,25300.0,1,1
GT-TGR-2109-D9QHD-G,701,RELIABLE,18000,0.2337,19000.0,1,0
GT-KAD-2206-9F8QN-Q,888,STRONG,75000,0.1681,85900.0,1,0
GT-TNR-2311-877P9-K,744,RELIABLE,29500,0.2213,32800.0,1,0
GT-TGH-2204-67NWT-4,787,RELIABLE,32000,0.2119,32100.0,1,0
GT-DLR-2112-KT1YV-O,724,RELIABLE,25500,0.2266,21600.0,1,0
GT-RJH-2212-SAVEN-1,824,STRONG,43000,0.1757,0.0,0,0
GT-TGD-2107-W8WH1-6,880,STRONG,63000,0.1689,61200.0,1,0
GT-TND-2203-CRQ2R-Q,854,STRONG,72500,0.1717,72000.0,1,0
GT-GJD-2301-PSYGS-O,755,RELIABLE,27500,0.2186,24600.0,1,0
GT-GJW-2111-AP34C-3,726,RELIABLE,34000,0.2261,31600.0,1,1
GT-TGR-2402-KKKWJ-E,907,PRIME,106500,0.1464,128200.0,1,0
GT-KLF-2209-N64V9-A,787,RELIABLE,33000,0.2119,31600.0,1,0
GT-KLH-2210-5MHSC-7,693,RELIABLE,25500,0.2364,28400.0,1,0
GT-TGR-2312-1BAVT-R,877,STRONG,70000,0.1692,82700.0,1,0
GT-UPD-2106-0WPHZ-9,600,EMERGING,11500,0.3,0.0,0,1
GT-KAF-2112-VBHWR-Q,842,STRONG,53000,0.1732,46500.0,1,0
GT-TGD-2110-72RFX-F,904,PRIME,115000,0.1466,0.0,0,0
GT-TGF-2209-SJSPD-A,693,RELIABLE,30000,0.2364,33100.0,1,1
GT-TGC-2102-D8VEQ-5,802,STRONG,44500,0.1792,53200.0,1,0
GT-RJR-2308-1KYQG-S,768,RELIABLE,31000,0.2157,29500.0,1,0
GT-WBD-2106-SRWB8-V,940,PRIME,94500,0.144,108500.0,1,0
GT-TGR-2307-CBRJ3-W,745,RELIABLE,36000,0.2211,35600.0,1,0
GT-TGD-2402-A80VC-A,843,STRONG,70500,0.1731,74000.0,1,0
GT-GJD-2104-ABZAG-S,787,RELIABLE,36500,0.2119,33200.0,1,0
GT-DLR-2201-Z005D-L,640,EMERGING,9000,0.298,7800.0,1,1
GT-DLD-2107-T1XG5-F,719,RELIABLE,24000,0.2281,23900.0,1,0
GT-WBD-2306-QWXK7-J,782,RELIABLE,27500,0.2128,26000.0,1,1
GT-TNF-2312-PH7HT-P,699,RELIABLE,13000,0.2344,11700.0,1,0
GT-GJR-2203-8J1QM-E,787,RELIABLE,26000,0.2119,31000.0,1,0
GT-KLR-2208-6Z058-5,857,STRONG,60500,0.1713,64600.0,1,1
GT-TNH-2311-3HGJZ-1,779,RELIABLE,30500,0.2134,0.0,0,0
GT-WBD-2402-N4V7Z-G,753,RELIABLE,24500,0.2191,26300.0,1,0
GT-DLD-2210-XGYZQ-4,720,RELIABLE,27500,0.2278,36100.0,1,1
GT-UPC-2305-M7PEQ-A,746,RELIABLE,24500,0.2208,24300.0,1,0
GT-DLD-2401-B91R0-3,789,RELIABLE,37000,0.2115,0.0,0,0
GT-WBC-2111-H9FNX-C,837,STRONG,61500,0.1738,49900.0,1,0
GT-TNF-2303-WTYBA-Q,743,RELIABLE,34000,0.2215,39800.0,1,0
GT-UPR-2210-DHZD4-Y,608,EMERGING,10000,0.3,0.0,0,0
GT-DLD-2102-3CNXD-D,701,RELIABLE,19500,0.2337,18000.0,1,0
GT-DLR-2111-V4RVF-B,712,RELIABLE,22000,0.2302,20600.0,1,1
GT-UPW-2110-YBTTP-I,837,STRONG,38500,0.1738,34800.0,1,0
GT-WBD-2302-CEJRA-D,870,STRONG,73000,0.1699,96800.0,1,0
GT-GJW-2305-ZSNZW-C,866,STRONG,51000,0.1703,63400.0,1,0
GT-UPW-2303-ZFSKH-1,734,RELIABLE,29000,0.2239,33100.0,1,0
GT-DLF-2203-F4PN5-F,600,EMERGING,22000,0.3,22900.0,1,0
GT-DLD-2308-T6E8B-6,655,RELIABLE,17000,0.2512,18800.0,1,1
GT-KLW-2404-AEJ37-G,773,RELIABLE,31000,0.2146,28200.0,1,0
GT-MHW-2209-259CH-1,681,RELIABLE,22000,0.2407,23000.0,1,0
GT-GJD-2302-93EHS-D,735,RELIABLE,26500,0.2236,25000.0,1,0
GT-TNC-2401-QVRKN-I,937,PRIME,127500,0.1442,122100.0,1,0
GT-MHD-2304-6G1VJ-X,806,STRONG,43500,0.1785,50500.0,1,0
GT-KLH-2102-FG17T-C,520,EMERGING,13000,0.3,0.0,0,0
GT-RJD-2308-Z9JMJ-B,836,STRONG,40500,0.174,42900.0,1,0
GT-DLD-2102-BVJKF-V,675,RELIABLE,21000,0.243,21300.0,1,0
GT-UPF-2208-QMDHW-S,669,RELIABLE,20500,0.2454,0.0,0,0
GT-UPD-2303-GJ29A-P,898,STRONG,69500,0.1672,62400.0,1,0
GT-WBD-2205-4988C-Y,845,STRONG,67000,0.1728,70600.0,1,0
GT-KLD-2212-Q0HH1-L,600,EMERGING,10000,0.3,11300.0,1,1
GT-DLW-2102-ZG8MZ-U,600,EMERGING,15500,0.3,0.0,0,1
GT-KAD-2403-4Q6VR-H,731,RELIABLE,20500,0.2247,18400.0,1,0
GT-RJF-2207-2WF9R-P,891,STRONG,79500,0.1678,85500.0,1,0
GT-TNF-2202-FJS69-K,600,EMERGING,19500,0.3,0.0,0,1
GT-MHR-2202-1W1F4-R,540,EMERGING,8000,0.3,0.0,0,1
GT-KLR-2312-WV9GB-W,942,PRIME,97000,0.1438,122500.0,1,0
GT-TGD-2301-XMD2T-R,768,RELIABLE,27500,0.2157,19600.0,1,0
GT-RJH-2403-70SAR-J,743,RELIABLE,30500,0.2215,26300.0,1,0
GT-RJW-2303-EH6GJ-T,849,STRONG,60500,0.1723,59500.0,1,0
GT-TNC-2111-X6KP3-8,794,RELIABLE,41500,0.2106,45000.0,1,1
GT-RJW-2205-EY32K-T,835,STRONG,63500,0.1741,67900.0,1,0
GT-TGW-2204-MX691-9,691,RELIABLE,26500,0.2371,23400.0,1,0
GT-GJH-2210-R5E63-X,612,EMERGING,11000,0.3,0.0,0,0
GT-DLR-2211-BX3E2-6,781,RELIABLE,36500,0.213,32300.0,1,0
GT-KAC-2105-6Z9JP-G,876,STRONG,62000,0.1693,62300.0,1,0
GT-MHD-2205-B4FMW-Q,697,RELIABLE,28500,0.235,0.0,0,1
GT-TND-2107-TQCGS-2,709,RELIABLE,23500,0.2311,22600.0,1,0
GT-WBR-2305-YS8MN-A,819,STRONG,42500,0.1764,45600.0,1,0
GT-RJR-2104-S86X2-X,600,EMERGING,15500,0.3,0.0,0,0
GT-MHR-2309-FEW3W-9,720,RELIABLE,26000,0.2278,28400.0,1,0
GT-UPR-2111-MWPNV-R,710,RELIABLE,23500,0.2308,25000.0,1,0
GT-UPR-2209-H49BR-4,706,RELIABLE,27500,0.2321,27600.0,1,0
GT-RJC-2208-64C28-R,591,EMERGING,11000,0.3,0.0,0,1
GT-RJR-2308-1QZM5-A,729,RELIABLE,28000,0.2253,31900.0,1,1
GT-KAD-2202-SFN82-L,748,RELIABLE,37500,0.2203,40800.0,1,0
GT-DLF-2108-R9V78-F,791,RELIABLE,36000,0.2112,39800.0,1,0
GT-KLF-2306-JS2R0-O,829,STRONG,51000,0.175,40800.0,1,0
GT-GJW-2210-5RMX5-T,876,STRONG,55000,0.1693,59500.0,1,0
GT-DLD-2106-57CQY-X,880,STRONG,66000,0.1689,79800.0,1,0
GT-KLD-2103-HD4XX-A,825,STRONG,64500,0.1755,66100.0,1,0
GT-TNH-2311-RD6VF-5,773,RELIABLE,28000,0.2146,34800.0,1,0
GT-DLD-2109-3GHMM-7,791,RELIABLE,28500,0.2112,25800.0,1,1
GT-RJF-2112-KB5EF-H,760,RELIABLE,34500,0.2175,30800.0,1,0
GT-KLD-2106-QQAXT-7,809,STRONG,38500,0.178,36600.0,1,0
GT-TGR-2306-MJ8KC-O,847,STRONG,56500,0.1726,52100.0,1,0
GT-GJW-2311-JYFKJ-Q,600,EMERGING,21000,0.3,20800.0,1,0
GT-GJR-2303-B7TK2-9,761,RELIABLE,32000,0.2173,0.0,0,1
GT-DLD-2210-RVZEG-5,600,EMERGING,17000,0.3,20900.0,1,0
GT-WBW-2206-VB6DX-L,858,STRONG,51500,0.1712,48900.0,1,0
GT-KAD-2105-308SJ-P,857,STRONG,41500,0.1713,37400.0,1,0
GT-RJD-2205-R1GEM-C,744,RELIABLE,20000,0.2213,19700.0,1,0
GT-RJR-2210-NZR1C-M,691,RELIABLE,27000,0.2371,21100.0,1,1
GT-MHR-2204-DG7NX-A,670,RELIABLE,20500,0.245,18300.0,1,0
GT-GJF-2309-X05TP-6,690,RELIABLE,27000,0.2375,24000.0,1,0
GT-KAR-2103-E6QRR-5,786,RELIABLE,39500,0.2121,45900.0,1,0
GT-KAR-2302-BXTX3-K,782,RELIABLE,29000,0.2128,27800.0,1,1
GT-GJR-2201-F2ZPA-C,600,EMERGING,11500,0.3,0.0,0,0
GT-UPC-2201-D5K5R-H,732,RELIABLE,21000,0.2244,0.0,0,0
GT-RJD-2309-0YEG6-S,805,STRONG,44500,0.1787,50200.0,1,0
GT-TNH-2402-11346-D,686,RELIABLE,21000,0.2389,18500.0,1,0
GT-KLR-2201-RNPJK-Z,802,STRONG,44000,0.1792,49100.0,1,0
GT-WBR-2310-CY6X3-E,682,RELIABLE,18000,0.2404,19800.0,1,0
GT-TNW-2403-SKX4R-Z,703,RELIABLE,16500,0.2331,0.0,0,0
GT-TNR-2101-GP7ZF-4,785,RELIABLE,46500,0.2122,51300.0,1,1
GT-UPF-2106-NAM0A-K,800,STRONG,46000,0.1795,48800.0,1,0
GT-TNC-2211-XWX2C-W,730,RELIABLE,21500,0.225,0.0,0,1
GT-TNC-2210-ZKQGP-E,600,EMERGING,17000,0.3,17500.0,1,0
GT-TNR-2202-JT3RN-Q,787,RELIABLE,41000,0.2119,51400.0,1,0
GT-TNF-2306-NSRZM-7,631,EMERGING,13500,0.3,0.0,0,1
GT-TNR-2202-FRGX3-A,668,RELIABLE,17500,0.2458,0.0,0,1
GT-KAW-2208-8RR48-9,665,RELIABLE,18500,0.247,18900.0,1,1
GT-RJD-2111-1T103-F,746,RELIABLE,32000,0.2208,0.0,0,0
GT-DLD-2208-DQCCJ-3,596,EMERGING,9000,0.3,0.0,0,1
GT-TGR-2207-V55NJ-8,724,RELIABLE,33000,0.2266,0.0,0,0
GT-MHD-2302-8HJ67-7,907,PRIME,94000,0.1464,95100.0,1,0
GT-WBW-2202-6WM9D-V,627,EMERGING,12000,0.3,0.0,0,1
GT-DLD-2104-CY4R1-4,768,RELIABLE,32000,0.2157,35700.0,1,1
GT-MHD-2402-YK84N-E,931,PRIME,85500,0.1446,83500.0,1,0
GT-DLF-2105-6XPQ4-2,824,STRONG,53000,0.1757,55400.0,1,1
GT-KLR-2303-72GM2-3,690,RELIABLE,30000,0.2375,32300.0,1,0
GT-RJH-2104-TK8J8-R,754,RELIABLE,22500,0.2188,24700.0,1,0
GT-UPD-2204-7HDHJ-W,735,RELIABLE,28000,0.2236,31000.0,1,0
GT-DLD-2102-AQ9BZ-R,884,STRONG,77000,0.1684,77700.0,1,0
GT-GJD-2301-2GATZ-X,600,EMERGING,20000,0.3,21400.0,1,0
GT-RJR-2310-SJ1SC-H,670,RELIABLE,12000,0.245,0.0,0,0
GT-GJD-2202-0M5NJ-7,634,EMERGING,12000,0.3,0.0,0,0
GT-RJW-2404-KH14B-H,746,RELIABLE,19500,0.2208,17300.0,1,0
GT-DLD-2105-YGQV9-J,655,RELIABLE,20500,0.2512,0.0,0,0
GT-TGC-2404-RA8M3-J,717,RELIABLE,17500,0.2287,18000.0,1,1
GT-TNR-2203-MA4ZY-6,694,RELIABLE,22000,0.2361,24200.0,1,0
GT-UPF-2112-9NDMT-W,853,STRONG,57500,0.1718,66900.0,1,0
GT-MHD-2305-AQ8AW-V,600,EMERGING,15500,0.3,15700.0,1,0
GT-TND-2308-YFF94-E,786,RELIABLE,44500,0.2121,41900.0,1,0
GT-UPR-2210-QDH5D-2,637,EMERGING,8500,0.2995,8700.0,1,0
GT-KAR-2210-917FG-M,721,RELIABLE,34500,0.2275,36700.0,1,0
GT-DLR-2203-N72SK-U,688,RELIABLE,21000,0.2382,0.0,0,0
GT-UPD-2304-YF7PB-Z,715,RELIABLE,22000,0.2293,20500.0,1,0
GT-DLD-2206-57W0Y-H,949,PRIME,126500,0.1434,82000.0,1,0
GT-GJH-2103-7X5QD-O,841,STRONG,67000,0.1733,72700.0,1,0
GT-TGD-2306-HGWP3-G,776,RELIABLE,23000,0.214,20900.0,1,0
GT-TGD-2210-3WSCG-S,939,PRIME,124500,0.1441,97300.0,1,0
GT-TNR-2201-YGF4A-0,642,EMERGING,9500,0.2971,9700.0,1,1
GT-RJD-2106-RTARR-9,857,STRONG,61000,0.1713,35600.0,1,0
GT-UPR-2107-BX7MQ-L,653,RELIABLE,16500,0.2521,13200.0,1,0
GT-UPF-2210-J336J-G,737,RELIABLE,28000,0.2231,25600.0,1,0
GT-UPF-2306-7W5DV-8,670,RELIABLE,15000,0.245,12600.0,1,0
GT-TGF-2310-60XGY-0,755,RELIABLE,29500,0.2186,33700.0,1,0
GT-MHD-2306-4681C-4,753,RELIABLE,29000,0.2191,28800.0,1,0
GT-KAD-2201-W87YZ-X,728,RELIABLE,25500,0.2256,27300.0,1,0
GT-TGW-2301-4DXZF-V,795,RELIABLE,36500,0.2104,41600.0,1,0
GT-RJD-2110-SD89S-B,709,RELIABLE,29500,0.2311,28100.0,1,0
GT-TGD-2211-PKJVX-U,818,STRONG,49000,0.1766,34100.0,1,0
GT-KLR-2201-A684N-N,849,STRONG,62000,0.1723,83300.0,1,0
GT-WBF-2307-X7NMP-8,677,RELIABLE,19500,0.2422,0.0,0,1
GT-GJD-2312-CFT40-W,600,EMERGING,9000,0.3,9400.0,1,0
GT-KAC-2110-7SYHD-0,747,RELIABLE,29000,0.2205,0.0,0,0
GT-UPD-2205-VBSM6-F,813,STRONG,46000,0.1774,42300.0,1,0
GT-RJH-2307-FV7HG-S,863,STRONG,66500,0.1707,76200.0,1,0
GT-WBD-2101-PQD3R-F,768,RELIABLE,35000,0.2157,38100.0,1,0
GT-KLW-2305-RAR06-A,723,RELIABLE,24000,0.2269,22500.0,1,0
GT-DLR-2303-1WAA5-A,665,RELIABLE,21000,0.247,25400.0,1,0
GT-TGW-2102-T54EE-Z,801,STRONG,36000,0.1794,34500.0,1,0
GT-KLR-2312-H28WP-D,708,RELIABLE,22500,0.2314,0.0,0,1
GT-GJC-2101-MV298-Z,752,RELIABLE,16500,0.2193,17300.0,1,0
GT-GJW-2104-M0075-J,742,RELIABLE,31500,0.2218,37800.0,1,0
GT-TGF-2209-C3RE4-I,767,RELIABLE,49000,0.2159,54400.0,1,0
GT-WBD-2402-C1JAP-B,675,RELIABLE,20500,0.243,23000.0,1,1
GT-TND-2403-KERAE-1,720,RELIABLE,26500,0.2278,24600.0,1,0
GT-GJH-2304-22CMM-X,752,RELIABLE,38000,0.2193,42900.0,1,0
GT-KAC-2401-NT0K0-K,489,BUILDING,0,0.3,0.0,0,1
GT-WBD-2205-CW8D4-6,712,RELIABLE,22000,0.2302,0.0,0,0
GT-KLD-2101-V4RKD-Z,676,RELIABLE,22000,0.2427,0.0,0,1
GT-KAD-2207-NG86K-L,869,STRONG,59000,0.17,65700.0,1,0
GT-TGD-2401-SYRBF-F,749,RELIABLE,26000,0.22,22500.0,1,0
GT-GJD-2204-GVSWH-L,676,RELIABLE,21000,0.2427,0.0,0,0
GT-KAW-2302-TK5ZJ-5,758,RELIABLE,24500,0.2179,28600.0,1,0
GT-KAD-2310-DQS25-U,738,RELIABLE,29000,0.2229,35100.0,1,1
GT-MHC-2302-3YG9A-Z,600,EMERGING,19000,0.3,14100.0,1,1
GT-DLH-2108-K7RR6-L,738,RELIABLE,20000,0.2229,17400.0,1,0
GT-RJD-2106-JHNGG-8,736,RELIABLE,17500,0.2233,20600.0,1,0
GT-MHR-2205-C9BBV-Q,680,RELIABLE,18000,0.2411,0.0,0,1
GT-GJR-2108-0R1WX-Q,689,RELIABLE,20500,0.2379,21400.0,1,1
GT-TND-2110-PN8S9-H,637,EMERGING,9500,0.2995,0.0,0,0
GT-WBW-2212-95Q12-0,600,EMERGING,18000,0.3,18600.0,1,1
GT-KLR-2109-MSQ6G-H,750,RELIABLE,31000,0.2198,28300.0,1,0
GT-RJD-2310-9BA2E-A,686,RELIABLE,19500,0.2389,0.0,0,0
GT-KAC-2403-JMGZP-7,848,STRONG,72500,0.1725,80600.0,1,0
GT-KAD-2211-EMVG1-K,783,RELIABLE,30500,0.2127,29100.0,1,0
GT-TND-2204-YS1KS-A,842,STRONG,71500,0.1732,67200.0,1,0
GT-RJH-2402-ZYAQP-Q,600,EMERGING,25500,0.3,26600.0,1,0
GT-UPD-2309-VZTTJ-M,793,RELIABLE,28500,0.2107,29600.0,1,0
GT-GJD-2204-B16BX-M,917,PRIME,77500,0.1456,81800.0,1,0
GT-RJD-2306-RSX29-N,704,RELIABLE,28000,0.2328,25500.0,1,0
GT-MHD-2208-JH9E2-2,520,EMERGING,14000,0.3,0.0,0,0
GT-UPR-2403-S2AWD-T,679,RELIABLE,20000,0.2415,0.0,0,1
GT-KLF-2309-ET5FD-B,893,STRONG,52500,0.1676,58400.0,1,0
GT-KLR-2202-J27Y6-E,856,STRONG,50500,0.1714,40500.0,1,0
GT-UPR-2312-R4K3V-0,692,RELIABLE,20000,0.2368,0.0,0,1
GT-GJD-2307-FNGTB-V,669,RELIABLE,23500,0.2454,20100.0,1,0
GT-DLR-2109-ASD6Q-J,744,RELIABLE,25000,0.2213,0.0,0,0
GT-UPH-2209-HXT37-T,871,STRONG,60000,0.1698,56500.0,1,0
GT-DLW-2208-00VPP-8,658,RELIABLE,20500,0.2499,19900.0,1,0
GT-TGW-2206-S30S2-G,613,EMERGING,11000,0.3,8200.0,1,0
GT-MHD-2311-RHWH1-E,893,STRONG,62000,0.1676,63900.0,1,0
GT-TNR-2311-4PWPG-H,759,RELIABLE,32500,0.2177,29300.0,1,0
GT-KAC-2403-S7337-R,776,RELIABLE,40500,0.214,41400.0,1,0
GT-TGC-2203-JB1M0-L,726,RELIABLE,22000,0.2261,17400.0,1,0
GT-KAF-2401-P9MBC-9,799,RELIABLE,30500,0.2097,27100.0,1,0
GT-UPR-2111-A137T-4,604,EMERGING,9500,0.3,9400.0,1,1
GT-GJD-2109-9AG8J-O,715,RELIABLE,20500,0.2293,19500.0,1,0
GT-GJD-2309-NG1XS-A,752,RELIABLE,22000,0.2193,25400.0,1,0
GT-UPD-2109-FTN0V-8,586,EMERGING,8000,0.3,0.0,0,1
GT-UPR-2204-NMR1T-J,741,RELIABLE,27000,0.2221,28500.0,1,0
GT-GJD-2204-F6CZJ-1,750,RELIABLE,31000,0.2198,33700.0,1,1
GT-GJR-2201-JBPNR-H,600,EMERGING,13000,0.3,14300.0,1,0
GT-MHF-2305-XTJZQ-F,755,RELIABLE,26000,0.2186,24500.0,1,0
GT-UPF-2206-4B3HZ-S,703,RELIABLE,25000,0.2331,0.0,0,1
GT-TGR-2303-F5KQA-T,632,EMERGING,12000,0.3,11100.0,1,1
GT-MHD-2106-4PSB9-E,600,EMERGING,17000,0.3,16700.0,1,0
GT-TGR-2108-VATAF-C,681,RELIABLE,24500,0.2407,0.0,0,0
GT-TNH-2305-AQ1RM-O,639,EMERGING,8000,0.2985,8900.0,1,1
GT-MHR-2301-JR6B0-X,776,RELIABLE,29000,0.214,28100.0,1,0
GT-WBC-2109-XZCCS-A,757,RELIABLE,34000,0.2182,35100.0,1,0
GT-RJR-2112-JZ7CH-D,718,RELIABLE,28000,0.2284,30500.0,1,1
GT-KAF-2303-ZJJKA-F,583,EMERGING,8500,0.3,0.0,0,0
GT-MHR-2308-20YS7-0,847,STRONG,58500,0.1726,65600.0,1,0
GT-KLF-2304-9PBE6-X,634,EMERGING,9000,0.3,7500.0,1,1
GT-GJC-2312-NE2Y2-W,759,RELIABLE,25500,0.2177,30400.0,1,0
GT-DLR-2303-M2QDK-2,708,RELIABLE,23500,0.2314,29000.0,1,0
GT-TNW-2202-JFVYE-Q,730,RELIABLE,26000,0.225,29300.0,1,0
GT-KAC-2306-QZBAG-W,823,STRONG,64000,0.1758,69000.0,1,0
GT-RJW-2402-HEF39-6,765,RELIABLE,33000,0.2164,27500.0,1,0
GT-GJD-2204-9RA83-K,866,STRONG,66500,0.1703,61300.0,1,0
GT-DLD-2306-MBJKF-M,752,RELIABLE,19500,0.2193,17400.0,1,0
GT-MHC-2110-PXWR3-S,809,STRONG,46000,0.178,40200.0,1,0
GT-GJW-2206-NCN90-Z,600,EMERGING,8500,0.3,7100.0,1,0
GT-WBH-2102-N23YB-O,600,EMERGING,12000,0.3,0.0,0,1
GT-UPD-2203-MVWTN-1,742,RELIABLE,28000,0.2218,27400.0,1,0
GT-DLW-2307-TW1Z1-H,843,STRONG,72000,0.1731,79700.0,1,0
GT-KLW-2111-XPVWX-0,717,RELIABLE,24000,0.2287,17500.0,1,0
GT-MHC-2311-9DCFS-8,759,RELIABLE,36000,0.2177,33900.0,1,0
GT-MHF-2311-MQW0T-9,775,RELIABLE,29000,0.2142,25800.0,1,0
GT-UPD-2103-EG61X-N,845,STRONG,84500,0.1728,93300.0,1,0
GT-WBF-2311-0Q86C-Q,752,RELIABLE,19000,0.2193,20800.0,1,0
GT-TNF-2110-7A939-G,600,EMERGING,19500,0.3,0.0,0,0
GT-UPD-2206-TW1EE-8,592,EMERGING,9500,0.3,6800.0,1,0
GT-WBD-2208-8PMPE-T,637,EMERGING,9500,0.2995,9800.0,1,1
GT-TGC-2302-11SEQ-4,555,EMERGING,9000,0.3,0.0,0,1
GT-DLD-2401-N5SWM-L,796,RELIABLE,23500,0.2102,28400.0,1,0
GT-UPR-2205-PE00Y-W,794,RELIABLE,34000,0.2106,35000.0,1,0
GT-WBF-2307-KGA8J-6,847,STRONG,53000,0.1726,63900.0,1,0
GT-RJH-2208-1GAPV-Q,600,EMERGING,12500,0.3,12000.0,1,0
GT-TGF-2206-SP22T-E,736,RELIABLE,20500,0.2233,18200.0,1,1
GT-DLD-2207-8GFTJ-1,701,RELIABLE,24000,0.2337,27100.0,1,0
GT-KAD-2201-P6ATC-N,836,STRONG,54000,0.174,46500.0,1,0
GT-DLD-2104-SR29S-H,889,STRONG,69000,0.168,72400.0,1,0
GT-UPD-2302-BQ38M-3,857,STRONG,68500,0.1713,64700.0,1,0
GT-DLW-2104-8466E-E,726,RELIABLE,31500,0.2261,34200.0,1,0
GT-WBR-2111-J8612-O,882,STRONG,62500,0.1687,63500.0,1,0
GT-DLD-2102-8TP46-P,600,EMERGING,19000,0.3,20000.0,1,1
GT-KLC-2401-B2A3T-N,712,RELIABLE,30500,0.2302,30500.0,1,0
GT-KLD-2303-TH5VK-5,742,RELIABLE,20500,0.2218,0.0,0,0
GT-RJD-2111-9DGFB-Q,697,RELIABLE,23500,0.235,22000.0,1,1
GT-UPR-2106-93Q3V-Q,810,STRONG,47500,0.1779,59000.0,1,0
GT-WBD-2109-JB40T-F,600,EMERGING,10500,0.3,0.0,0,1
GT-KAD-2112-WSBND-N,831,STRONG,53000,0.1747,45600.0,1,0
GT-KAH-2204-ENE1F-0,810,STRONG,43500,0.1779,42300.0,1,0
GT-TGC-2201-WCJWK-G,833,STRONG,40000,0.1744,34200.0,1,0
GT-UPW-2301-MT7CJ-P,594,EMERGING,10000,0.3,9300.0,1,0
GT-MHF-2110-1V64B-S,901,PRIME,92000,0.1469,103300.0,1,0
GT-WBD-2107-ATYDE-B,657,RELIABLE,16000,0.2503,15000.0,1,1
GT-KLW-2312-YPZWG-M,663,RELIABLE,25000,0.2478,23900.0,1,1
GT-RJR-2207-69FA4-2,788,RELIABLE,32000,0.2117,32300.0,1,0
GT-WBD-2112-MH10K-W,834,STRONG,44000,0.1743,46300.0,1,0
GT-WBD-2204-Q82JS-V,778,RELIABLE,31500,0.2136,31100.0,1,0
GT-KAR-2308-JG4FF-N,733,RELIABLE,26000,0.2242,24500.0,1,0
GT-KAD-2304-AGJJ1-H,668,RELIABLE,23000,0.2458,30600.0,1,1
GT-TND-2107-1R5TQ-R,664,RELIABLE,19500,0.2474,21200.0,1,0
GT-RJD-2308-YRDCP-6,867,STRONG,74000,0.1702,90200.0,1,0
GT-KAR-2305-MC97C-S,813,STRONG,40000,0.1774,37600.0,1,0
GT-UPD-2301-95XM3-T,893,STRONG,72500,0.1676,65400.0,1,0
GT-DLR-2110-0KWMS-V,753,RELIABLE,29500,0.2191,31000.0,1,0
GT-KAD-2108-FDSG6-J,590,EMERGING,7500,0.3,0.0,0,1
GT-KAF-2306-CGGPZ-D,657,RELIABLE,14500,0.2503,0.0,0,0
GT-GJD-2304-X99NH-J,791,RELIABLE,31500,0.2112,24500.0,1,0
GT-KAR-2109-6NCA1-P,724,RELIABLE,24000,0.2266,20700.0,1,0
GT-WBF-2208-D0M0D-X,719,RELIABLE,22500,0.2281,15400.0,1,0
GT-KLF-2209-3DGFF-O,686,RELIABLE,19000,0.2389,20200.0,1,0
GT-WBD-2403-N0V9J-D,820,STRONG,44500,0.1763,50800.0,1,1
GT-TNR-2108-86GDE-2,600,EMERGING,19500,0.3,0.0,0,0
GT-RJW-2205-WV75P-A,774,RELIABLE,27500,0.2145,29200.0,1,0
GT-KAD-2205-RR18A-1,752,RELIABLE,31000,0.2193,39000.0,1,0
GT-DLR-2104-DBBFD-L,771,RELIABLE,42000,0.2151,48900.0,1,1
GT-MHR-2204-9JQZ3-P,600,EMERGING,17500,0.3,0.0,0,1
GT-KAC-2112-X6MS0-6,751,RELIABLE,21000,0.2196,21100.0,1,0
GT-KLR-2209-2HQXC-D,537,EMERGING,7500,0.3,0.0,0,1
GT-DLH-2305-3F981-7,623,EMERGING,8000,0.3,6600.0,1,1
GT-KAF-2210-J3NYS-6,756,RELIABLE,35000,0.2184,34600.0,1,0
GT-KLR-2201-XES11-B,936,PRIME,110000,0.1442,107700.0,1,0
GT-KLD-2304-Q1NJR-N,604,EMERGING,7500,0.3,0.0,0,1
GT-DLF-2109-WD2NA-3,600,EMERGING,8000,0.3,0.0,0,0
GT-TGD-2111-4VZZ0-M,780,RELIABLE,28500,0.2133,26500.0,1,0
GT-GJR-2305-VQC2P-P,861,STRONG,56500,0.1709,57700.0,1,0
GT-TGD-2104-H1HRZ-Z,745,RELIABLE,28000,0.2211,27400.0,1,0
GT-UPF-2201-3CTBT-Z,856,STRONG,56500,0.1714,48000.0,1,0
GT-DLW-2101-S1GF7-0,698,RELIABLE,22000,0.2347,0.0,0,1
GT-RJC-2109-QNP12-P,738,RELIABLE,22000,0.2229,22000.0,1,0
GT-WBD-2311-199NK-7,756,RELIABLE,36500,0.2184,33800.0,1,1
GT-KAC-2209-VD8SQ-9,709,RELIABLE,28500,0.2311,20200.0,1,1
GT-GJC-2102-TP4BH-2,850,STRONG,49500,0.1722,51000.0,1,0
GT-KAC-2103-XFJWM-R,601,EMERGING,10500,0.3,11700.0,1,0
GT-RJW-2303-Q7SCZ-D,829,STRONG,46500,0.175,49200.0,1,0
GT-KLD-2101-NNP2K-3,756,RELIABLE,42500,0.2184,48500.0,1,0
GT-MHC-2103-R6732-J,716,RELIABLE,22500,0.229,20900.0,1,1
GT-WBF-2311-E98V0-E,656,RELIABLE,19000,0.2508,17400.0,1,1
GT-TNW-2203-MRN8Q-O,685,RELIABLE,21000,0.2393,18900.0,1,0
GT-KAD-2402-9FX48-U,861,STRONG,58500,0.1709,52700.0,1,0
GT-GJD-2303-63QEB-V,600,EMERGING,12500,0.3,0.0,0,0
GT-KAD-2203-VAJH2-I,787,RELIABLE,32000,0.2119,24600.0,1,1
GT-KAR-2309-A0Q9T-P,707,RELIABLE,20000,0.2318,25900.0,1,0
GT-RJR-2109-ZGQAA-8,755,RELIABLE,32000,0.2186,29600.0,1,0
GT-DLC-2201-RS3RR-3,650,RELIABLE,15000,0.2534,16100.0,1,0
GT-KLD-2107-13R4B-3,798,RELIABLE,34500,0.2099,33300.0,1,0
GT-WBD-2107-J391W-8,804,STRONG,35000,0.1788,24800.0,1,0
GT-WBD-2403-C93D5-1,766,RELIABLE,28000,0.2161,28900.0,1,0
GT-TGD-2105-BB02Z-N,600,EMERGING,10000,0.3,10500.0,1,0
GT-TNR-2305-MX7W4-2,730,RELIABLE,29500,0.225,0.0,0,0
GT-DLF-2202-C355X-P,600,EMERGING,13000,0.3,0.0,0,0
GT-UPH-2305-ZWJ5K-N,745,RELIABLE,29000,0.2211,25500.0,1,0
GT-GJD-2401-16RG9-3,719,RELIABLE,28000,0.2281,0.0,0,0
GT-KAD-2105-N5C1A-H,680,RELIABLE,34000,0.2411,37300.0,1,0
GT-TNW-2401-AD2DV-J,651,RELIABLE,24500,0.253,22700.0,1,0
GT-RJD-2404-6W5FQ-0,600,EMERGING,18500,0.3,16600.0,1,0
GT-TGF-2310-MXE2D-U,600,EMERGING,13000,0.3,16400.0,1,1
GT-DLF-2304-Y2D56-H,814,STRONG,53500,0.1772,53500.0,1,0
GT-DLC-2303-9YK1A-L,780,RELIABLE,38000,0.2133,27600.0,1,0
GT-MHD-2401-79XGV-2,695,RELIABLE,20500,0.2358,19700.0,1,0
GT-RJH-2402-N0W0N-X,676,RELIABLE,22000,0.2427,27000.0,1,0
GT-TNH-2302-DFCXC-P,623,EMERGING,11000,0.3,0.0,0,0
GT-DLD-2103-85RHV-G,689,RELIABLE,21000,0.2379,20800.0,1,0
GT-KAR-2204-M3F4A-Y,802,STRONG,43500,0.1792,42900.0,1,0
GT-RJR-2212-4MQNT-H,727,RELIABLE,25000,0.2258,27500.0,1,1
GT-TND-2112-ZC55V-Q,706,RELIABLE,16000,0.2321,17600.0,1,0
GT-UPH-2311-BY86B-5,631,EMERGING,8500,0.3,8500.0,1,0
GT-UPD-2208-SSZHM-V,740,RELIABLE,31000,0.2223,26900.0,1,0
GT-TND-2209-WT5JN-B,600,EMERGING,12500,0.3,14400.0,1,0
GT-TGD-2311-7YRFF-H,782,RELIABLE,30500,0.2128,25700.0,1,1
GT-MHF-2110-FFY1V-T,727,RELIABLE,19000,0.2258,16800.0,1,0
GT-GJC-2105-91958-6,639,EMERGING,11500,0.2985,10900.0,1,1
GT-GJF-2206-KWJZ5-A,681,RELIABLE,22500,0.2407,23000.0,1,1
GT-DLF-2106-ZM43H-T,600,EMERGING,8000,0.3,0.0,0,0
GT-MHD-2206-0ZTFT-0,614,EMERGING,12500,0.3,0.0,0,1
GT-TNF-2207-B38MX-F,823,STRONG,49000,0.1758,42500.0,1,0
GT-GJR-2403-B1GMY-A,744,RELIABLE,25500,0.2213,28000.0,1,1
GT-WBR-2310-85P28-X,579,EMERGING,5500,0.3,0.0,0,0
GT-KAF-2108-P8T0S-6,738,RELIABLE,24000,0.2229,0.0,0,0
GT-WBH-2202-RGJS1-U,808,STRONG,60000,0.1782,60300.0,1,0
GT-UPW-2302-T35DD-G,724,RELIABLE,26500,0.2266,20000.0,1,0
GT-MHF-2106-EC8XZ-7,867,STRONG,66500,0.1702,64500.0,1,0
GT-TGR-2304-2C2H0-5,662,RELIABLE,19000,0.2482,0.0,0,1
GT-RJD-2206-GTT4F-4,798,RELIABLE,31500,0.2099,35300.0,1,0
GT-TNR-2301-V71JA-R,866,STRONG,69000,0.1703,74300.0,1,0
GT-KAF-2111-1SXPK-N,811,STRONG,36000,0.1777,0.0,0,0
GT-KLF-2303-44S0F-Q,640,EMERGING,9500,0.298,9300.0,1,1
GT-KAF-2210-A4QG2-H,687,RELIABLE,23000,0.2386,0.0,0,0
GT-KAD-2107-A0F4Q-5,826,STRONG,54000,0.1754,56300.0,1,0
GT-DLD-2102-359T2-3,728,RELIABLE,25000,0.2256,23400.0,1,0
GT-UPD-2112-TNAK7-A,845,STRONG,47000,0.1728,51800.0,1,1
GT-GJF-2208-HT5HR-K,694,RELIABLE,30000,0.2361,31100.0,1,0
GT-DLH-2208-93H5B-8,781,RELIABLE,42000,0.213,40500.0,1,0
GT-KAR-2309-5MFNN-Y,635,EMERGING,13500,0.3,14600.0,1,1
GT-KLF-2302-9GFV4-N,720,RELIABLE,20000,0.2278,21000.0,1,0
GT-KAF-2201-HQFN3-W,695,RELIABLE,20000,0.2358,19300.0,1,0
GT-KLD-2403-GZV0V-5,809,STRONG,50500,0.178,56600.0,1,0
GT-TGD-2311-FB1HN-M,781,RELIABLE,36500,0.213,31600.0,1,0
GT-MHD-2308-8AX73-N,768,RELIABLE,41000,0.2157,45700.0,1,0
GT-TNH-2205-AMTT7-1,690,RELIABLE,18500,0.2375,23100.0,1,1
GT-TND-2309-4VBCP-K,671,RELIABLE,25000,0.2446,21500.0,1,0
GT-MHR-2101-MYWWC-W,600,EMERGING,15500,0.3,15100.0,1,0
GT-TGR-2107-550AB-U,673,RELIABLE,24500,0.2438,24400.0,1,0
GT-GJF-2203-2AH8Q-P,863,STRONG,56000,0.1707,65700.0,1,0
GT-TGD-2102-42ZF1-Y,769,RELIABLE,38000,0.2155,42100.0,1,0
GT-GJH-2211-50AFJ-C,745,RELIABLE,21000,0.2211,23200.0,1,0
GT-KLD-2304-3BT14-5,793,RELIABLE,45000,0.2107,47200.0,1,0
GT-MHC-2306-S008H-X,792,RELIABLE,32000,0.211,39400.0,1,1
GT-UPF-2103-0H7GZ-R,602,EMERGING,8500,0.3,7900.0,1,1
GT-DLR-2104-KCCH2-N,720,RELIABLE,17500,0.2278,16800.0,1,1
GT-KAW-2201-WYD5W-B,876,STRONG,54000,0.1693,55300.0,1,0
GT-TNR-2305-S51DJ-I,802,STRONG,43000,0.1792,37600.0,1,1
GT-TND-2109-095FQ-N,568,EMERGING,9500,0.3,0.0,0,1
GT-KLF-2105-CT3JD-L,801,STRONG,49500,0.1794,50700.0,1,0
GT-TNR-2112-M5DSG-1,720,RELIABLE,23000,0.2278,0.0,0,1
GT-UPR-2107-5B5H0-9,703,RELIABLE,23500,0.2331,24800.0,1,0
GT-KLW-2204-68JPH-Q,666,RELIABLE,22500,0.2466,25200.0,1,1
GT-TNF-2107-HWZ65-T,869,STRONG,71500,0.17,63100.0,1,0
GT-MHR-2209-XQREC-1,588,EMERGING,9000,0.3,8200.0,1,1
GT-KLD-2301-MPK1M-8,677,RELIABLE,22000,0.2422,22200.0,1,0
GT-TGD-2304-DQKJ7-2,761,RELIABLE,23000,0.2173,21500.0,1,1
GT-TGR-2401-CN2W3-R,888,STRONG,70500,0.1681,69400.0,1,0
GT-UPD-2202-K5M8K-7,825,STRONG,42000,0.1755,30200.0,1,0
GT-TND-2208-CW1VW-S,710,RELIABLE,26500,0.2308,27100.0,1,0
GT-WBW-2208-35DAR-B,864,STRONG,68000,0.1705,80000.0,1,0
GT-KLD-2106-DXSM2-K,682,RELIABLE,22500,0.2404,24600.0,1,0
GT-KAD-2111-957CW-2,752,RELIABLE,36500,0.2193,39200.0,1,0
GT-UPC-2103-0XNXE-7,814,STRONG,56000,0.1772,60400.0,1,0
GT-TNF-2401-809CD-5,637,EMERGING,10000,0.2995,0.0,0,1
GT-WBW-2312-AYR6G-5,808,STRONG,34500,0.1782,31100.0,1,0
GT-KLR-2304-M8D07-J,718,RELIABLE,29500,0.2284,25100.0,1,0
GT-GJF-2109-BN41V-C,828,STRONG,49500,0.1751,50600.0,1,1
GT-TGH-2401-RHJ7R-P,618,EMERGING,10500,0.3,12600.0,1,1
GT-KLD-2105-B8J6B-U,745,RELIABLE,34500,0.2211,33200.0,1,0
GT-GJD-2306-5TXTM-O,723,RELIABLE,29000,0.2269,28700.0,1,0
GT-MHD-2308-NFHNK-5,854,STRONG,66000,0.1717,61300.0,1,0
GT-KAC-2303-Q0RK6-B,779,RELIABLE,22500,0.2134,25100.0,1,0
GT-TND-2304-CQBSY-G,897,STRONG,82000,0.1672,65500.0,1,0
GT-UPR-2205-HTG5H-W,757,RELIABLE,26500,0.2182,25900.0,1,0
GT-TGR-2403-2WTGJ-0,764,RELIABLE,27500,0.2166,30500.0,1,0
GT-MHH-2302-3WQ3A-H,833,STRONG,49000,0.1744,41200.0,1,1
GT-KLD-2306-GV59Z-7,805,STRONG,50000,0.1787,44400.0,1,0
GT-MHR-2401-WN5K5-T,824,STRONG,50000,0.1757,48800.0,1,1
GT-KAH-2312-2F87D-5,489,BUILDING,0,0.3,0.0,0,1
GT-TND-2303-DSJ34-A,680,RELIABLE,24500,0.2411,25900.0,1,0
GT-MHF-2311-6A2BT-0,855,STRONG,46500,0.1716,39500.0,1,0
GT-WBD-2107-AXX18-X,674,RELIABLE,19000,0.2434,18000.0,1,0
GT-TGD-2305-H0ASB-N,796,RELIABLE,24500,0.2102,21000.0,1,0
GT-KLD-2101-D2DSX-I,793,RELIABLE,27000,0.2107,26300.0,1,0
GT-MHD-2301-TMYJ0-3,600,EMERGING,9000,0.3,9600.0,1,0
GT-DLD-2306-6EK3D-Z,607,EMERGING,9000,0.3,9500.0,1,1
GT-GJW-2205-4AQWK-7,716,RELIABLE,23500,0.229,20200.0,1,0
GT-GJR-2104-3D7NP-F,889,STRONG,61500,0.168,55900.0,1,0
GT-TNR-2204-PFM15-E,645,EMERGING,6500,0.2957,5700.0,1,0
GT-KLF-2206-VHA6M-8,649,EMERGING,8500,0.2939,8200.0,1,0
GT-RJH-2309-DESEG-7,707,RELIABLE,17000,0.2318,18600.0,1,0
GT-GJD-2104-GJ5W8-R,861,STRONG,55000,0.1709,57100.0,1,1
GT-UPD-2111-SBHHM-J,771,RELIABLE,34500,0.2151,38100.0,1,0
GT-WBD-2105-8PX01-Q,700,RELIABLE,18500,0.2341,16400.0,1,0
GT-TGC-2309-2XZWW-R,839,STRONG,45000,0.1736,43300.0,1,0
GT-WBC-2308-VVS14-8,808,STRONG,37500,0.1782,48200.0,1,0
GT-RJR-2211-25FD1-L,729,RELIABLE,24500,0.2253,28500.0,1,0
GT-KAD-2105-KK0NX-Z,641,EMERGING,7000,0.2975,6700.0,1,1
GT-MHR-2305-W8SJH-7,828,STRONG,42000,0.1751,36600.0,1,0
GT-TGF-2112-9DD54-M,749,RELIABLE,30500,0.22,28500.0,1,0
GT-WBD-2108-VHW4N-9,686,RELIABLE,23000,0.2389,0.0,0,1
GT-MHD-2403-5Z6ZG-9,584,EMERGING,9000,0.3,0.0,0,1
GT-GJD-2105-62735-M,600,EMERGING,10000,0.3,8700.0,1,1
GT-KAF-2109-XEB4J-Y,675,RELIABLE,27000,0.243,25700.0,1,0
GT-DLH-2109-TW67Z-H,666,RELIABLE,13000,0.2466,0.0,0,1
GT-TGD-2203-NE8VR-3,621,EMERGING,10000,0.3,9500.0,1,0
GT-KAC-2202-AB0FP-K,669,RELIABLE,19500,0.2454,16100.0,1,1
GT-GJR-2310-RWCYG-H,721,RELIABLE,33500,0.2275,30600.0,1,0
GT-WBF-2404-Q11WK-3,919,PRIME,103500,0.1454,99000.0,1,0
GT-WBC-2105-BE34D-T,600,EMERGING,17000,0.3,0.0,0,0
GT-WBR-2206-6KGFS-K,724,RELIABLE,29000,0.2266,0.0,0,0
GT-GJD-2108-9YJGF-V,600,EMERGING,17000,0.3,17900.0,1,0
GT-GJD-2103-9KQW0-E,759,RELIABLE,28500,0.2177,30600.0,1,0
GT-GJW-2404-JTDNX-2,753,RELIABLE,25000,0.2191,30000.0,1,0
GT-DLR-2403-QJ8AE-T,774,RELIABLE,30000,0.2145,38000.0,1,1
GT-GJD-2401-NPR7W-9,768,RELIABLE,34000,0.2157,29300.0,1,0
GT-MHF-2211-QHHMC-J,938,PRIME,113000,0.1441,121300.0,1,0
GT-KAD-2104-5VFD2-R,811,STRONG,59000,0.1777,59200.0,1,0
GT-KLD-2306-DTW3P-M,666,RELIABLE,22000,0.2466,23800.0,1,0
GT-MHW-2404-THYBM-K,762,RELIABLE,31500,0.217,40500.0,1,0
GT-MHR-2401-PCJG5-T,740,RELIABLE,20500,0.2223,19700.0,1,0
GT-TND-2309-TZ81P-I,759,RELIABLE,24500,0.2177,23500.0,1,0
GT-KLR-2304-8VE4M-O,665,RELIABLE,17000,0.247,15500.0,1,0
GT-RJC-2106-TMF67-T,690,RELIABLE,25500,0.2375,24400.0,1,1
GT-UPD-2310-GMWBM-7,804,STRONG,33000,0.1788,23100.0,1,1
GT-MHD-2208-5H1J4-2,814,STRONG,56000,0.1772,55400.0,1,0
GT-GJR-2209-P8MGC-8,796,RELIABLE,35000,0.2102,33500.0,1,1
GT-RJD-2109-S9CDW-O,781,RELIABLE,31000,0.213,32500.0,1,0
GT-TND-2101-YB9QZ-V,806,STRONG,45000,0.1785,44100.0,1,0
GT-DLD-2401-JHPB6-5,745,RELIABLE,30500,0.2211,27200.0,1,0
GT-RJD-2310-RJ218-U,752,RELIABLE,19000,0.2193,17700.0,1,1
GT-MHF-2401-XW3E3-8,848,STRONG,51000,0.1725,56400.0,1,0
GT-KLD-2110-26XHT-D,813,STRONG,52500,0.1774,69900.0,1,0
GT-TGR-2212-2DFY8-I,708,RELIABLE,27000,0.2314,26400.0,1,0
GT-UPF-2211-HS18M-R,763,RELIABLE,23500,0.2168,24300.0,1,0
GT-TND-2209-HDC84-M,851,STRONG,62500,0.172,50800.0,1,0
GT-UPD-2106-4E2NV-W,753,RELIABLE,32500,0.2191,28200.0,1,1
GT-KLH-2212-CJ8W5-M,768,RELIABLE,34000,0.2157,36200.0,1,0
GT-TGF-2107-REF58-5,777,RELIABLE,31000,0.2139,31800.0,1,0
GT-DLF-2212-7QEH1-9,600,EMERGING,12500,0.3,0.0,0,0
GT-KAR-2305-0DQ80-O,600,EMERGING,15500,0.3,14200.0,1,0
GT-KLH-2306-CW8BM-S,808,STRONG,52000,0.1782,49100.0,1,0
GT-KLD-2207-JQGGC-N,746,RELIABLE,21000,0.2208,18400.0,1,0
GT-GJD-2403-J61ZY-J,914,PRIME,76000,0.1459,67900.0,1,0
GT-KAW-2107-GX0J8-T,773,RELIABLE,24000,0.2146,28800.0,1,0
GT-RJD-2402-RQNQ5-W,684,RELIABLE,20500,0.2397,0.0,0,1
GT-TGR-2101-702ZQ-D,863,STRONG,71000,0.1707,70800.0,1,0
GT-DLD-2109-D13CK-8,815,STRONG,40500,0.1771,47500.0,1,0
GT-TNR-2306-EGSP6-V,867,STRONG,74000,0.1702,75500.0,1,0
GT-KLF-2105-DP9CK-3,734,RELIABLE,26000,0.2239,21300.0,1,0
GT-UPR-2307-R40SK-Z,789,RELIABLE,29000,0.2115,28700.0,1,0
GT-WBR-2110-TJCG5-X,520,EMERGING,16000,0.3,14800.0,1,1
GT-UPD-2204-HC3GM-W,600,EMERGING,22500,0.3,23000.0,1,0
GT-RJD-2310-4P714-X,650,RELIABLE,25500,0.2534,0.0,0,1
GT-GJF-2101-M0QWP-S,843,STRONG,74500,0.1731,67400.0,1,1
GT-TND-2110-ZECJA-5,782,RELIABLE,23000,0.2128,27000.0,1,0
GT-KAF-2112-AKTPY-S,829,STRONG,59000,0.175,53100.0,1,0
GT-MHR-2206-PNQX4-M,600,EMERGING,10000,0.3,10100.0,1,0
GT-DLR-2302-YH1AN-C,680,RELIABLE,22000,0.2411,18200.0,1,1
GT-UPD-2306-RTFEK-9,829,STRONG,45000,0.175,39600.0,1,0
GT-KAW-2110-6GYWQ-O,607,EMERGING,8500,0.3,8300.0,1,0
GT-MHR-2103-DX745-Z,818,STRONG,49000,0.1766,54000.0,1,0
GT-KLD-2303-TXAYJ-E,600,EMERGING,24000,0.3,19100.0,1,0
GT-TGH-2208-G8G53-2,882,STRONG,72500,0.1687,56600.0,1,0
GT-MHD-2108-5AC0N-4,758,RELIABLE,24500,0.2179,25600.0,1,0
GT-RJW-2403-PZ91D-9,600,EMERGING,12000,0.3,10900.0,1,0
GT-KLD-2203-057PE-K,723,RELIABLE,30000,0.2269,25600.0,1,0
GT-WBR-2307-Z3B9A-T,802,STRONG,51000,0.1792,42000.0,1,0
GT-MHR-2208-2SZMN-G,754,RELIABLE,43000,0.2188,33900.0,1,0
GT-GJD-2108-A3YAS-9,829,STRONG,57000,0.175,0.0,0,0
GT-RJW-2211-JV4GH-E,791,RELIABLE,39500,0.2112,38300.0,1,0
GT-KLD-2209-KZ4R8-V,666,RELIABLE,22000,0.2466,28100.0,1,0
GT-WBR-2105-M68Q9-B,913,PRIME,106000,0.1459,119500.0,1,0
GT-KLW-2305-GSH99-L,750,RELIABLE,25500,0.2198,0.0,0,1
GT-RJF-2202-CNPHH-B,600,EMERGING,10000,0.3,0.0,0,1
GT-MHR-2101-J495H-O,600,EMERGING,12500,0.3,0.0,0,1
GT-GJD-2107-B2ASG-T,858,STRONG,70000,0.1712,65800.0,1,0
GT-GJD-2308-4SKSJ-M,906,PRIME,92000,0.1465,74500.0,1,0
GT-UPC-2108-A9M7R-7,843,STRONG,47500,0.1731,54500.0,1,0
GT-WBF-2109-40BCG-K,825,STRONG,63500,0.1755,59700.0,1,1
GT-UPF-2402-GGNTX-O,838,STRONG,47000,0.1737,41200.0,1,0
GT-WBR-2404-6NZ7A-N,768,RELIABLE,36500,0.2157,21900.0,1,1
GT-DLR-2107-ZK0V9-E,757,RELIABLE,22500,0.2182,0.0,0,0
GT-TGD-2306-7S4A5-K,763,RELIABLE,31500,0.2168,32800.0,1,0
GT-KLD-2106-XHEX8-1,841,STRONG,85500,0.1733,75600.0,1,1
GT-RJR-2309-HCR14-U,671,RELIABLE,22500,0.2446,0.0,0,1
GT-GJD-2310-2ZBBG-W,778,RELIABLE,31000,0.2136,31100.0,1,0
GT-TND-2201-18SC6-Q,863,STRONG,63500,0.1707,86200.0,1,0
GT-DLR-2401-2WVCV-J,735,RELIABLE,26000,0.2236,30500.0,1,1
GT-DLR-2102-FEEE0-1,520,EMERGING,11500,0.3,0.0,0,1
GT-TNR-2105-36QM2-9,600,EMERGING,13000,0.3,0.0,0,0
GT-KLW-2201-B383H-X,717,RELIABLE,24500,0.2287,15200.0,1,0
GT-WBF-2102-1E6YX-8,674,RELIABLE,17500,0.2434,12100.0,1,1
GT-TND-2104-35E4P-L,887,STRONG,61500,0.1682,68800.0,1,0
GT-RJW-2212-Q05VR-S,716,RELIABLE,28500,0.229,28700.0,1,1
GT-TNR-2212-D49J1-V,760,RELIABLE,35000,0.2175,32600.0,1,0
GT-UPR-2102-6YK2T-M,686,RELIABLE,25500,0.2389,27600.0,1,0
GT-GJC-2212-R96WC-4,856,STRONG,57500,0.1714,53900.0,1,0
GT-TND-2209-T5WJ0-X,857,STRONG,60500,0.1713,51800.0,1,0
GT-KLF-2209-W7HDG-5,753,RELIABLE,30500,0.2191,30600.0,1,0
GT-GJD-2208-36RGH-E,646,EMERGING,13000,0.2953,15900.0,1,1
GT-KLD-2301-VRNVV-6,737,RELIABLE,29000,0.2231,27300.0,1,0
GT-KAR-2103-Z6T1B-F,831,STRONG,49500,0.1747,34400.0,1,0
GT-DLD-2212-PV1A8-O,744,RELIABLE,34500,0.2213,37800.0,1,0
GT-TND-2111-2JVTJ-Y,749,RELIABLE,40000,0.22,42300.0,1,0
GT-GJR-2304-M9CMV-T,785,RELIABLE,39500,0.2122,41200.0,1,0
GT-RJD-2302-SNV8Y-D,811,STRONG,91500,0.1777,92400.0,1,1
GT-MHR-2109-NWVCC-A,796,RELIABLE,35500,0.2102,35100.0,1,0
GT-MHD-2102-VR547-J,789,RELIABLE,39500,0.2115,44500.0,1,0
GT-GJR-2102-NNH0N-9,656,RELIABLE,24000,0.2508,27100.0,1,1
GT-TNR-2205-3CFWY-M,974,PRIME,121000,0.142,143500.0,1,0
GT-GJR-2311-AZYV0-2,716,RELIABLE,19000,0.229,23600.0,1,0
GT-KAF-2208-WBZX0-0,774,RELIABLE,26000,0.2145,30600.0,1,0
GT-WBH-2304-S7FR9-S,768,RELIABLE,28500,0.2157,27200.0,1,0
GT-KAD-2202-9M2WC-G,734,RELIABLE,19000,0.2239,13300.0,1,1
GT-KLR-2112-9TJNZ-6,782,RELIABLE,28000,0.2128,25500.0,1,0
GT-MHC-2301-8ZJFH-Y,758,RELIABLE,29500,0.2179,0.0,0,0
GT-MHF-2106-V8ZJW-D,520,EMERGING,14500,0.3,0.0,0,1
GT-MHH-2301-NAV3P-U,778,RELIABLE,27000,0.2136,26000.0,1,0
GT-DLF-2101-KGNPD-H,634,EMERGING,11000,0.3,0.0,0,1
GT-TGW-2310-QE32X-5,875,STRONG,67000,0.1693,72900.0,1,0
GT-GJD-2204-RCJJT-N,801,STRONG,51000,0.1794,49800.0,1,0
GT-KLD-2110-9KFPJ-Y,840,STRONG,51000,0.1735,52900.0,1,0
GT-RJF-2210-0ADKA-C,607,EMERGING,12500,0.3,10400.0,1,1
GT-KAR-2312-D904P-9,696,RELIABLE,19000,0.2354,0.0,0,1
GT-TGW-2303-Z94SX-Z,858,STRONG,58500,0.1712,51000.0,1,0
GT-RJH-2203-NGSJ8-2,981,PRIME,191500,0.1417,200000.0,1,0
GT-MHD-2108-QSYWC-X,834,STRONG,60000,0.1743,46900.0,1,0
GT-GJR-2208-9RQ9T-N,862,STRONG,58000,0.1708,56100.0,1,0
GT-TGC-2106-NWT6K-G,808,STRONG,45500,0.1782,40400.0,1,0
GT-MHW-2305-PVVX8-R,679,RELIABLE,23500,0.2415,19900.0,1,0
GT-KAW-2211-QR03J-A,841,STRONG,69500,0.1733,72900.0,1,0
GT-DLF-2203-FZCAM-P,698,RELIABLE,21000,0.2347,21900.0,1,0
GT-KAH-2309-B8660-K,679,RELIABLE,26500,0.2415,24400.0,1,1
GT-MHR-2302-G8XDC-D,648,EMERGING,11500,0.2943,0.0,0,0
GT-WBD-2404-KDRMZ-4,680,RELIABLE,33500,0.2411,34700.0,1,0
GT-UPD-2201-3YA3S-S,600,EMERGING,22000,0.3,18700.0,1,0
GT-WBR-2402-KGZ65-E,778,RELIABLE,23500,0.2136,23200.0,1,0
GT-UPW-2204-Z06QQ-0,752,RELIABLE,22500,0.2193,21600.0,1,0
GT-KAR-2209-ED684-Q,659,RELIABLE,17500,0.2495,15800.0,1,0
GT-TNF-2310-VRX9V-S,520,EMERGING,10000,0.3,0.0,0,0
GT-GJR-2202-MGYYJ-S,600,EMERGING,16500,0.3,15800.0,1,1
GT-KAF-2402-446ZV-Q,631,EMERGING,12500,0.3,11200.0,1,1
GT-WBD-2106-WVWDQ-G,751,RELIABLE,32500,0.2196,32200.0,1,0
GT-MHR-2306-K7FAM-K,719,RELIABLE,20500,0.2281,18800.0,1,0
GT-TGD-2303-PTDDB-O,826,STRONG,52000,0.1754,50400.0,1,0
GT-GJR-2102-GP6GK-Y,821,STRONG,61000,0.1761,55300.0,1,0
GT-KLR-2102-TMXZT-I,647,EMERGING,11000,0.2948,11100.0,1,0
GT-KAF-2309-52ZNF-6,737,RELIABLE,29500,0.2231,0.0,0,0
GT-WBR-2112-7F2BY-A,893,STRONG,68500,0.1676,55600.0,1,0
GT-WBH-2205-TS8B0-H,677,RELIABLE,28500,0.2422,0.0,0,1
GT-KAC-2306-YVBFV-K,750,RELIABLE,27000,0.2198,27000.0,1,0
GT-GJD-2109-TXRA3-4,752,RELIABLE,23500,0.2193,24300.0,1,0
GT-KAD-2309-CRZKR-J,854,STRONG,58500,0.1717,50500.0,1,0
GT-GJD-2203-7YHEW-B,764,RELIABLE,30000,0.2166,29000.0,1,0
GT-DLD-2110-8H6J1-Z,762,RELIABLE,26500,0.217,32600.0,1,0
GT-MHD-2107-G0369-Y,600,EMERGING,18000,0.3,16600.0,1,0
GT-KAC-2110-S0X60-O,760,RELIABLE,24500,0.2175,29500.0,1,0
GT-TGC-2311-VC26R-Q,720,RELIABLE,22500,0.2278,0.0,0,0
GT-DLD-2105-0Z1YK-M,609,EMERGING,12500,0.3,0.0,0,1
GT-TGW-2202-XT1B7-P,825,STRONG,54500,0.1755,36600.0,1,0
GT-RJW-2303-KRWG6-G,851,STRONG,51000,0.172,46500.0,1,0
GT-RJR-2301-16XM4-7,708,RELIABLE,22500,0.2314,24400.0,1,1
GT-UPC-2209-KNM9P-8,741,RELIABLE,22500,0.2221,0.0,0,0
GT-TGH-2204-BWQ4S-T,745,RELIABLE,22500,0.2211,0.0,0,0
GT-MHH-2112-WAKTZ-N,653,RELIABLE,21500,0.2521,22800.0,1,1
GT-TGW-2404-Q7JC4-P,619,EMERGING,7000,0.3,0.0,0,1
GT-KAR-2212-BDKD5-1,684,RELIABLE,18000,0.2397,0.0,0,1
GT-MHD-2103-E48AV-F,697,RELIABLE,22000,0.235,0.0,0,1
GT-TNH-2104-ZYMH3-A,583,EMERGING,9500,0.3,0.0,0,0
GT-GJD-2212-5KFMW-O,789,RELIABLE,39500,0.2115,40100.0,1,1
GT-UPR-2103-178YW-9,847,STRONG,59000,0.1726,63500.0,1,0
GT-GJD-2308-YDF96-X,836,STRONG,59500,0.174,57600.0,1,0
GT-DLR-2212-29DN4-E,770,RELIABLE,26000,0.2153,28500.0,1,0
GT-UPD-2211-CG0M5-2,520,EMERGING,8500,0.3,0.0,0,1
GT-KLW-2107-RWJGA-G,821,STRONG,42500,0.1761,40800.0,1,0
GT-GJR-2107-71EEN-F,743,RELIABLE,32000,0.2215,31700.0,1,0
GT-UPR-2103-Z37HE-0,767,RELIABLE,32500,0.2159,29800.0,1,0
GT-RJR-2205-0SKAC-6,893,STRONG,74000,0.1676,77700.0,1,0
GT-UPR-2205-A0PFE-G,663,RELIABLE,21500,0.2478,0.0,0,1
GT-RJW-2301-R677T-2,510,EMERGING,6500,0.3,0.0,0,1
GT-DLC-2201-HCTF9-0,670,RELIABLE,17500,0.245,21600.0,1,0
GT-TNC-2101-07K77-E,803,STRONG,42500,0.179,38700.0,1,0
GT-MHR-2302-BW8NE-0,709,RELIABLE,42000,0.2311,46300.0,1,0
GT-MHW-2304-EKBFG-X,656,RELIABLE,21000,0.2508,21800.0,1,1
GT-WBR-2210-EV6VX-R,649,EMERGING,8500,0.2939,7600.0,1,1
GT-KLF-2209-WEFPH-O,705,RELIABLE,29500,0.2324,30000.0,1,0
GT-DLF-2211-J7BD7-2,684,RELIABLE,19000,0.2397,18800.0,1,0
GT-UPR-2107-HF7P6-T,680,RELIABLE,20000,0.2411,0.0,0,0
GT-KAR-2310-XRK2W-7,739,RELIABLE,35500,0.2226,38500.0,1,0
GT-KLF-2403-FXVT2-1,734,RELIABLE,21000,0.2239,25300.0,1,0
GT-WBD-2103-63KPE-T,520,EMERGING,9500,0.3,0.0,0,1
GT-TGW-2211-QZJ1T-W,749,RELIABLE,29500,0.22,21400.0,1,0
GT-TNR-2102-5X0CV-L,778,RELIABLE,25500,0.2136,27200.0,1,0
GT-KLF-2404-F5AHH-H,780,RELIABLE,27000,0.2133,30200.0,1,0
GT-TGW-2106-C5R3E-U,763,RELIABLE,31500,0.2168,30200.0,1,0
GT-MHD-2109-27MXR-M,736,RELIABLE,21500,0.2233,24700.0,1,0
GT-WBD-2102-9D99S-O,600,EMERGING,12000,0.3,8300.0,1,1
GT-WBR-2110-ZV9JP-7,701,RELIABLE,26500,0.2337,23700.0,1,0
GT-UPD-2206-2856W-E,600,EMERGING,11500,0.3,0.0,0,0
GT-TGD-2403-JX4HX-0,876,STRONG,83000,0.1693,76000.0,1,0
GT-DLW-2201-CSBCM-N,630,EMERGING,8000,0.3,9500.0,1,1
GT-KAD-2201-R0BE9-8,665,RELIABLE,21500,0.247,20900.0,1,0
GT-KLF-2102-JC8P9-I,756,RELIABLE,33000,0.2184,31100.0,1,1
GT-MHD-2305-QBBMV-X,705,RELIABLE,28500,0.2324,30700.0,1,1
GT-TND-2308-Q6KPB-Y,850,STRONG,56000,0.1722,62600.0,1,0
GT-MHR-2307-TXV07-J,711,RELIABLE,21000,0.2305,0.0,0,1
GT-DLH-2104-Q8HNH-F,721,RELIABLE,24500,0.2275,20200.0,1,0
GT-KAR-2111-WZT1Z-F,821,STRONG,58500,0.1761,58400.0,1,0
GT-TND-2403-W98R1-U,896,STRONG,57500,0.1674,58700.0,1,0
GT-KLR-2304-D43RA-T,835,STRONG,50500,0.1741,37700.0,1,0
GT-DLR-2102-G4SEF-M,710,RELIABLE,25000,0.2308,30300.0,1,0
GT-KLF-2101-WFMWG-C,786,RELIABLE,29500,0.2121,29800.0,1,0
GT-GJD-2208-0S484-7,793,RELIABLE,29000,0.2107,34200.0,1,0
GT-RJD-2305-XFTS3-J,773,RELIABLE,35500,0.2146,29900.0,1,0
GT-GJR-2301-6X80Q-9,725,RELIABLE,17000,0.2264,0.0,0,1
GT-KLF-2106-B6CNQ-W,831,STRONG,55000,0.1747,46300.0,1,0
GT-WBW-2212-XC4WR-F,766,RELIABLE,23500,0.2161,30300.0,1,1
GT-RJF-2311-0BRAR-R,600,EMERGING,17000,0.3,12900.0,1,0
GT-KAF-2401-777CY-X,679,RELIABLE,24500,0.2415,25100.0,1,0
GT-KLR-2102-G5WRA-3,782,RELIABLE,29000,0.2128,32600.0,1,0
GT-KAR-2307-9D08H-N,611,EMERGING,10500,0.3,0.0,0,0
GT-MHF-2203-V16ZJ-J,689,RELIABLE,25000,0.2379,21300.0,1,0
GT-UPD-2304-BYT8K-G,733,RELIABLE,21000,0.2242,21000.0,1,1
GT-DLH-2102-R3SJQ-I,777,RELIABLE,27000,0.2139,31100.0,1,0
GT-KAR-2104-1VHMR-T,954,PRIME,93500,0.1431,92600.0,1,0
GT-RJF-2102-ZMYX2-Y,797,RELIABLE,32500,0.2101,32600.0,1,0
GT-WBR-2301-ZPMJY-3,836,STRONG,54000,0.174,54000.0,1,0
GT-TGC-2401-FV905-6,820,STRONG,40000,0.1763,46400.0,1,0
GT-TND-2306-C549T-6,844,STRONG,34500,0.1729,40500.0,1,0
GT-UPC-2302-P9KG7-G,909,PRIME,116500,0.1462,104700.0,1,0
GT-TND-2104-FHKAN-6,682,RELIABLE,30500,0.2404,26900.0,1,1
GT-WBD-2105-025FB-F,600,EMERGING,10000,0.3,8700.0,1,0
GT-MHC-2305-M01RY-Q,801,STRONG,38500,0.1794,36000.0,1,0
GT-TND-2401-APF6C-A,737,RELIABLE,36000,0.2231,31900.0,1,0
GT-KAF-2103-75CJR-X,600,EMERGING,13000,0.3,0.0,0,0
GT-DLR-2104-NAPJ1-S,746,RELIABLE,33500,0.2208,42100.0,1,1
GT-TNH-2112-8EQY7-G,708,RELIABLE,27000,0.2314,25800.0,1,1
GT-UPW-2210-W6M7R-M,853,STRONG,57500,0.1718,54700.0,1,0
GT-RJD-2205-M7C4S-M,654,RELIABLE,23500,0.2517,26700.0,1,1
GT-WBW-2312-CNNJS-I,796,RELIABLE,31500,0.2102,37700.0,1,0
GT-KLD-2201-FSP23-D,788,RELIABLE,37000,0.2117,32100.0,1,0
GT-TNF-2201-XQWT4-S,637,EMERGING,9500,0.2995,8900.0,1,0
GT-TGW-2108-9W3NK-N,600,EMERGING,8500,0.3,8200.0,1,0
GT-GJF-2203-A7RVG-P,725,RELIABLE,38000,0.2264,37800.0,1,1
GT-MHF-2105-BXFAW-8,778,RELIABLE,27500,0.2136,30700.0,1,0
GT-TGW-2204-VSQD9-7,755,RELIABLE,26000,0.2186,29600.0,1,1
GT-RJR-2303-V0MPY-G,721,RELIABLE,31500,0.2275,34400.0,1,0
GT-TGC-2207-5SK6J-3,623,EMERGING,11000,0.3,9900.0,1,1
GT-KLD-2107-85SWC-R,909,PRIME,78000,0.1462,92700.0,1,0
GT-GJR-2209-SZWE2-D,786,RELIABLE,43500,0.2121,42800.0,1,0
GT-MHW-2109-0B5PK-O,600,EMERGING,18000,0.3,13200.0,1,0
GT-TGD-2403-DVTZR-U,681,RELIABLE,27000,0.2407,23400.0,1,0
GT-TNR-2211-KDJ90-Z,600,EMERGING,12000,0.3,0.0,0,1
GT-KLW-2212-ZX181-S,908,PRIME,93500,0.1463,95200.0,1,0
GT-TNR-2310-M87KM-5,574,EMERGING,6000,0.3,0.0,0,1
GT-TGD-2110-S7MGN-W,768,RELIABLE,31500,0.2157,29300.0,1,1
GT-GJD-2309-94TZ4-5,653,RELIABLE,18500,0.2521,0.0,0,1
GT-KLD-2104-RHA2B-C,732,RELIABLE,24000,0.2244,27800.0,1,1
GT-WBD-2103-FK5E6-G,722,RELIABLE,25000,0.2272,25400.0,1,0
GT-RJD-2112-HDSEE-F,647,EMERGING,10500,0.2948,7800.0,1,0
GT-MHW-2102-S7S71-O,738,RELIABLE,27000,0.2229,23800.0,1,0
GT-RJD-2304-3377J-I,589,EMERGING,8500,0.3,0.0,0,1
GT-DLW-2112-8HF7B-O,752,RELIABLE,24500,0.2193,24100.0,1,0
GT-UPH-2404-GFWZN-H,754,RELIABLE,24500,0.2188,25400.0,1,0
GT-WBD-2403-9BPZ0-K,682,RELIABLE,20500,0.2404,13600.0,1,1
GT-GJH-2209-Z4CAY-K,849,STRONG,48500,0.1723,53300.0,1,0
GT-KAD-2306-YH8HZ-T,704,RELIABLE,27000,0.2328,23700.0,1,1
GT-WBF-2311-XA0BZ-B,713,RELIABLE,24500,0.2299,27500.0,1,0
GT-KAH-2207-2CBKP-Y,725,RELIABLE,25500,0.2264,28700.0,1,0
GT-WBW-2304-ADZNE-X,747,RELIABLE,37500,0.2205,29500.0,1,0
GT-TGD-2205-KGHR3-4,885,STRONG,59500,0.1684,61800.0,1,0
GT-DLD-2204-0ZAVZ-D,933,PRIME,121500,0.1444,130100.0,1,0
GT-TGD-2301-6M202-H,680,RELIABLE,36500,0.2411,41100.0,1,0
GT-DLH-2309-ENN4Q-5,838,STRONG,58000,0.1737,63400.0,1,0
GT-KAD-2310-SA1HX-Y,885,STRONG,77500,0.1684,68500.0,1,0
GT-KAR-2108-6X48H-2,803,STRONG,38000,0.179,38700.0,1,0
GT-TNR-2402-4K4MJ-3,902,PRIME,102000,0.1468,105200.0,1,0
GT-UPR-2101-5N5W7-A,816,STRONG,52500,0.1769,53400.0,1,1
GT-WBR-2210-8NK0Q-R,520,EMERGING,13500,0.3,0.0,0,0
GT-MHR-2207-6KC53-E,770,RELIABLE,28500,0.2153,35100.0,1,1
GT-TGF-2403-9X54V-Y,610,EMERGING,9500,0.3,9500.0,1,1
GT-WBR-2102-143DQ-B,765,RELIABLE,27500,0.2164,26100.0,1,0
GT-DLR-2107-8MHTD-R,657,RELIABLE,27000,0.2503,24100.0,1,1
GT-MHR-2208-FMKB0-C,635,EMERGING,12000,0.3,0.0,0,1
GT-DLR-2401-0TDAH-M,769,RELIABLE,23500,0.2155,20900.0,1,0
GT-KAW-2203-PCY2F-4,678,RELIABLE,24500,0.2419,24000.0,1,0
GT-DLR-2107-7YCNQ-6,759,RELIABLE,22000,0.2177,23800.0,1,0
GT-WBR-2106-2X3V0-B,756,RELIABLE,25500,0.2184,28400.0,1,0
GT-RJD-2210-9E7FK-O,600,EMERGING,17000,0.3,0.0,0,1
GT-RJD-2104-49ZBQ-9,673,RELIABLE,17500,0.2438,0.0,0,0
GT-GJW-2312-JCKHG-A,861,STRONG,62000,0.1709,63100.0,1,0
GT-TNC-2312-B006Y-H,764,RELIABLE,31000,0.2166,27300.0,1,0
GT-KLD-2208-S7XDK-A,794,RELIABLE,35500,0.2106,30500.0,1,0
GT-KLR-2203-NSB6B-P,613,EMERGING,10000,0.3,0.0,0,1
GT-TNR-2204-19HAT-M,740,RELIABLE,23500,0.2223,23400.0,1,0
GT-KAF-2110-BG0YX-C,803,STRONG,54000,0.179,49600.0,1,0
GT-TGD-2109-RVA3C-S,850,STRONG,69500,0.1722,66600.0,1,0
GT-TGH-2401-FJBRZ-T,684,RELIABLE,20500,0.2397,0.0,0,0
GT-GJD-2403-MK9HZ-Z,709,RELIABLE,28000,0.2311,31900.0,1,0
GT-MHH-2310-YDEXT-1,662,RELIABLE,17000,0.2482,0.0,0,0
GT-WBD-2402-8VSSH-6,708,RELIABLE,23000,0.2314,24800.0,1,0
GT-TND-2209-B378P-B,616,EMERGING,10000,0.3,10100.0,1,1
GT-TGD-2206-4BDEY-Z,722,RELIABLE,31500,0.2272,33600.0,1,0
GT-KAD-2304-ZXB58-2,817,STRONG,54000,0.1767,56100.0,1,0
GT-WBH-2105-PFZAG-P,745,RELIABLE,27000,0.2211,23700.0,1,1
GT-KAR-2104-1A60M-W,600,EMERGING,15500,0.3,18300.0,1,0
GT-RJD-2302-Z5YTA-3,719,RELIABLE,23500,0.2281,20200.0,1,0
GT-UPH-2105-499PQ-S,847,STRONG,52500,0.1726,56800.0,1,0
GT-KLD-2208-86783-1,725,RELIABLE,38500,0.2264,36600.0,1,0
GT-GJD-2111-0D6GX-T,600,EMERGING,11500,0.3,0.0,0,0
GT-KLD-2205-4DN1G-P,520,EMERGING,11000,0.3,10400.0,1,0
GT-DLR-2402-2VJYP-X,634,EMERGING,8500,0.3,9100.0,1,0
GT-KAC-2103-YDMZY-U,783,RELIABLE,28000,0.2127,28600.0,1,0
GT-KLD-2102-9TBQA-F,600,EMERGING,11500,0.3,0.0,0,0
GT-GJW-2309-8EA78-1,756,RELIABLE,23500,0.2184,0.0,0,0
GT-GJD-2108-QQHC3-1,850,STRONG,68000,0.1722,59300.0,1,0
GT-DLD-2302-6SANG-K,862,STRONG,78500,0.1708,73500.0,1,0
GT-TNF-2301-ZGAMC-X,608,EMERGING,10500,0.3,0.0,0,1
GT-GJW-2309-357AV-C,804,STRONG,46500,0.1788,45200.0,1,0
GT-TGR-2111-3BRAV-8,804,STRONG,35000,0.1788,34000.0,1,0
GT-KAD-2103-79DYB-B,600,EMERGING,9000,0.3,10300.0,1,0
GT-DLD-2310-Z7HNK-V,600,EMERGING,16000,0.3,21100.0,1,0
GT-TNW-2102-62Y4N-0,614,EMERGING,7500,0.3,0.0,0,0
GT-RJF-2105-24X6V-E,855,STRONG,58000,0.1716,79400.0,1,0
GT-TNR-2206-86TKC-9,817,STRONG,51500,0.1767,50000.0,1,1
GT-TGD-2312-BC03V-S,714,RELIABLE,22500,0.2296,0.0,0,1
GT-WBW-2311-QA36G-A,694,RELIABLE,30000,0.2361,26100.0,1,0
GT-MHD-2201-GQ73N-F,654,RELIABLE,25000,0.2517,25200.0,1,1
GT-WBF-2309-NJ6DY-4,724,RELIABLE,25000,0.2266,0.0,0,0
GT-DLF-2103-TR4BH-V,704,RELIABLE,16000,0.2328,15100.0,1,0
GT-RJD-2305-PHF32-H,639,EMERGING,9000,0.2985,0.0,0,1
GT-DLR-2108-2V97V-U,824,STRONG,45500,0.1757,42700.0,1,0
GT-TNR-2101-VX3NN-4,853,STRONG,70500,0.1718,58600.0,1,0
GT-TGF-2208-QECSM-V,741,RELIABLE,21500,0.2221,21900.0,1,0
GT-TNC-2404-NN12H-5,707,RELIABLE,18500,0.2318,17900.0,1,0
GT-WBR-2101-YB48P-F,778,RELIABLE,35500,0.2136,26400.0,1,0
GT-UPD-2105-TQW3X-X,755,RELIABLE,26500,0.2186,29100.0,1,0
GT-KLR-2101-D6HQN-E,738,RELIABLE,20500,0.2229,18700.0,1,1
GT-RJF-2403-9HMY9-P,600,EMERGING,10000,0.3,10900.0,1,1
GT-DLD-2307-G0HQV-B,720,RELIABLE,26500,0.2278,0.0,0,0
GT-GJW-2308-1HV2V-0,740,RELIABLE,30000,0.2223,24700.0,1,0
GT-TND-2211-SVCDX-V,718,RELIABLE,19000,0.2284,18800.0,1,1
GT-RJD-2203-FQHZZ-1,741,RELIABLE,28500,0.2221,31100.0,1,0
GT-KAD-2201-K2ZXS-L,611,EMERGING,11500,0.3,13100.0,1,0
GT-KLC-2111-AQ3Y2-4,796,RELIABLE,36500,0.2102,29700.0,1,0
GT-TNF-2403-0H9X1-5,776,RELIABLE,43500,0.214,46000.0,1,0
GT-UPR-2311-6XQNG-E,935,PRIME,95000,0.1443,117500.0,1,0
GT-GJD-2109-PGWN7-Y,696,RELIABLE,22500,0.2354,24000.0,1,0
GT-TNC-2103-RT05H-U,783,RELIABLE,38000,0.2127,39400.0,1,0
GT-KLC-2112-HWQYT-P,965,PRIME,123000,0.1425,134200.0,1,0
GT-DLR-2108-70TJS-4,795,RELIABLE,39000,0.2104,36000.0,1,0
GT-UPW-2109-N7FT4-1,763,RELIABLE,34500,0.2168,26300.0,1,0
GT-KLC-2304-S6ZJ2-6,677,RELIABLE,21000,0.2422,22700.0,1,1
GT-MHD-2308-6FSCE-5,875,STRONG,66000,0.1693,49400.0,1,0
GT-KLD-2211-VS3E2-D,665,RELIABLE,17000,0.247,17200.0,1,0
GT-RJR-2110-Y90WW-A,600,EMERGING,18500,0.3,0.0,0,0
GT-TNR-2106-FERX1-1,751,RELIABLE,22500,0.2196,17100.0,1,1
GT-RJW-2303-XED5R-A,698,RELIABLE,27500,0.2347,28000.0,1,0
GT-KAR-2205-C4EGZ-S,618,EMERGING,13000,0.3,13500.0,1,0
GT-MHD-2305-81DSX-U,891,STRONG,50500,0.1678,47800.0,1,0
GT-UPR-2401-0P2TA-I,730,RELIABLE,32500,0.225,32300.0,1,0
GT-KLF-2311-FVD5D-7,644,EMERGING,11000,0.2962,0.0,0,0
GT-MHD-2403-R2X66-R,844,STRONG,69500,0.1729,73700.0,1,0
GT-UPR-2203-E7N0Z-F,520,EMERGING,10500,0.3,0.0,0,1
GT-MHD-2309-K0RDJ-G,792,RELIABLE,32500,0.211,32700.0,1,0
GT-UPW-2302-A83HS-J,600,EMERGING,25500,0.3,25100.0,1,0
GT-RJD-2203-8AX2Y-X,780,RELIABLE,33000,0.2133,30600.0,1,0
GT-TGD-2309-NCM2H-J,520,EMERGING,9500,0.3,0.0,0,1
GT-MHW-2306-23Z80-Q,831,STRONG,44000,0.1747,45300.0,1,0
GT-DLD-2108-FZZXN-N,765,RELIABLE,29500,0.2164,26000.0,1,0
GT-WBF-2202-H8M31-8,700,RELIABLE,25500,0.2341,0.0,0,0
GT-UPR-2103-E3129-8,747,RELIABLE,30500,0.2205,29800.0,1,0
GT-WBW-2110-E03E7-M,609,EMERGING,10500,0.3,0.0,0,1
GT-TGD-2301-1PEYA-M,797,RELIABLE,29500,0.2101,35000.0,1,0
GT-GJD-2308-0FWNM-I,658,RELIABLE,18000,0.2499,18200.0,1,0
GT-KLD-2403-V966A-G,763,RELIABLE,34500,0.2168,31400.0,1,0
GT-UPH-2209-EEMQB-1,779,RELIABLE,41000,0.2134,47400.0,1,1
GT-MHW-2103-H37FZ-G,841,STRONG,46000,0.1733,54600.0,1,0
GT-MHD-2305-PBRFY-3,691,RELIABLE,26000,0.2371,22800.0,1,1
GT-TND-2307-G1D1H-G,886,STRONG,56500,0.1683,42600.0,1,0
GT-DLD-2104-NJ01T-9,600,EMERGING,22000,0.3,22800.0,1,0
GT-UPD-2103-0T93H-R,700,RELIABLE,26500,0.2341,23100.0,1,1
GT-KLD-2204-QY5GJ-B,689,RELIABLE,19000,0.2379,19400.0,1,1
GT-WBC-2212-FRJFJ-N,651,RELIABLE,18500,0.253,0.0,0,1
GT-RJD-2105-CX9T4-C,767,RELIABLE,22000,0.2159,19700.0,1,0
GT-TGC-2103-QR6X1-5,685,RELIABLE,24000,0.2393,25000.0,1,1
GT-GJD-2305-0V3DK-6,874,STRONG,62000,0.1695,61400.0,1,0
GT-UPW-2311-BV3WH-1,714,RELIABLE,24500,0.2296,23200.0,1,0
GT-DLR-2305-XW0HA-I,659,RELIABLE,20000,0.2495,0.0,0,1
GT-UPD-2303-98765-H,600,EMERGING,20500,0.3,19800.0,1,0
GT-WBW-2104-4W7J5-Z,520,EMERGING,13000,0.3,0.0,0,1
GT-WBD-2106-AFYFY-J,775,RELIABLE,24500,0.2142,15800.0,1,1
GT-DLC-2103-GC472-2,895,STRONG,61000,0.1674,53800.0,1,0
GT-TNW-2204-GFQB7-6,762,RELIABLE,23000,0.217,0.0,0,0
GT-RJH-2109-Z7W4S-K,778,RELIABLE,28000,0.2136,22500.0,1,0
GT-GJW-2112-PRG5P-N,811,STRONG,51000,0.1777,61400.0,1,1
GT-MHD-2208-97QX2-F,565,EMERGING,8500,0.3,0.0,0,1
GT-WBR-2108-P5SDE-1,803,STRONG,55500,0.179,52000.0,1,0
GT-GJF-2102-GTMAT-X,822,STRONG,58000,0.176,60200.0,1,0
GT-UPD-2110-HB4Z5-E,600,EMERGING,17000,0.3,0.0,0,0
GT-RJR-2204-YYPTD-9,785,RELIABLE,30000,0.2122,20300.0,1,0
GT-GJD-2109-N3MMH-G,660,RELIABLE,17000,0.2491,16900.0,1,0
GT-KAF-2208-6RCHM-J,832,STRONG,48500,0.1746,52300.0,1,0
GT-TGR-2207-4GVWJ-Q,717,RELIABLE,23000,0.2287,0.0,0,0
GT-DLD-2202-2070J-7,750,RELIABLE,31500,0.2198,22500.0,1,0
GT-KAH-2306-6T9PS-2,742,RELIABLE,31000,0.2218,32200.0,1,0
GT-KLC-2201-2YXF0-B,784,RELIABLE,47000,0.2125,41400.0,1,0
GT-MHD-2404-S9996-R,729,RELIABLE,23500,0.2253,22300.0,1,1
GT-DLD-2209-H3E6K-H,853,STRONG,69500,0.1718,61300.0,1,0
GT-TNW-2307-XTBJ2-M,910,PRIME,99000,0.1462,79300.0,1,0
GT-TGD-2203-24N04-V,850,STRONG,84000,0.1722,94900.0,1,0
GT-GJF-2102-NCSX9-5,898,STRONG,79500,0.1672,89800.0,1,0
GT-TNW-2111-20WK9-Q,599,EMERGING,9000,0.3,7500.0,1,0
GT-UPD-2311-0R160-2,652,RELIABLE,21000,0.2526,27000.0,1,1
GT-MHD-2312-EXHF7-9,721,RELIABLE,29000,0.2275,30900.0,1,1
GT-KLD-2108-F1EGF-J,785,RELIABLE,42000,0.2122,35100.0,1,0
GT-RJD-2207-RSA8Y-D,723,RELIABLE,24000,0.2269,22400.0,1,0
GT-WBF-2302-XBG4M-C,632,EMERGING,7500,0.3,0.0,0,0
GT-KAD-2308-62KN6-J,918,PRIME,125500,0.1455,128400.0,1,1
GT-UPH-2205-MWV2X-3,895,STRONG,61500,0.1674,65200.0,1,0
GT-UPW-2207-WSXYM-S,882,STRONG,77000,0.1687,92800.0,1,0
GT-GJD-2310-GTC0A-V,680,RELIABLE,39000,0.2411,45800.0,1,0
GT-DLR-2308-GWDSP-I,739,RELIABLE,32500,0.2226,26800.0,1,0
GT-TGR-2112-HSY54-8,652,RELIABLE,18000,0.2526,19000.0,1,0
GT-TGR-2110-RF8B0-L,789,RELIABLE,48000,0.2115,53700.0,1,0
GT-GJR-2206-3EBTT-P,914,PRIME,98500,0.1459,100600.0,1,0
GT-TND-2109-QDYA7-N,718,RELIABLE,23000,0.2284,25100.0,1,0
GT-TGD-2109-7WFM5-H,727,RELIABLE,19000,0.2258,20000.0,1,1
GT-KLD-2208-V0KSY-U,813,STRONG,40500,0.1774,38600.0,1,0
GT-TGD-2202-Q5D5B-K,870,STRONG,73500,0.1699,73600.0,1,0
GT-WBF-2301-1V5N9-G,667,RELIABLE,17500,0.2462,0.0,0,1
GT-KLH-2307-DQYPW-G,746,RELIABLE,26500,0.2208,28100.0,1,0
GT-KLF-2106-M74WB-A,671,RELIABLE,20000,0.2446,25600.0,1,0
GT-WBH-2304-CQGE5-P,792,RELIABLE,33500,0.211,34300.0,1,0
GT-DLR-2301-M1E01-A,835,STRONG,58500,0.1741,67500.0,1,0
GT-MHD-2111-1HXDH-3,679,RELIABLE,23500,0.2415,29300.0,1,0
GT-RJC-2112-9Q23A-J,858,STRONG,66500,0.1712,68800.0,1,0
GT-WBD-2202-0VQ1H-J,790,RELIABLE,29500,0.2113,34600.0,1,0
GT-WBD-2109-MS9XF-E,906,PRIME,74000,0.1465,60900.0,1,0
GT-KLH-2104-9N8HF-K,759,RELIABLE,28500,0.2177,27300.0,1,1
GT-TNF-2109-7BTE9-S,727,RELIABLE,30500,0.2258,27400.0,1,0
GT-MHC-2211-VKSJ8-X,780,RELIABLE,33000,0.2133,32800.0,1,0
GT-GJD-2105-644BW-Z,732,RELIABLE,18000,0.2244,17800.0,1,0
GT-KLW-2212-KX24T-3,575,EMERGING,8500,0.3,9300.0,1,1
GT-MHD-2403-MT39S-N,733,RELIABLE,20500,0.2242,21000.0,1,0
GT-KLR-2312-YS1AV-C,760,RELIABLE,25000,0.2175,21900.0,1,0
GT-WBC-2110-42AHH-N,651,RELIABLE,22500,0.253,20200.0,1,1
GT-WBR-2205-M983H-E,728,RELIABLE,17500,0.2256,15400.0,1,0
GT-KLF-2207-6SD1R-0,600,EMERGING,10500,0.3,11200.0,1,1
GT-TNC-2309-YY4P6-X,717,RELIABLE,20000,0.2287,22700.0,1,0
GT-UPC-2102-8B11N-0,520,EMERGING,21000,0.3,0.0,0,0
GT-KAD-2103-JW9N6-S,745,RELIABLE,36500,0.2211,41300.0,1,0
GT-GJD-2401-Y2TD4-L,667,RELIABLE,24000,0.2462,0.0,0,1
GT-KAC-2102-M785X-E,777,RELIABLE,29500,0.2139,23200.0,1,1
GT-KAR-2304-1HVZB-W,677,RELIABLE,21000,0.2422,19900.0,1,1
GT-TNR-2209-W0X36-K,711,RELIABLE,21000,0.2305,19100.0,1,0
GT-TND-2210-W8397-E,817,STRONG,55500,0.1767,55600.0,1,0
GT-UPD-2401-QW9Q5-7,716,RELIABLE,19500,0.229,18000.0,1,0
GT-RJH-2106-BHPHZ-D,763,RELIABLE,42000,0.2168,37800.0,1,0
GT-KLR-2309-M3187-Z,764,RELIABLE,33500,0.2166,32100.0,1,0
GT-GJW-2301-6Q6EX-N,600,EMERGING,13500,0.3,0.0,0,1
GT-MHD-2201-RTP1W-8,929,PRIME,129000,0.1447,107900.0,1,0
GT-GJD-2307-RDXY1-W,709,RELIABLE,28000,0.2311,23700.0,1,0
GT-TGR-2210-VQ33V-S,740,RELIABLE,35500,0.2223,40000.0,1,0
GT-WBC-2307-RDFP3-4,758,RELIABLE,24000,0.2179,24900.0,1,0
GT-WBD-2204-KZGAX-N,686,RELIABLE,19500,0.2389,19300.0,1,0
GT-RJD-2112-XVKXH-R,795,RELIABLE,38500,0.2104,40600.0,1,0
GT-TNR-2310-V5RJW-2,742,RELIABLE,26000,0.2218,0.0,0,0
GT-KLD-2206-B28ZG-I,600,EMERGING,10500,0.3,0.0,0,0
GT-WBR-2102-83D7J-Y,685,RELIABLE,27500,0.2393,0.0,0,0
GT-GJR-2104-BXTRE-P,672,RELIABLE,27500,0.2442,27600.0,1,1
GT-KLD-2102-0EWA1-3,520,EMERGING,9000,0.3,0.0,0,1
GT-RJF-2105-36G7Y-2,727,RELIABLE,18500,0.2258,18100.0,1,0
GT-TGD-2202-RB0FX-J,848,STRONG,59000,0.1725,68000.0,1,0
GT-DLF-2102-AF8KJ-P,680,RELIABLE,23000,0.2411,0.0,0,0
GT-MHW-2104-CYYWM-K,855,STRONG,57000,0.1716,68200.0,1,0
GT-TNW-2104-W6YT6-N,778,RELIABLE,35000,0.2136,38000.0,1,0
GT-GJF-2403-ZYPSX-P,790,RELIABLE,34500,0.2113,39000.0,1,0
GT-UPR-2401-M4704-P,851,STRONG,85000,0.172,89700.0,1,0
GT-KAD-2112-BXKEV-E,799,RELIABLE,35500,0.2097,29400.0,1,0
GT-TGR-2301-124GV-Q,773,RELIABLE,25500,0.2146,28100.0,1,1
GT-KLD-2105-SB7XS-R,803,STRONG,49000,0.179,54000.0,1,1
GT-RJF-2208-7AFWF-2,884,STRONG,60000,0.1684,58200.0,1,0
GT-KLD-2106-T9G20-O,600,EMERGING,17000,0.3,0.0,0,0
GT-KLR-2307-NK5BT-Y,704,RELIABLE,24500,0.2328,26300.0,1,0
GT-KAR-2106-S2FHP-E,815,STRONG,47500,0.1771,47900.0,1,1
GT-GJF-2303-52V5Q-0,686,RELIABLE,27500,0.2389,27500.0,1,1
GT-WBR-2201-WH0TY-H,781,RELIABLE,34000,0.213,38500.0,1,0
GT-TGR-2403-ATP8Y-9,774,RELIABLE,27000,0.2145,26000.0,1,0
GT-UPF-2102-FZSD5-1,746,RELIABLE,20000,0.2208,20600.0,1,0
GT-KLC-2108-MR45F-A,823,STRONG,61000,0.1758,59300.0,1,0
GT-TGF-2106-48ZBN-H,691,RELIABLE,21500,0.2371,0.0,0,1
GT-GJD-2309-V5XJB-P,600,EMERGING,19000,0.3,19200.0,1,0
GT-TGC-2207-ASH3T-J,690,RELIABLE,22500,0.2375,19300.0,1,0
GT-GJD-2108-AMRZN-P,981,PRIME,143500,0.1417,132400.0,1,0
GT-KLD-2305-H7BG8-U,762,RELIABLE,31500,0.217,41000.0,1,0
GT-RJD-2104-FE3CE-Z,653,RELIABLE,16500,0.2521,0.0,0,1
GT-DLR-2307-YCSNN-G,664,RELIABLE,14500,0.2474,13300.0,1,0
GT-RJF-2310-SRZ52-V,903,PRIME,94500,0.1468,76700.0,1,0
GT-WBR-2112-J5W6P-T,743,RELIABLE,27000,0.2215,29400.0,1,0
GT-WBW-2112-B0BJS-Y,688,RELIABLE,29500,0.2382,29800.0,1,0
GT-MHR-2210-C8MXA-S,824,STRONG,61500,0.1757,45700.0,1,1
GT-TGD-2402-E234M-8,818,STRONG,49500,0.1766,45600.0,1,0
GT-TNR-2402-B4F4N-T,600,EMERGING,17000,0.3,15400.0,1,0
GT-KAW-2106-GXH6K-K,772,RELIABLE,23000,0.2149,26500.0,1,0
GT-RJR-2108-ZVJFC-Z,810,STRONG,50500,0.1779,48000.0,1,0
GT-MHR-2208-SWRR0-H,739,RELIABLE,20500,0.2226,25500.0,1,1
GT-UPR-2205-QYPJJ-6,778,RELIABLE,29000,0.2136,28200.0,1,1
GT-UPR-2207-Y94E4-K,794,RELIABLE,36500,0.2106,0.0,0,0
GT-GJD-2107-G4KC3-2,824,STRONG,46500,0.1757,47000.0,1,0
GT-RJC-2102-T64Q4-L,740,RELIABLE,27500,0.2223,27100.0,1,0
GT-MHD-2302-RZG2R-S,690,RELIABLE,22500,0.2375,24900.0,1,0
GT-KAD-2310-W738D-3,600,EMERGING,11500,0.3,0.0,0,1
GT-RJW-2310-V3WMD-Z,680,RELIABLE,22500,0.2411,0.0,0,0
GT-MHC-2201-TV87M-G,595,EMERGING,10000,0.3,0.0,0,1
GT-DLF-2210-ZEQZ6-L,596,EMERGING,8500,0.3,0.0,0,1
GT-GJR-2205-HXE6R-0,827,STRONG,60500,0.1752,0.0,0,1
GT-WBH-2209-MD47Q-1,921,PRIME,87000,0.1453,79900.0,1,0
GT-DLR-2209-5TA0C-W,650,RELIABLE,18500,0.2534,0.0,0,0
GT-DLR-2403-HMP4A-O,747,RELIABLE,31000,0.2205,31800.0,1,0
GT-RJF-2401-HXDAF-Q,729,RELIABLE,22000,0.2253,0.0,0,0
GT-WBR-2312-E9Z5R-P,735,RELIABLE,24000,0.2236,21300.0,1,0
GT-KLR-2203-GP9NE-O,820,STRONG,42000,0.1763,48600.0,1,0
GT-WBH-2110-X2YGX-M,682,RELIABLE,31000,0.2404,31600.0,1,1
GT-GJD-2101-RCMKP-S,686,RELIABLE,27500,0.2389,22900.0,1,1
GT-TND-2212-AM15K-O,731,RELIABLE,33000,0.2247,0.0,0,0
GT-KAR-2210-WK70Q-M,732,RELIABLE,33000,0.2244,35500.0,1,0
GT-WBR-2101-PQXVM-E,629,EMERGING,10000,0.3,0.0,0,1
GT-UPF-2102-DWSZJ-T,840,STRONG,54000,0.1735,37200.0,1,0
GT-TGH-2108-XW26Z-E,686,RELIABLE,24500,0.2389,0.0,0,1
GT-RJF-2211-DMBQF-X,706,RELIABLE,21500,0.2321,20700.0,1,0
GT-GJH-2403-SEG6Y-O,770,RELIABLE,36500,0.2153,33200.0,1,0
GT-WBD-2101-DVNNX-I,739,RELIABLE,22500,0.2226,23000.0,1,0
GT-WBD-2101-902DK-S,834,STRONG,47000,0.1743,46600.0,1,1
GT-DLD-2107-7EM8C-R,600,EMERGING,10500,0.3,0.0,0,1
GT-RJW-2401-KGEMQ-I,616,EMERGING,8500,0.3,8500.0,1,0
