monthly_income_avg,income_volatility,income_growth_rate,income_trend,active_day_ratio,platform_tenure_months,gigs_per_week,multi_platform_count,average_rating,completion_rate,cancellation_rate,on_time_rate,existing_emi,emi_ratio,bill_payment_ratio,cash_flow_stability,average_month_end_balance,fraud_indicators,identity_verified,document_verified,defaulted,approved
36470.42737710109,0.210475976662849,0.0781221020010662,-72.8292014945938,0.3841450603844033,14.038664581584278,4.598668097858818,2,4.45057416870911,0.7724841939457315,0.11443596881250424,0.7076307187864103,2557.1013136051156,0.0816539688992545,0.6790723905979028,0.6486885875526159,12854.54796686706,0,1,0,0,1
30755.621289459337,0.5555767978751465,0.10592694157187607,-975.7624538134364,0.48590798307102423,3.404978720338634,3.159277970426388,2,3.7207880801082225,0.8277191736539181,0.2891074704043183,0.6417740054548238,4156.977781730912,0.3241633099389494,0.689321191702047,0.4088853166795751,6629.891846850423,1,0,1,0,1
37829.19684290623,0.5540255755822521,0.04369334775990627,710.8800852557732,0.3122866543566402,13.935096979937061,5.01129540433311,1,3.1741424111546164,0.6008306070400324,0.3781228161006547,0.6419390907953566,6188.799594166281,0.615294750217996,0.7090653414854655,0.9046269895075362,12191.044965549678,0,1,0,1,1
45707.26870767223,0.4988033430197081,0.13718034057397097,-126.1606717295291,0.5053160275463953,17.24834819087287,3.2764783739334793,3,3.4042987984505415,0.7042835096531409,0.3668307117879253,0.741145661998105,7564.009173997442,0.5827156098413316,0.7733128229716231,0.7080987768051143,10610.29250181818,0,1,1,0,0
29892.619627489978,0.53576391112697,-0.03459045096599089,-635.9334685682304,0.84119931174307,26.295821328358162,1.2748858996915662,2,4.090980680989672,0.8073118882754844,0.23337048605763644,0.8597896123746793,4584.5532831378205,0.11135856859826962,0.776745135099412,0.4834960065447771,14855.703201707973,1,1,1,0,1
29892.767387457374,0.4299071103433173,0.05643261466070429,-1997.8097706253193,0.6625723693988053,23.98553196525628,2.9039902374104924,2,3.4141141667660655,0.8888864394694584,0.18504412130279135,0.6794343454969294,5510.322270191946,0.49647601142862213,0.748199460838542,0.5421881910333908,8801.04748614603,0,1,1,1,0
46212.91533956652,0.2262593412348669,0.287764928934115,277.98807595949097,0.5436669152178016,25.8067979330204,1.0446533038461348,3,4.087946222569935,0.6696626769581585,0.32732020377575277,0.8050216727288757,4539.461414325624,0.5334757195749409,0.6530004867915837,0.668785115283116,7801.614555271834,1,1,0,0,1
38906.91256237618,0.2919871954527436,0.003253373080451011,1717.8012773357952,0.5602175064344312,1.2927288656899985,7.8484835093979965,3,3.463198049527798,0.8187524695149732,0.273330545051092,0.6912422302912972,3825.3412711927945,0.21283291294205886,0.9636032323954156,0.5133216296893293,12390.688422721072,1,0,0,0,0
27774.73052658543,0.17711840176099797,0.1626946658165169,1629.007371638296,0.3009475380008277,8.61835898531876,7.760230468738232,1,4.697847738952145,0.8857838735543127,0.07342564568677315,0.6522615945756917,5028.514157225369,0.33296514244465536,0.7942930486746271,0.5611594969006515,4258.948818807927,0,0,1,0,0
36883.04039227368,0.6859153929335399,0.03007602568987794,-65.67700526901746,0.5098603692956651,24.158950093994978,3.7660870823061354,3,3.794542945680919,0.7778510631655619,0.3283676854452001,0.5124297579578971,6378.665668624968,0.47659276487820973,0.7038696080957975,0.7206313385411579,6223.932091556251,0,1,0,0,0
27829.240764687842,0.4583742563362843,0.20938925027464025,-181.76964828942442,0.7525211191465513,17.93962788629115,6.098595980377522,1,3.491101251888982,0.6108324534680204,0.1715537557578841,0.5019570528676953,2227.2763279617093,0.31342489329268874,0.8255884803718091,0.8995654078230313,1279.9810178806074,0,0,1,1,0
27808.43221786769,0.3305959917345479,-0.04765053571266007,675.019404860019,0.9819361106714499,1.1859716483921081,3.4206426888729746,3,4.624652360494123,0.7797072633862547,0.07559426398847005,0.6136038389160022,1097.2065953741821,0.11767815131994616,0.8839833789049025,0.6411038114139525,2982.701763808018,1,1,0,0,0
34177.660444094305,0.37340406255089287,0.2879284180314179,-498.70835135063317,0.8929425788887295,29.15731248511378,5.697652099601832,2,3.6856779296109012,0.7185779550976612,0.11271894015859699,0.7032031434004977,2933.9835007270676,0.4735294668090329,0.9803640441141215,0.830185164132129,15693.487518919239,1,0,0,0,0
14780.47779807982,0.7130983377282707,0.08151581655345572,541.4335198555727,0.3165164752518704,28.048335065161808,6.638010301321854,1,3.2229753756775636,0.9718598430805313,0.10701081209933694,0.9256305836810301,4423.323886599407,0.5969832138411821,0.7497745811337913,0.9260105280763891,10769.258294562798,0,0,0,0,1
16475.739507382707,0.15734598218125612,-0.005579814661414412,912.8642227077522,0.9289924232723874,20.194670704774694,7.6272937128456855,1,4.140818982807283,0.6498453542713309,0.20768278984138405,0.8992421214652127,5739.743235242463,0.4414908370436945,0.5560492551753794,0.5297805641776971,2517.1936681082607,1,0,1,0,1
26939.412236831246,0.46036088241175804,-0.07060130106799495,1281.5465791074462,0.848238889309038,3.326216402169524,3.8014859309477043,1,4.163128408875977,0.8609903822028928,0.0937480362711502,0.633582631293995,2020.9843502890237,0.5142804491414203,0.7203829007182707,0.884315182241296,12779.31597850822,1,0,1,1,0
22884.519916990186,0.40412207521912613,-0.03209683796498371,219.87673881603777,0.8462632864996862,27.828026733640463,6.483085880692334,3,4.429391350471469,0.6210879065338004,0.04942659496063047,0.6222702214921496,0.0,0.2650175213946971,0.7394852807267357,0.8544413189986164,5185.209815218628,0,0,1,1,1
34828.22599335747,0.47801796480425346,0.10790957942240706,137.0609998584273,0.6205970313025,21.429975570597737,2.8614991544248314,2,3.480438866416771,0.7784681751250786,0.04947634024550429,0.6136610355350137,2981.1026866579678,0.15991894707598092,0.9484970390928369,0.614162378768881,10563.802433333589,0,0,0,1,0
23827.783320309103,0.06267712867458836,0.03480127057251453,-402.3860694052488,0.578603705068152,28.36859920052857,7.932326126555538,1,3.88754267818449,0.8215917948880322,0.23331047885563866,0.6696186702644336,3612.171548683528,0.43566419697097547,0.6974003842314765,0.9937119757005203,10504.054417582685,0,0,1,0,0
19289.266687982377,0.660486736260906,0.23155334635304378,-361.50428323188805,0.5120410101832348,27.311144733854416,1.180387191350458,1,3.5647358380853125,0.7191819725267462,0.2939037155397514,0.7490993597808426,1675.4530331771239,0.24666272350473134,0.9766621324435691,0.5575434228615742,14659.962800330795,0,1,1,0,1
45190.83892029399,0.7024827977385287,0.07235500946472237,118.8168864787786,0.345986401268056,29.1050725185243,5.224701645507847,1,3.161907472231376,0.7820302542081538,0.1286132035353363,0.7193338860157877,2487.818142365376,0.5660441113938757,0.7425659538571674,0.5528819596190173,5849.0809979981805,0,1,1,0,0
29968.01329562118,0.4455932285124462,-0.0005142909649480387,593.8924054529425,0.45976475444558934,19.13028232416187,5.61654187155929,1,4.753227654031783,0.6654215178120749,0.013860283925606832,0.6091365993907469,5734.566820173995,0.12357682998680394,0.9868902504894644,0.8633554987919186,5039.082451279861,0,1,1,1,1
32607.753842191316,0.5376555767138246,0.14685799464161203,1030.8677009865996,0.4726225444846172,5.911358136773025,5.816318899518902,2,4.4577396089766825,0.7216495397872145,0.05088995477480429,0.565225704971809,4156.2401391921985,0.3100782198398742,0.5040991605654811,0.6607943908306506,-2756.170059033835,0,0,0,0,1
19177.26632407889,0.6957495668241069,0.18271088675417832,-342.5431605442759,0.6388539487971411,24.490511568289104,1.842713051523623,3,3.602926118917601,0.8484425299640812,0.36587782413482284,0.5062889062430977,4691.244237218635,0.2880365602810315,0.9494076874031734,0.598476996868626,7512.907493227312,0,0,0,0,1
27100.555479273356,0.545067044019379,-0.03318323683962006,1494.1508551676175,0.8232110846176857,22.71658247681897,7.569708484311913,2,4.198745985743972,0.7207200223444621,0.1974174638357812,0.576981619333252,3288.635536778905,0.6128323121323578,0.9655602259716753,0.5071976832034618,10901.319327936932,0,1,1,0,1
32998.30330738879,0.15677733003998295,-0.03295231348467294,83.101119165945,0.6316668798785625,26.978861551968052,2.2682829533505795,1,3.4025275762689446,0.9598972313635487,0.1814291238460699,0.8526781850970591,2491.779178083348,0.14188088036264232,0.9805104678826067,0.8591994585607264,11447.895341077894,0,1,0,0,1
21641.057803199277,0.4534018521167692,-0.08533142922658282,282.90616452125107,0.3404911146130124,6.945835211775735,5.359273822678888,2,4.780473243591542,0.8513627830563959,0.015219671324036366,0.6218192846727915,3274.203541151712,0.055908095007206574,0.5065382670873074,0.8717930836816462,13009.597518515035,1,0,0,0,1
35381.28216511105,0.4747005324679991,0.19456080602625622,-297.76934331825873,0.9704528606917426,7.824131996510123,2.558732553861595,1,3.229812686723821,0.7754596073743938,0.2914548089267596,0.734300905060755,4997.760388359384,0.19285112768427054,0.5858504182751545,0.7399384019380844,9159.222967993575,1,1,0,1,1
26594.251790730756,0.3468914699116702,0.16552181104872202,-1639.3922082183533,0.9599070233658786,32.164333102676494,3.1505149191488964,3,3.0076742910156016,0.615502774221673,0.21122723237283159,0.7956505744616224,1017.3595773175666,0.5421661158611927,0.8268822515466181,0.9743881679148237,10019.124472956668,0,1,0,0,0
29374.75625186051,0.565510964937306,0.08985235029992555,1007.2363170888398,0.8496326802038858,27.249222945822478,4.825209792096871,3,4.004016395478365,0.7998193340818684,0.08083237443460832,0.9434204514158036,7300.340519664022,0.17559308962821024,0.5127363458675536,0.5908979622535926,8272.481762854457,1,1,0,0,0
26584.640489935427,0.7040569103383104,0.23766817958767886,889.4751176739467,0.9939295310949543,32.787997104511305,3.9203539299520354,3,4.166255646905738,0.9059104968500357,0.04402950407242288,0.9444275491967098,5149.716991364806,0.19452683822328964,0.5318044980882504,0.5317714272876023,10829.819342211606,1,1,1,0,1
48670.50366058044,0.6978979590347434,0.22226806118002126,74.93795430542929,0.681137632960184,27.555036240737223,2.121579206835544,1,4.1579306405916086,0.7062230392049654,0.1533551454527994,0.8728668668406795,2928.23979141857,0.1279392827220865,0.610539436846721,0.8064800613606771,4263.03057160004,1,0,0,1,1
31878.524977358597,0.36558755998289244,0.13414174575870086,353.5925737798975,0.9739378451772442,21.900435709660567,2.196554816945938,2,3.1090238548756526,0.9227094278595069,0.33486478567801026,0.5175784960242507,5626.814235773001,0.47926172196592426,0.7562198843719421,0.8550451844798228,2366.140676338994,1,1,1,0,0
22480.601639396897,0.12926663208852868,0.24730851220530345,712.7513741632795,0.35292352843172553,23.894645795975578,3.9270135171395975,3,3.6280876138368647,0.7007227064203526,0.34611782368040983,0.7875352095427075,6444.698134146216,0.09150451430325031,0.7729512796334037,0.5349435823310934,4685.0479622348685,1,1,1,0,0
39402.9042089287,0.7393888392736342,-0.0176635159852927,-950.0366855092341,0.5559765237829599,32.11947733790035,6.300980847928505,1,3.9983978936826636,0.9294985551803202,0.24113855215825458,0.8932917354157532,3339.3239007951233,0.24872498139711297,0.5171305613967522,0.44596645855666794,8854.494870346627,1,1,1,0,1
21012.4071502608,0.6372286605121539,-0.055232152240908855,-123.24214187703586,0.45776688760473605,21.25823640791792,7.28575252793452,1,3.433158371254482,0.6341073366446709,0.29101457089205707,0.5086440223816816,3566.8304204698775,0.2194992359725787,0.5851836253907656,0.8863098919518232,2798.30133677901,0,1,0,0,1
33879.7723550428,0.1372638768422868,0.007899844606795853,935.4117436974617,0.43708315889398897,23.13369635149356,1.5888936358156798,2,4.745251770971793,0.9464734835476118,0.04606231496114815,0.7748423068282891,6986.94842694601,0.38309583787409285,0.7498528366673276,0.9859011841876074,5467.023361583248,0,0,0,0,0
14362.96888508202,0.6945893178321606,-0.07716525756427406,-703.4315385353996,0.3985620642248732,6.47668506012602,3.7517273529158075,3,3.174218578922868,0.7996745803733322,0.23525042618714195,0.9288820728930147,8237.950293836197,0.4882497590118413,0.7969703104717026,0.7868033716433707,5594.822867859337,1,1,0,0,0
20046.325559914127,0.6589274534434898,0.1124678112004128,534.8463457333035,0.7356895490961977,17.587242704063595,1.7017189460601365,1,3.974768883344086,0.7186150358481048,0.2667862813948727,0.7370510379211335,4058.8713151362153,0.3697258608180484,0.5742008482431077,0.5667201400863365,11127.284843861824,1,1,0,0,1
33771.75112282211,0.41318663998825045,0.2746422769179846,-785.2654436987241,0.8469252990231135,26.073898918533462,1.1161473644281852,2,4.382832115026304,0.7060453001660595,0.08028513716551688,0.5020531014487242,1683.5713058220513,0.6086155957850405,0.6994207059734854,0.9980035651316752,10640.381842121516,0,1,1,0,1
38646.1992199587,0.4638928050214504,-0.08426258373259615,673.1439859468211,0.7048088795942524,10.48299444107279,5.632030778507696,3,3.5235022002689647,0.7728042235721451,0.3520618931641036,0.5055066791678038,3058.7956901508833,0.6208655833323992,0.9522007182584762,0.9359599817602465,8281.94436903567,1,1,1,0,1
33542.31453070974,0.32930189270909116,-0.051156034395989286,271.48681416201316,0.4028738967117468,8.078896318358723,5.2171460937661145,2,4.248481473995036,0.9996197992414579,0.0779986950084079,0.7083180187068753,6066.031488938403,0.26687919709910923,0.999449643523086,0.7080283877681763,9804.259526550228,1,1,1,0,0
30959.165458505835,0.08833314717542193,0.08087961131337412,-992.1054527244075,0.8677866389534297,11.983938287854544,2.1411337967042035,2,4.658770300284749,0.688130957375033,0.12539094393858016,0.5775043337083773,1939.5694079724112,0.5166082257649356,0.9936072274155706,0.8951927709051002,9883.161775867882,1,0,0,0,1
29290.0667396964,0.28463806915213063,0.27355000701116194,1231.791483565737,0.7451682950146099,9.452521979749172,2.6366898316514487,1,3.3806739501900953,0.6412866595515998,0.24822273880938345,0.8322253285466298,3583.4336004819625,0.49328082996091377,0.9408372551434362,0.8894923139577802,6545.521771468114,1,1,1,0,1
18693.302086693155,0.611997414018608,0.026462441990700192,-287.67326143843934,0.5717159942888969,8.521942296273854,1.1659542755116288,1,4.834441183649726,0.8340140674874648,0.25534002605229233,0.8543996324530769,4585.169762863259,0.5857787550228964,0.6973300439749729,0.9608793818040997,5830.002774449086,1,1,1,0,1
25521.402124447624,0.053242416103222,0.10289392347535697,-348.2019496115048,0.771891206875244,15.869779500383043,6.844630439860826,1,4.107117065324716,0.7954169865761028,0.2797538963949469,0.5889398977303143,2154.570627184665,0.31876618412462193,0.8432871460373921,0.9045543062640761,14146.745662489484,0,0,1,0,0
27854.251061361912,0.2834494201838009,-0.08337085637984316,460.45535778475426,0.48193348546998294,32.7743479859237,7.82283417233986,2,3.598464008602121,0.809678508425323,0.04480468522728227,0.9442666442622425,6192.869123752154,0.3682839123186753,0.7082961138920993,0.7862075415742986,-1956.5112192092947,0,1,0,0,0
41514.100035970245,0.3287180855136603,-0.04066271961516446,1218.9098795429722,0.5416345459459473,18.74708763585514,1.9482167575628355,1,3.8617165507645415,0.8667741670228868,0.3397857719714221,0.720953922489463,5387.935030408749,0.2994645881489444,0.8242635134121015,0.7655822313739045,5034.78652425099,1,0,1,1,0
35092.56460611615,0.426176922056546,0.2946520491835388,-512.6574551827175,0.9422400901923931,7.577213328536306,2.620326496357087,2,3.624383767572776,0.7068576279482597,0.21313885291330395,0.5714229537959619,8019.091819050584,0.5602261515798234,0.6547162354847416,0.6804143729989671,7184.869914360375,0,1,1,0,0
16132.638601735394,0.6938989314889323,0.28604747857441826,349.3438798783773,0.5033531539699942,3.6940084283305925,7.078866667628539,2,4.450222319866632,0.9642659981535554,0.18852871764202736,0.8821257990346978,5562.921791715544,0.18782138921728064,0.803101126805166,0.7758913839824544,10239.805709277389,1,0,0,0,1
34916.75572455316,0.2924421960561729,-0.09802400762623616,643.0532002644584,0.6289917877105555,25.365465079827384,7.485246585693294,1,4.592601326830264,0.7742688264489161,0.39243904980540384,0.8949872500083864,2078.220728867923,0.19382544694546683,0.761879248276425,0.8771299519182296,12542.026104412767,1,0,1,1,0
28534.25947625315,0.29286724132735936,0.28072471416929556,854.4844858105153,0.9230987961772101,14.397956755273574,3.9373916796476722,3,4.665874784637322,0.6516344780569847,0.29615131877640793,0.8196477363327288,5060.738121818383,0.27356306214624787,0.5122401329066,0.981422575781532,15426.926416752587,1,1,0,0,1
25907.70199724637,0.5662508736768239,0.15564797512620013,441.15324422178014,0.7954049451872691,29.764083130487574,1.3543573058835188,3,4.971536499171482,0.8969195026935777,0.04720241064774995,0.9267327766012765,5976.043347031713,0.18820569926141073,0.8953514518730569,0.680372414909272,7633.157268519479,1,0,1,1,0
37505.08659956781,0.36655255862286495,0.24716731780800885,6.377728733342167,0.3435422583152919,24.082876902426957,1.2757428358497358,3,4.582568584993367,0.85724174104714,0.3026156668904963,0.8686864860153356,6078.957628250693,0.38660410184895244,0.5059489161225779,0.7441919217932542,7901.057501240665,1,1,0,0,1
41278.99570246356,0.20722337605798735,0.08189594225354366,-362.07217651897577,0.4031121309952792,28.8684507689479,5.017649062483073,2,4.202768141377127,0.7262973609936149,0.0380995735891478,0.9411028686134952,2446.3157042185276,0.13069406389730137,0.6465779711266508,0.666883297035269,9450.44024246072,1,0,0,0,1
40381.52107204578,0.36670766129288535,0.1062384114317001,368.9151064370998,0.30548911354034175,10.518111379645706,3.750265762252253,2,3.6784405967835676,0.8486074896136194,0.010988225005193942,0.7169440242427397,2207.3245952890497,0.24211173164243321,0.5029620327270012,0.8010931725900424,5875.516246684312,1,0,0,0,1
24447.042290996254,0.1485999142658599,0.09553863210276808,-557.7112095884855,0.7416452531604143,25.232562286137036,1.2005669930435816,2,4.089190897421499,0.6879447825475907,0.16145035810795885,0.8737985640497212,1720.7257617819769,0.598066819085354,0.688100706647599,0.7779523024367557,3263.0509117764996,1,1,1,0,0
29217.088617339068,0.17347089055435633,0.16674570301844174,-2037.080386795686,0.6133713977872928,10.242169464280158,5.082766746187898,1,3.082136345580811,0.7779357437362118,0.3974312691276875,0.9998757817145222,7209.463988277733,0.29553528811507757,0.5315802640820697,0.410700274116174,7614.998134943926,1,0,1,0,0
34981.37088263207,0.3988574409176358,-0.04413949809747484,649.2478433261342,0.39399239563159283,33.8673967807602,1.0791177561231573,2,4.489650151059826,0.9597650088669301,0.06995357447794506,0.8624655987598095,5245.757647684077,0.49894022989610554,0.9567554834156207,0.7246969354603952,10981.48916800719,0,1,0,0,1
40779.90614410123,0.3432478146531835,-0.08801056405092883,1023.1478728689563,0.9705538847397392,23.273099853668104,6.511603707044911,1,3.8919110901842036,0.6534136932642998,0.26905773741071604,0.5570918901185661,2357.5627515825786,0.1180773150239444,0.7078396475814344,0.45309213741940846,7028.3062152940765,1,0,0,0,1
27687.43185939239,0.69039213074767,0.02317197663647637,-1590.3459484334708,0.6707618067619339,12.357913006136974,3.145029758923601,1,3.0400464594643752,0.7546785799949848,0.06935842648244775,0.7591593612145915,4254.377877514241,0.1985387048850708,0.729747887432205,0.415830170803323,9653.741554872373,0,0,0,0,0
30329.069210025646,0.30367572938164317,0.1818723050946587,-507.78456376795,0.46932530587902244,10.432915180229543,1.2818060210646247,3,3.125013883020822,0.9284569698881389,0.28991478998335446,0.7936738956215139,3752.6253731979523,0.5344073727202211,0.6749251180454274,0.874718297250819,524.7307485138554,0,1,0,0,1
22042.985233945747,0.4564118451946304,-0.019258619150820652,795.3234088041581,0.6504224998082953,7.6824304775075225,5.1184655468820734,3,3.7749329276435133,0.9877963597624713,0.20214146729513047,0.5871053375356955,2054.837062068634,0.5077957617738165,0.8137530771008832,0.5551899172955803,8073.6184936778345,1,1,0,0,0
21234.140383273963,0.49258500154367124,0.16937297332996695,1945.996375769359,0.7757342329145754,25.31243356128047,3.7837909010313826,3,4.16684303803687,0.7815704545687183,0.27198868403575055,0.9814458170890188,4072.3678879132062,0.2816935511562927,0.8922040583091019,0.6043930463723796,6386.2136371427,0,0,0,0,0
39312.73240154778,0.059166119611833545,0.2879648184429082,316.6349661403263,0.3533674525814951,8.655046454927454,7.816602893500047,1,3.928407897904253,0.802799848057339,0.08114927036569385,0.5877898888173081,4381.390575440878,0.6226381412200845,0.824073371524489,0.43845075256243976,2899.5049780352592,1,1,0,0,1
44206.16025713741,0.5144761604116974,-0.06243971368423265,-282.40235298330754,0.4922926705335244,21.835614307462116,4.809390637525915,1,4.23840863458431,0.8288687847135079,0.2982513330082008,0.5887789598566113,7862.506189303798,0.5963858095007273,0.8741035591975638,0.5077001562966104,10628.850014339389,1,1,0,0,1
31351.908905776996,0.174625176808826,0.1690408472900505,153.68284711612787,0.8648758436187955,10.262225942387508,2.9266742672590578,1,3.9605885175827114,0.9729392566534844,0.3982476238490827,0.9575835689872775,2688.6249484674536,0.627380449467344,0.9529868317546302,0.8593628909546754,15382.58227709726,1,0,0,0,1
41031.79608102822,0.7227492222286186,0.07750008772182845,1399.9011353185479,0.6217654092818629,24.1689130677854,5.9660720524378235,2,4.323407690962694,0.943282716390812,0.26626020025038394,0.7326027165608355,581.2013516093234,0.3067488141126712,0.9317732658357143,0.6961184981395725,11959.835702723542,1,0,0,1,1
35254.724225428705,0.15406390942717907,0.24725690175100215,-216.77134329962826,0.6826039994226064,29.522890498918873,2.9004440177989794,1,3.4382521293416017,0.6682404498486577,0.19739199922915107,0.5315941396372581,1902.0925292880456,0.1684841502114098,0.837029226376848,0.928401077530089,12214.996021913757,0,1,0,1,1
26193.922208553882,0.3402368866089166,-0.029140084221045637,-339.35360532020286,0.6029712015466284,28.23088351006286,7.329703039852956,3,3.2256863743672426,0.77470312713883,0.36926959544770593,0.7990937499692643,2214.7051531355555,0.4259951834548046,0.6073189814522143,0.6383452788801012,10849.908138467217,0,0,0,0,1
35252.56044957573,0.1097447676550507,0.1770503808904658,-86.19481774562593,0.33072995985010356,27.62979658257736,3.623053793551635,3,4.19286790925132,0.7856001712785705,0.006340736892750521,0.8009131743165239,3146.1456479342096,0.46086389496751906,0.8188514255209645,0.561220441452561,10585.805798584879,1,1,1,0,1
45842.329098193724,0.7478119762921631,0.23524611585924413,-462.6628866069699,0.41602484587410915,7.570284199228823,4.8490799394334365,1,3.969379033872615,0.9156384446595027,0.29196940771432844,0.5322503793432809,1906.9925417457152,0.125265070670312,0.7530415478702555,0.6085598886751906,802.2722576979359,0,1,0,0,0
31677.565648010437,0.4015365072318698,0.2778456877896093,398.1362527958364,0.6118791471193237,4.093473144458155,1.3540117267696021,1,3.0537353080898706,0.8411571530421741,0.3554986067255252,0.986261247816831,5644.244011637879,0.5218898205775435,0.8586096155052101,0.8276630761101427,7488.196199712044,0,1,1,0,0
46081.79290232606,0.4667695121240306,0.17329921131585832,1599.7427667756485,0.44642982578554946,25.463208997058494,3.9828486656656157,3,3.7609637709860717,0.8616881848116051,0.024669833448382986,0.7720149826472877,1767.9344739810404,0.06083613185597632,0.9164658241964574,0.7330034034006916,10034.679066583469,0,1,1,1,1
8422.294063192301,0.09695353417189924,0.09886990560337092,558.4634184928233,0.3349853200617751,13.892152482802295,6.826544777626965,1,3.212251170981991,0.999279963066247,0.18002566816630328,0.7798978610898821,4040.0359365984605,0.33963703248607,0.8713607485932087,0.9425147245314567,10125.619124803468,1,1,1,0,1
39397.122539377015,0.5749723292794244,0.14713889608048555,98.11719829896992,0.8905547648362766,16.132117924117154,6.6395416375433935,3,4.062713663505391,0.6299840173880052,0.08188778157999957,0.7600577072511973,8000.384367044349,0.24860975569693694,0.9232805849806427,0.76130126163333,13086.824757078819,0,1,0,1,1
32783.42361414354,0.19693391516691,0.24756199379148733,66.55098486756472,0.986834770414881,2.0902182477686875,2.5702299119746836,2,3.7915553593208617,0.6892039294134932,0.22660726623513205,0.8053658898223099,5107.136543527247,0.4941818359394504,0.5319331866705119,0.695810925088902,3870.4094014672837,0,0,1,0,1
29308.933845807194,0.6786380026084996,0.12824389865553187,-950.5526469573256,0.8552000117977177,10.085175724626723,2.5825534970739388,3,4.226303822206036,0.7631583749486187,0.2598171834414642,0.6321498763868775,4901.514023424718,0.23765643645308954,0.515810019118732,0.8714516343320398,10429.086461630795,0,1,0,0,0
32825.84698881952,0.193597748337405,-0.08784517612126526,1006.4878217177272,0.8976494451932668,2.178674135606241,6.721137185492657,2,4.611204437540477,0.7391129612195548,0.121049273171502,0.6436206739874204,7714.63240149032,0.5460842676686197,0.629250283849797,0.9685203104400671,3739.835984029546,1,0,1,0,1
14111.879768591964,0.18348140446456657,0.2723794782027912,237.73024238975836,0.46938399122193175,31.771502041043668,7.512788941185279,1,3.5993373676829816,0.6086582245387934,0.18399266787124036,0.7556695448980664,6491.2991284739455,0.4069720932684863,0.9503330420543141,0.6135075467469824,7153.20164064376,0,1,0,0,0
30022.95300946239,0.07558476749366641,0.17581070041262445,155.6160691274995,0.9724388828592399,9.518883912648567,1.6675264489110249,1,4.924204208330055,0.6367110425884703,0.1117357941106238,0.9033429273817898,5130.2487347052065,0.5263360170572432,0.9118296254919869,0.5499257260992866,7752.147971058897,0,0,0,0,1
35214.01314360572,0.3804468615769994,0.1706053543108986,2854.486054275889,0.43784799311739986,20.50680093505528,4.150410475983577,2,4.071269001175149,0.8723813165614305,0.14775646578204552,0.5249322882470895,3378.546300111062,0.6436043827037743,0.8413636488976558,0.7697304377764835,11450.283656195807,1,0,1,0,0
45301.046402673644,0.44538879328383146,-0.01372993904091313,539.002326692549,0.9660008672532825,2.3642762231395644,3.362179952749603,1,4.236581597509576,0.9517297853450243,0.06381598267536943,0.801702106110123,3954.622250420413,0.4574950074461341,0.850379333719858,0.6993236926923285,10979.813553601376,0,0,1,0,1
27335.568035537173,0.09599604759984666,0.1635541880930629,-301.4328400761475,0.9963735057761656,24.33965869569803,7.0948191882020755,2,4.361344746451474,0.8056908045063911,0.3542237774342526,0.9033890712531569,3857.3922646675874,0.6409701898169865,0.8633352346291063,0.99351134491887,8481.322350846554,1,1,0,0,0
24723.557573961312,0.5928693316865075,0.057545762261663386,-41.08607696443465,0.7982059640222341,12.305957101393286,1.5846744027601314,1,4.3334630597151795,0.8156764318054532,0.004004164223654572,0.5784586360186136,3197.1489048557833,0.0673017961530232,0.9713013502423735,0.67741707048864,-608.1500848828364,1,0,1,0,0
27484.18660773917,0.3673021843236193,0.16049319081659683,1218.7565673574038,0.9868006122542752,32.4271715435183,2.477881597906262,3,4.021941486090125,0.7020373731329518,0.35296367457751543,0.5075112709902831,4424.073023765849,0.2528839930902851,0.9160955761537788,0.44459893081620755,9779.334931968215,1,0,0,0,0
40238.61905931867,0.41707318852930597,-0.05736278787680371,390.6163284302116,0.6986778456969726,32.08413661269125,6.2672783631054605,1,3.8575285822293672,0.9071505454534845,0.22867155133989542,0.656356647570729,4701.495394095312,0.11471195873738549,0.8116951935135237,0.9864214364665815,6929.294091844851,1,1,0,1,0
34958.75998693716,0.35853392285675967,0.16313812184121443,-850.6223826538933,0.48167924822326325,12.385171642661172,1.359056942868509,3,3.1075639283547556,0.9007178349469025,0.132663137670807,0.794071853364799,1510.7430656835486,0.2073829588306637,0.8328577176285703,0.906152167356124,13567.223566476401,1,0,0,0,1
27232.15816609665,0.3305341426127282,0.2997654903082666,1035.3831476601626,0.6058971199659346,32.53363134916638,4.4477476650000245,3,3.0441716906023597,0.8353462756870627,0.2892228501841319,0.5691415867023739,7264.084999924597,0.5533327394754647,0.606870131030561,0.506950086374778,12613.974177361475,1,0,1,0,0
36619.40689802021,0.44174823191575247,-0.08071518445577759,-234.51526843119518,0.7154926547651501,35.86551857245726,4.09474924275804,2,3.715922389065529,0.6850657146045371,0.20310086074506573,0.7130611854862428,4819.595026146563,0.06939395919565419,0.8286594125781362,0.9427631518677216,4247.908372377368,0,1,0,1,1
32873.697944132364,0.15866817215149875,0.2908696736885269,1798.6382209740364,0.3511570934189105,29.889548244338183,3.3408082529212404,1,3.6673217812673853,0.6388072872948357,0.1996434632430426,0.7761607486871389,3474.4340760987648,0.3621097614394362,0.7123395062092293,0.6044000924930468,10328.696955962341,1,0,0,0,1
40717.804914796005,0.17734969134668976,0.06276318428914826,1164.0384525717188,0.7356402852320723,30.570497171433015,3.7620062072324663,2,3.7753903096780137,0.6256954303428504,0.04405691316758658,0.7994415473786586,4442.3519574589145,0.39027722451942376,0.5764809353028719,0.6262671907206667,10407.642424641617,0,0,0,0,1
25681.522155103827,0.6532499347094621,0.2483013801349037,-57.85751652700094,0.9868244857336061,9.715305763818147,4.70958410851163,1,3.27673640177638,0.8370784266571512,0.15580641037816348,0.6372058605001876,5860.737782317201,0.38669068800317363,0.9032014096232872,0.9438348894172955,10116.734318467703,0,1,0,1,0
29051.040680620084,0.7122808234935429,0.2129541936233094,1324.8130893880902,0.4330753548486093,21.18458396002147,2.1295715087186817,3,4.476336541073687,0.93001412765712,0.09642573834269466,0.7000148179931457,1066.6271748282152,0.3351782442939534,0.7551235499015728,0.7180693390211892,9598.324298982396,1,0,1,1,0
28471.026621810583,0.31131652139582705,0.12680650439466712,354.28440842192265,0.8548165814018682,3.353956988857875,5.003971147985149,3,4.7139288295524775,0.9433321727123699,0.006278362238511859,0.8891696145337793,3789.8785470395082,0.5243617788618532,0.9887125208447107,0.4826577576391118,10520.618345873001,0,0,1,0,0
18828.36546681093,0.2395212712004876,0.19537968370053063,982.2189400977755,0.9355291556457335,4.32212778875844,6.638026305099904,1,4.87742927074807,0.78544882973738,0.1440398523128453,0.9706073470603427,1628.2884502753345,0.13012585370333069,0.6408396772372624,0.6214336956050824,14005.943262295983,0,0,1,0,0
34665.08249358118,0.500799680267311,0.2514062245205392,687.7862538355798,0.9605911149741546,35.96124142116517,6.321126508531114,1,3.9847246070392517,0.9137085197226867,0.0359288517702419,0.9309401655591286,9314.00764195124,0.2363462093304724,0.7403350561525384,0.8332584677607284,5794.478667093854,0,0,1,0,1
34349.497449619004,0.33611391976866745,0.0616561286604132,-377.0853239926988,0.972094923083813,12.432373729906883,2.0772993328564158,2,4.401731398250857,0.9787520785364094,0.10273201509007408,0.7821417508667159,4276.37209553723,0.4194356320671036,0.723997727334434,0.50451051284081,4376.761506971519,1,1,0,0,0
32046.02110978215,0.06777044896224141,0.03081326462529549,-214.83986585396963,0.6650217471050304,27.186436921709625,2.0447462881903173,1,4.711102246871745,0.7100680449952272,0.03700664847323778,0.7051464014719733,1644.5087048009868,0.46457081976077347,0.5603897612162894,0.7541387184438153,11130.860542022014,0,1,0,1,0
29888.71579962368,0.15930681815633324,0.1670373542254339,1123.968654064929,0.9841155355940525,29.233276855938577,2.8772205742143933,1,3.836582222186972,0.7591841385523028,0.04037665022255954,0.6664783071857091,11198.933561394784,0.29248905906623374,0.7130576394153898,0.8171644797666502,466.551621475367,0,1,0,0,1
19261.66332154627,0.5511805601931783,0.22313837677650347,32.1797343147673,0.8301171449941072,31.03081448525302,3.5275230843872603,1,3.6188255897408887,0.9725915970386723,0.07960451776607531,0.562478283042009,2927.962842439222,0.5752227579963399,0.6437767282104625,0.6063121453255476,10616.095442251482,1,1,0,0,1
28214.192095111768,0.511246759337106,0.2049140539106463,-22.918770593597344,0.41317000536587334,35.91699040907548,3.859189069859378,2,4.8734491117069805,0.7352923869269139,0.3999396977945601,0.5532756236080565,3581.8401638475852,0.2992960380175486,0.5801602356834672,0.8163284132249934,9907.755874168188,0,0,0,0,0
28915.569351259073,0.06896719475243844,0.21912545954345383,-464.09806347948233,0.6338300745275789,9.452376983990375,5.757880517833417,1,4.031353102154146,0.9655505161287186,0.0008736571428995089,0.8441788124568288,3726.4035200292747,0.2916656806089999,0.6410777920180697,0.9305244110975912,-1382.0100944488968,0,1,0,0,0
24779.50457700543,0.20538051335306462,0.0742333259251732,638.8792524747689,0.8028318227604028,2.4122789400894895,1.3967630251608478,3,3.994507773181756,0.9924179449017863,0.2554690544481621,0.6298972080855803,2304.0938868619287,0.07172435689243098,0.616625845633196,0.6832700465399446,5454.653361558539,0,1,1,1,0
30548.428595005917,0.21175235761164996,0.22713368647000867,1950.0199353945159,0.47313822107335834,15.391703129810509,1.2427089295824647,2,3.3568321931269915,0.8647242914297699,0.05649747921062294,0.6273308432162235,4494.704034992285,0.38068480171684027,0.867036765502939,0.6297455969078714,14303.898102431936,1,0,0,0,0
35636.45771133085,0.5203249205191098,-0.05191637785175662,-554.0263314034183,0.748430628484221,5.552823444013143,3.743373940607363,2,3.2163100291467135,0.9267561158016673,0.36825125468431036,0.9990975272388929,0.0,0.475208503107143,0.51538758912958,0.5506950408149714,2171.2938771362406,0,0,0,1,0
48975.67311089477,0.06379737642805491,0.11779563918433983,319.37556533820646,0.7666203353326334,1.7849061206719292,5.880145844965863,3,4.684213724967023,0.8998182256884341,0.03745315733345169,0.5939629789368976,6171.796765754583,0.11866289811010886,0.8087313739566107,0.7625232879179825,8850.366459797715,0,0,0,0,0
33571.20031548655,0.1228760073892017,-0.09769653580075138,1429.7764443323433,0.4138898206659961,13.614938949952014,2.3540474006953778,3,4.228266352375036,0.8798137030462094,0.38202527485049464,0.5740298797444148,1744.3902585255587,0.2332596596527225,0.8803306710118033,0.9279112288232296,3980.3788000248614,1,1,1,0,0
34317.95351650488,0.6099412597612326,0.029834331960108124,236.28688700342786,0.6955597187169293,28.430838787633274,5.490531368793762,3,3.6516491680388974,0.7227724291924931,0.2443705549933912,0.5493426138799603,3169.3569553793764,0.5187541722697113,0.7403617282344865,0.5947967603111164,5164.214783752937,1,0,0,1,0
31329.986758104496,0.17498126343803352,0.046584613948559145,661.897436999787,0.8401388376850254,20.81632419287748,2.8187969655820964,1,3.3834724347805327,0.6228377351631774,0.0005072307661960984,0.7899026725833981,5503.039347372325,0.2695516612481452,0.9657824900039592,0.637741314722382,15665.275281709353,1,0,0,1,1
14731.059062308628,0.5069222754963123,0.058469076643702156,-549.9148225175038,0.6492269651751593,11.947229622362391,7.202602761694615,3,4.110994560339263,0.7372206930078602,0.35760287916672245,0.8139319130010507,3591.077963387769,0.1949614772240239,0.8539403476182676,0.6439753105299904,8493.777383144557,0,0,0,1,0
31761.375120957047,0.21672794673270857,0.17818688267594487,642.6456777661189,0.3084721817432752,23.90197019224519,7.269829609866315,1,4.167838578522271,0.8667743940815626,0.20868472054676734,0.6826139631284409,3672.904505804747,0.4533203981390673,0.8739618256557087,0.7364874050665102,10067.802754251692,1,1,1,1,1
32542.071889469236,0.11960897493154161,0.055423240508138294,150.28458799636098,0.3063269283555045,9.120636310808376,3.0810104299692855,2,3.4139872024901163,0.6410116792911206,0.10506789413219382,0.7677066677557338,1975.845114540458,0.16805526660299336,0.5984667437204352,0.5370453769404632,7550.141694293943,1,1,0,0,0
54169.179012367575,0.22022053369961786,0.07947744904901227,1088.5839965438904,0.5499205407790085,1.5033506125229759,2.6099562777426835,2,4.702811495782948,0.6047671931912968,0.30691167100625205,0.8941997654724563,8191.2964349409,0.5873917517499061,0.8886477879195367,0.8933266931846225,1939.4667436095078,1,1,0,0,1
30268.751316969898,0.5555868522989614,-0.004982347650269017,1249.9088412518008,0.9483358479022472,27.752368525274957,3.879127804463619,3,3.168528732311702,0.6558769490411754,0.37066622155474804,0.9090520841608742,5062.96476441318,0.11335903761568458,0.9160473680415575,0.5773613665025328,3260.307172409355,0,1,1,1,1
34713.926081002515,0.6489875276744,0.04930071665173602,2371.650913614891,0.46007374572252613,22.831007970240318,2.683721096261041,1,3.7121861703328434,0.886294370564318,0.19347632925871758,0.9789560378578241,1834.4301034616665,0.47392988136969616,0.6806331942029948,0.8232176145380092,12713.72130256893,1,1,0,0,1
31687.59407265281,0.6311539051968941,-0.009092149094739405,763.7065385708605,0.744054582210181,27.6805918575336,5.706686903041925,3,4.360768827525044,0.9891174806625775,0.12622138977724437,0.9121339929614373,4356.364892115703,0.3497292207718251,0.6066815340164856,0.7079294450677311,8611.568593382939,1,1,1,0,0
21481.897661424213,0.32802847073291835,-0.07072163049262255,560.6370532657331,0.45545310948532436,2.3628305840682966,6.782452791837999,3,3.5482407276384014,0.9932258798459281,0.31557804957397073,0.7824207183587133,1693.0640106973801,0.5719577374381962,0.6925253396018083,0.7515385620116541,4918.846576174062,1,1,0,0,1
42285.405330635185,0.5176595955994523,0.14137943735255118,455.50744126186885,0.525168992761684,30.29918697407283,5.7116449163785195,1,4.655350389562543,0.7975916596560751,0.27271419911538186,0.589828482918423,7444.828587978898,0.12571705461574195,0.8698039845000686,0.5077652432963817,7911.79279497256,1,0,1,0,1
38767.39729418097,0.19348900679107467,0.1672851194220065,17.466965751449322,0.8936294627210388,22.683417001270616,6.770453130745446,3,4.479735653200807,0.9477409203969389,0.355500993500109,0.5498817788514212,4399.275921417092,0.45673695109765267,0.7088195029343514,0.8410139189069024,10646.391853135794,1,0,0,1,1
39119.28752338742,0.2552034111827093,0.1477961384038458,570.7870747693529,0.8102030095889627,20.718837274942405,3.778945135452319,2,4.578045689096268,0.8947305823006015,0.2770056051044772,0.5272559449554296,2048.9069441858665,0.39323278350882884,0.868325937612394,0.5131723114255786,9817.955390333253,0,0,0,0,1
23815.51290684735,0.6774350729647839,0.08539761752022895,63.678871888776456,0.36677949411924743,22.861491684008605,2.094218794962026,3,3.2382130717534325,0.8004160947938413,0.09741133555981452,0.8332629158926919,5395.1814712478335,0.3380540853440278,0.5567822704887688,0.4680841825764635,4920.843199136618,0,1,1,1,1
44625.148798424896,0.059101346457515226,0.05191431207169192,434.7687810156914,0.6000914146905034,31.255163640392745,6.165656631783145,1,3.2810942559910856,0.8291042131820348,0.37266369990360765,0.9037681276989966,3443.848655903373,0.344844358059601,0.9030058552442422,0.7280076999332722,1698.7868842513863,1,1,0,0,1
19383.34043486947,0.10985597159812766,0.2453334598287301,1354.0780284863677,0.3204188345516851,21.542777729561745,3.523321535990877,1,3.5729474754891672,0.6548908586467485,0.041934298882396526,0.7543419753420395,1423.542688955038,0.48318617707911843,0.6266037408211786,0.8255782821505993,6371.813827113816,1,0,0,0,1
37281.71384420243,0.1955203786022191,0.10763271405448724,-505.23405222371287,0.6366231026221063,21.333263296086276,5.698895776603927,2,4.036154330395123,0.9750645842466368,0.10717710004273916,0.52735708741682,4762.09266780042,0.6126449929608933,0.6244644938572969,0.4300215018608541,12436.194543746828,1,0,1,0,1
51714.1006322898,0.0685725427116738,0.0916727510518924,1211.9028489032362,0.7637038081907477,35.6737704973018,2.8945075938723597,1,4.496032153398804,0.7407719082927107,0.20807784308955424,0.7677352872956691,4705.683668275788,0.10475099547142885,0.7951904826019304,0.44163718896432524,11417.507860428843,0,1,0,0,1
23085.173073823804,0.1770048045628581,-0.08974317367742574,1353.6920538718923,0.38295183651870607,27.48555584739988,1.5686074436467088,1,4.673061781521807,0.7784597025828678,0.22629681042836058,0.9678746307622752,6275.467265134796,0.06170158856631214,0.5350590228734948,0.8816074976235514,9641.61305970065,0,1,1,0,1
26903.320433575052,0.4581290926787845,0.03649913105046254,205.545178407137,0.5022194572364159,16.480283190789734,7.948072568414344,2,4.408670631914361,0.8686640923991595,0.0061242346507621725,0.7988065954662302,4129.007113835595,0.5334228754887221,0.5131488633423342,0.8854196197043992,7316.478354135554,0,1,0,0,0
32896.86228578877,0.34499718541474855,0.05207824751434284,-1397.4839192068757,0.5784856378515097,25.75889500115247,2.093410555514195,3,4.857193763061277,0.7335609886106216,0.312229090328376,0.9047137442314075,4214.120573917102,0.1149016325304556,0.6305143326467246,0.5471828302354487,5933.01295175753,0,1,1,0,1
27468.719112954208,0.6748701977538824,0.05952911235876021,-186.257589675546,0.9436717172592348,14.623066509212597,7.918946957744367,2,4.4774870192318605,0.7017036643955722,0.1446429273701558,0.9000763241958754,4320.266073090368,0.6420180776482544,0.7690337753674114,0.769136921680122,7390.686382182561,1,1,0,0,1
18044.029120404804,0.6222104932169087,0.13206894769093291,1337.5956372488874,0.9952785107960747,9.010641186922465,7.840959527965131,3,3.6125357740092294,0.8524197573080883,0.16256741640085515,0.9660645498903264,7190.565989014059,0.4216089493753023,0.9538081931126137,0.6659080450867958,11127.086657208485,1,1,0,0,1
32617.066773254246,0.28927214618851316,0.11344101869075138,281.7055501608943,0.33143790929693107,21.88981569107158,6.556726727356278,2,3.530162568677145,0.6099936329127398,0.32374781777477835,0.8851143828249366,3379.8529534518584,0.4405198371524844,0.9232175881536535,0.7796176248421078,12040.762448943045,1,1,1,0,1
22439.266576465056,0.23159640340190474,0.14316203711737785,-499.4417858359286,0.8327055464467743,33.4863734339883,5.615960734573983,3,4.392384900602179,0.8882900448106715,0.15171335669101782,0.8738502570065447,4938.909937611463,0.16933502176281043,0.7452232299604877,0.917727570459535,6952.852940310929,1,1,0,0,1
36262.331875716634,0.3157846857170868,0.20595330461685132,-103.81993698257395,0.5602068464816403,33.519883200541194,5.0446493517575925,2,3.3857411373792283,0.8056093479506039,0.01888995059790193,0.6170513324853203,5233.490904031224,0.19418738617800468,0.5185259968467464,0.4479138547493539,18144.925238110372,0,0,1,0,1
23725.181891895772,0.4632064597603654,0.2251942954864374,972.4960212036424,0.574720730360636,12.966684733692162,7.0627108176448425,3,3.18542962162054,0.8423014922083738,0.07057590818814012,0.5299625776605408,4699.5530384615195,0.44561018185955004,0.7676263673146546,0.8667906555930726,8369.615103108225,1,1,1,1,0
45949.40964515785,0.23764454857601336,0.18724923049059775,737.3868545611035,0.8279854813429159,19.468711317759325,3.0260766513364157,2,4.064445749712387,0.852752063698754,0.38236126895527295,0.7587997325269038,3304.190787880859,0.5958361027605182,0.8523977999626478,0.6958174627126237,6612.178200260392,0,1,1,0,0
24950.720368973867,0.48690423549439377,0.28220947838197386,108.85432066424454,0.942898502501786,8.407256449945141,4.27376848739414,3,4.64328313955791,0.8108200625970254,0.028162144961005664,0.5622171039733777,4241.2080146150065,0.63943433271054,0.6695822662625168,0.7384761662571979,13902.677754438202,0,1,0,1,1
29101.44635414892,0.33658815653386825,-0.09270696692945535,6.540470548249971,0.9656500161517838,35.84708883246092,5.335729785565514,2,3.202759684939727,0.8330135109762944,0.1419724803872065,0.9810979381389957,3812.684477134298,0.1688185679786562,0.5555316516408273,0.7923588160102721,-153.18611904910085,1,0,0,1,0
39321.65495632703,0.4364330265963861,-0.021688805726581564,-13.406519235057488,0.7039858102268245,35.33912677537775,3.878333331086438,1,4.583782647591459,0.8735152803559498,0.20127166682053785,0.6449623813165143,7918.420720223607,0.1304717736258741,0.6392839766028298,0.9535738894774645,9920.134778261421,0,0,0,0,1
20922.221152094404,0.35528857039472167,-0.09697485000874316,-437.92814759880207,0.549984811510352,23.73281253976066,3.9924051786318757,3,4.623144008703096,0.9012475388718697,0.19731233093542402,0.9264721016921466,3084.472429137388,0.08384081465647428,0.885794432233907,0.4340319721310427,7708.806429466813,0,1,1,1,0
34047.139411437165,0.25612603167934234,0.15898988566184122,1592.3005515755535,0.8512843601011455,29.154492088711567,3.3119926725145907,2,3.964548000163087,0.8909809565144482,0.0015839772048571012,0.6938123126012297,2174.8429474955437,0.5709782108967968,0.6756219161416641,0.41768581127466864,13792.737279485435,1,0,1,0,1
43764.28478854185,0.7139173148735097,0.25921221957999474,42.143624630928116,0.4757009682836102,26.0285056449295,4.949622716791753,3,3.1146206200209736,0.9478465830929047,0.20046509258299616,0.6615971249286887,3987.5966171338487,0.22682890811388123,0.9059907453428551,0.5069570688932641,10419.693434600767,0,0,1,1,0
17532.650888948952,0.5845240559118325,-0.002607081369480291,1273.7268166603972,0.6948518201834624,21.76053766638139,6.954021696105812,3,3.349179702494373,0.6757773732669611,0.1535089831909637,0.9675792861883106,3846.6036051426545,0.051087220321551,0.6597607259037379,0.9918686356160419,8556.408679366634,0,0,0,1,1
33661.70472679074,0.14807922303651677,0.27081381791852266,1517.052841537961,0.5510049230674112,2.8671798946114193,2.4106986460441897,2,4.4148525503238645,0.7604591877967191,0.38883173418982286,0.6816612860431119,4393.6870403372595,0.18429085163385728,0.581777519206909,0.8290458204266654,10650.535190186194,1,1,1,0,0
34338.94514823581,0.6579275831285389,-0.07589304388417567,1098.6487185183682,0.7596417515955132,16.916751989343137,7.54103127127409,3,4.423555889981899,0.9791184264057828,0.06366363359753194,0.6951439543315683,3085.1067955973367,0.25426464805965104,0.7179241797568041,0.7687846714327011,3777.670751516991,0,1,0,0,1
39036.405845995796,0.3912018387746595,0.27377441072220576,-45.29625017443874,0.4682792390254548,24.61752057585937,5.823613576237608,2,4.79671055033533,0.7586362297545319,0.141661678703798,0.5530458898064545,4220.7469598657535,0.6445917016980112,0.7261372561445695,0.4282234320488488,11867.279337915435,0,1,0,0,1
20867.443602097264,0.676186558825864,0.04064907489585376,622.9840722692875,0.434115062014378,24.713606485928963,6.762912488760211,1,4.165372293109166,0.6499480307623691,0.16779259403592792,0.8352233326412546,4259.214077942423,0.36412495631424896,0.5080541092746684,0.9274661343357788,2621.656971946115,1,1,0,0,0
20115.890482241513,0.6098986791631207,-0.0594316686203134,280.6435148872671,0.942767360672806,14.059291644783425,4.893334848410081,3,3.248214735427555,0.8101780505448718,0.15627741484037952,0.6444197072387567,5811.97937872001,0.1728283685570608,0.5585225363531631,0.8876541119782957,9433.989523257458,0,1,0,0,1
36697.47409055208,0.3476494531284634,0.09434870367453027,-422.96148858410254,0.37126257806467583,33.95921953303107,6.456616909968444,1,3.242829811009944,0.6437963890217848,0.266332331060745,0.7928020839197536,4186.012767418304,0.25089100682807064,0.5924630093864087,0.7988800263202509,8142.457364344098,1,1,0,0,0
34672.862059098676,0.06572851582408218,0.002710627088203174,559.4874253772824,0.6541705354144521,6.857496128287335,1.1134027813762706,3,4.442264714713647,0.6811412954911461,0.08620514301910753,0.7956758520266047,4204.950061263177,0.24818461253412705,0.5567936586893374,0.6034784892908216,947.7816945142995,0,1,0,0,0
34254.43565311289,0.23807415156946227,0.013949160784769127,-643.231832927842,0.4545969480741062,18.51258061754462,6.728662973456746,3,3.3675693302158023,0.9993275026283827,0.08842862112559674,0.8595998477978835,5032.692759417034,0.06183544787790529,0.6707630377106819,0.4423029733409544,8275.768232384198,0,0,0,0,1
35118.03388547278,0.4291439502626068,0.022915985970514627,1250.143510769251,0.3272509743279672,25.1809391792788,1.2809720135975655,3,3.6567709992332107,0.8165450553584528,0.29168437940034125,0.8726207430862206,5735.310126363034,0.13110983250285804,0.982311427808509,0.7480230927405536,9127.947006825194,1,1,0,1,1
25879.777505793583,0.49343475387830305,0.2212103591330654,-71.69383783871444,0.3252131728039985,25.399753206213322,7.229393634540037,2,3.974424013843828,0.7136233556161716,0.20011620747127187,0.7572262172007698,2032.6484247468422,0.4671178758219267,0.7546112691635389,0.8318167428765024,5380.496104168837,1,1,1,1,1
34090.28327444903,0.2305213798032416,0.1156645106701018,460.92772469827145,0.4226552404740791,23.702363486908546,7.943739230670503,1,3.049529755152302,0.9979099818295625,0.16606227042292418,0.6654959738017014,1495.3588802663571,0.12215059194244078,0.8137780119353233,0.4565442102863485,3950.312004629568,0,1,0,0,0
34637.65225968813,0.1475492518509769,0.024523079662401456,526.6302972369137,0.9067392481542,10.635087470815106,3.0584722352374447,3,3.4976380540398635,0.9866235674220573,0.06768122067090072,0.918725447417367,7390.9592587676225,0.18844056596367126,0.6781932392615141,0.7802605958790976,9968.709613713589,1,1,0,0,1
25570.837237762687,0.6344511657595094,0.14413351332436736,92.87602103673814,0.4977351207839186,6.467229904031769,2.472229894000556,2,3.81577921701456,0.7762956164337054,0.07501088916486665,0.6549328247042423,5408.150875856316,0.26044237904258527,0.661743880821573,0.5718196407322952,9449.260004643238,0,1,1,0,1
48791.97060030281,0.7390815264924865,0.18646026968927745,769.3550411802198,0.9653214194027069,23.25791143893488,6.357543547006285,3,3.5592726369864125,0.7041612435151634,0.004220654726360218,0.7537545472346657,3561.2267273411944,0.5046409667013763,0.5115733859575042,0.8585465327318871,8907.276357016175,1,1,1,0,0
36264.496288206086,0.41798312761188006,0.009049600293413507,-79.92292529801955,0.7071356050924354,21.97557406488032,2.7711843864417727,2,3.2727406549351317,0.935359855236876,0.036570507544683696,0.700626291601864,4039.403873266262,0.39944057892076384,0.7501668278380111,0.7237695103611022,8035.367089419535,0,1,1,1,1
21278.268525176165,0.17017550009381244,0.0654196406101406,997.0378379657953,0.6056299328381363,7.277460360123434,7.058936682205424,3,4.456024515592395,0.8862482867887143,0.22273547787609643,0.927539192984844,3214.8766133403465,0.46339999099314094,0.7418045033758331,0.477422072686262,5733.747932097613,0,1,1,0,0
37908.98247770447,0.24061512856355827,-0.051245562665220984,-776.7837441973988,0.7060621842686181,25.67987009496972,1.719898145102337,1,4.62629531033597,0.8747765740014042,0.35674925200336394,0.7159592655729143,4422.561448883104,0.3902073952521033,0.5789153630905615,0.7159116686399416,17088.725810659074,0,0,0,0,0
23227.864967954105,0.06287347358322672,-0.027540260186127874,401.10366363712944,0.6616888696583874,16.931019710677973,1.8816863746555077,1,3.5149579522874497,0.957245496528989,0.11486590605222298,0.6930495944187421,2056.3256211906237,0.4601554551331214,0.8821620001033519,0.6374421180200311,6806.676639007647,0,0,1,1,1
39083.76143368207,0.6900091645923493,0.17244714158599314,1851.1431992466278,0.8311433776301276,24.371620706110352,7.854060885704309,3,4.548838989212607,0.8757668535485299,0.13109889035845126,0.8449118464488188,5680.333970179852,0.05170529219838347,0.7463371651555015,0.5082135809689912,4539.546546124867,0,1,1,1,1
42427.36021106664,0.1324257580230988,-0.027424660921749222,-500.26505968445974,0.4977472461809965,30.307847791955275,5.716872287890032,2,3.771107128802628,0.7135191772166196,0.04624224424460488,0.8012205549307214,4350.906797257004,0.6085388866228577,0.6694969850807866,0.9049094344372739,8217.709100840535,1,1,1,0,0
24613.859134834605,0.45356153285997747,0.11006535346682408,-242.19597641988116,0.5471352741202117,6.9404950001923105,6.92821057100267,3,4.013371581708006,0.8775452647502928,0.1554523782428411,0.553623416747923,4423.254192066703,0.11655213852488391,0.5734544545114635,0.40661706909948175,7276.23581475553,1,0,1,0,1
40670.385163198895,0.2418386544810442,0.1836185046889731,711.126279727132,0.9258660117732755,1.6700703798892838,3.270305641460626,2,4.712002149786306,0.7223254045134656,0.014888681827731665,0.7540844031719816,2212.1152346429562,0.2937494575861429,0.7760804134855062,0.5872769661268635,6713.948766334039,0,1,0,0,1
35715.028342428486,0.43792460176105535,-0.05724923076210247,443.66542555167837,0.9625195592052838,28.268590523852538,5.7353862466442305,3,4.499907363604816,0.903695591862798,0.3670402785047601,0.8677391941666238,5048.534193545271,0.5126230221469129,0.8764085130444048,0.4075570229016561,15497.104362423943,0,1,1,0,1
39398.54143995041,0.505994271846305,0.12692488785156142,580.5040794188474,0.924790759240532,22.339409880341556,5.159692791160181,2,4.610233702632355,0.8478991417966264,0.26924453924981145,0.9960373822956781,2258.056713707918,0.31113843080565434,0.6409996763424859,0.4576041679036916,3481.0087279815707,1,0,1,1,0
49071.13684388553,0.6308192625950412,0.0026251134805455045,691.3497041181308,0.5936135957701194,25.48738493677426,5.2220508408606285,1,3.2736903331727136,0.6309646207939003,0.39629952375728755,0.8145734169851595,2615.6982801824283,0.6181055310005096,0.6093971757883613,0.5782577315038486,8149.748275174823,1,1,1,0,0
29791.506955974164,0.19449489023242222,0.2851707500950319,807.7771748494159,0.8462558521048171,30.33542412460249,5.777727216764051,3,3.139438851667459,0.8051341449740568,0.3531292650713975,0.6851465332206589,4175.243846883503,0.33055336909926003,0.7609674820322885,0.43256271123362416,3749.307900285953,1,1,1,0,1
25216.374520782592,0.05769708006093634,0.09341825868796991,1187.7598735649785,0.6334350133107691,29.09838271885752,5.02751421190369,1,4.786809458175974,0.7373203876782963,0.18919623747926106,0.6130757999010592,9014.663799231304,0.5749636433616029,0.5776716512550084,0.7579783194142846,5835.900914415886,1,1,0,1,1
23994.370133370292,0.1458199410481651,0.22239701991006325,627.8549255428101,0.6482778965022715,34.632205142508866,4.003436585118662,1,3.7756685391421887,0.7314282530929177,0.20787401246015078,0.9364151170766601,4342.9322667096185,0.5364968680173625,0.8333066932971425,0.4521177447917097,14944.463799580128,1,0,1,0,0
24657.707435311055,0.6800130492936736,0.12009061686250472,106.99387630516603,0.44327607634009875,19.75772775982414,2.931458860663828,3,3.5757593561393617,0.8409025209509029,0.07623041860687754,0.9072826060567514,0.0,0.6385917816792099,0.8026718139721152,0.8210281804396571,9125.780222887573,0,0,1,1,0
31306.084615273063,0.6617230542937607,-0.08263498685807234,838.058960962185,0.7137912122809615,18.097347143096687,6.380069316392414,3,4.449392508523649,0.7289299297877699,0.18481573713582225,0.6169614103896924,2714.997233278499,0.6059286684505852,0.5435410247957143,0.43158526757629667,9077.482380753538,0,1,1,0,1
35070.3677733498,0.4681891715192158,0.15326055023760896,1819.9055479161725,0.4302951284273435,15.066051996175553,2.5839070100223034,2,4.6728311931597135,0.910757499281949,0.3612111493971247,0.6003160450732867,5367.458224441148,0.5888743008277273,0.5182601896906869,0.4355853368806581,4242.075087488583,1,0,0,0,1
34490.21719397017,0.47036180230355734,0.2805613368826628,193.89300289394117,0.5320952893470356,6.379186499547159,5.8464801430809,2,4.724979243796602,0.6283165744044698,0.02034136945432845,0.8575683884055878,1743.0781100317522,0.488962604311681,0.8101443262942924,0.5831955394199598,6301.513765132873,1,0,1,0,0
39444.649241324216,0.5155256721823788,0.14064472805853248,-479.6234437365132,0.8985211411339546,21.041253150870784,2.6333297585452864,1,3.6319942822504547,0.8641553009583302,0.34542272119932393,0.6574760309593797,5662.20488229132,0.2701988883609325,0.6471468869943704,0.9379429149815665,15292.486086234014,1,0,1,0,0
32117.01702690116,0.1727598950364147,0.2276755437707161,1185.6645354295783,0.44495306644759863,10.695438351409257,5.377311189681177,2,4.704424782403348,0.9236779214626964,0.1363791206570439,0.6531993991809789,4317.641149530059,0.11367525113894146,0.5432228765866993,0.7848359492339899,9997.448985747644,1,1,0,0,0
45081.80669441585,0.6900883621474718,0.25368258533936316,203.69506883712143,0.34981079962140293,33.245762927454145,6.229547869903202,2,3.0818678887486906,0.869132675968172,0.35980510603852395,0.5761451235338276,5982.654385181551,0.463187031358634,0.8797143524782433,0.8620787751573517,6641.140593428381,1,0,1,0,0
29618.088500858394,0.34313936742445117,-0.008768091220427016,-1438.135636811229,0.3483053148289714,21.411678149698414,2.5309972223457744,3,3.0993229829194378,0.7988916780079983,0.37635196253659386,0.631987759854915,2882.2917814980055,0.637192448802779,0.6570220015088221,0.48493126568626366,9762.429027879756,1,0,0,0,0
56481.522499306564,0.3181969697746482,-0.015182064036709339,977.9373417203373,0.9585491643521755,21.749406317783855,1.4196031060291578,2,4.247038390348309,0.9801228054944725,0.2683459548007624,0.7137537787963248,2726.432170134568,0.48596266239912134,0.7297997748191118,0.9004752599483475,9070.655452844836,1,0,0,1,1
37631.006129885056,0.41324239369798627,0.1443923955403967,-128.26254876313817,0.6548443065732842,13.42236313069535,1.9168162009592185,1,3.1262127382310925,0.7199753959192254,0.26576951463707116,0.8664191686362077,5129.9703165690225,0.6072376215664014,0.6184064637268847,0.4048877489165411,4642.241384592495,1,1,1,0,0
24285.581992253457,0.08287617674253853,0.06441138792268189,227.57337415667138,0.5865884502719128,2.8196273192197623,5.241978770897179,2,3.649218337020323,0.6076671550099911,0.18110173508349603,0.6681540472068749,3984.943250055681,0.53258282777331,0.8136585391789823,0.5278344104398037,6524.7670059117045,1,0,1,0,0
22361.96751744999,0.16639835812925557,0.23594452114668815,565.5842644552116,0.8676150067055428,2.1110317880546017,6.946124843580149,1,4.345511972493848,0.7727957485853764,0.334216089817483,0.6643021697399214,3863.9543764274513,0.14786880507000727,0.6507442076771797,0.769655392689996,17018.144408431464,0,0,0,0,0
36342.251737188664,0.5666235314984593,0.26000924935920444,452.3997438232531,0.8850781495373612,15.816730045361913,1.3149777486479706,3,3.674533792108453,0.6132047743601309,0.3846451033733133,0.6424566262762179,7137.939737898127,0.19952226235477238,0.9840104806138141,0.6251478451564302,9568.010333786564,1,1,0,1,1
29988.83493206734,0.10795906754758852,0.04136855172108725,867.5614537112316,0.5325337231809232,3.9597882334033248,6.139058813291523,1,3.3591995628801916,0.9815747010105635,0.3100327201356477,0.7391418337555216,5208.28185412357,0.25511936105741023,0.8514737743084533,0.990516035031138,1723.8319547618294,1,0,1,0,1
38426.004446828825,0.4722064766264717,-0.0052517764102071735,-48.389096455874665,0.7855326402316567,22.239643443904868,3.389230521650365,2,3.562701243707683,0.6839672182992206,0.2487746935026837,0.5903183489706576,20.15406660854478,0.15095626660280248,0.5683611381867328,0.418203548090991,10040.840592985644,0,0,0,1,0
36259.1386211619,0.22174437677692466,0.21221020609754473,710.4846385408662,0.8397859710963205,31.83405519738801,4.349698589436658,3,3.915150664500864,0.9155708095795518,0.24271715832853472,0.7428153670160628,5598.136245032775,0.398990799603804,0.7083474198367334,0.9991589007619259,13212.353092111785,0,0,0,0,1
31344.539786088146,0.32250692982938356,0.009922414219254438,92.36265793286626,0.7582554808061681,31.902018578155275,7.502016848918959,2,3.950771710710965,0.909828833269746,0.33978796063346495,0.8520877780973449,5397.937600830243,0.6352703144809708,0.6927105498649393,0.7741766997167896,4382.48727938909,0,1,1,0,1
24378.856537384356,0.2520856157394899,0.22904572740547138,891.0483847100024,0.40611655236006955,24.066589354628135,3.3238005331509184,3,4.566000462694404,0.6870915598731734,0.21648150630851937,0.514895252016311,6369.822574446865,0.5068753000616951,0.7671235553601916,0.7352241967576579,6172.63081326608,1,1,0,0,0
18366.374977827218,0.2989709015254644,0.06949530145950514,792.2939872104428,0.9131181584619399,8.393114101552586,4.257358537576403,3,4.500306458863025,0.8484906121920669,0.3215439544995291,0.504889690152881,2120.603160852982,0.3040320494404771,0.9209653372396267,0.43570746553838463,13815.083819834072,1,0,0,0,1
27981.36543139681,0.5533321336289718,0.1670199597165882,-448.3509616356763,0.6773661869152061,31.20488909756052,1.0957769033247677,2,3.91363560911227,0.6192315873945801,0.20355410206969832,0.5375614550772546,4649.6116504202455,0.0527026885881732,0.7917110075915008,0.5639973259995344,8139.649875304922,1,0,0,0,0
39707.589148911255,0.2579852009362225,-0.061785874466132734,1168.785692940026,0.49773069845900253,32.01327023596228,1.5711910400338684,2,4.691334698197543,0.793429834281547,0.024977709989569653,0.767830030864056,4223.260042486363,0.23796560668290723,0.5307783387999996,0.9547976129749575,7428.487108834841,1,0,0,1,0
33926.84369717183,0.446483248207828,0.14954372987062922,-128.7707560912384,0.5976597298063857,7.882875473353555,2.8101411379434884,3,3.2284742771827917,0.6058588509089947,0.1535788035616621,0.9272275415927017,2084.736305040494,0.3660555726153291,0.8277078484014275,0.6125476019135465,2655.7678804860843,0,0,0,1,1
20788.35099159211,0.38323528153936975,0.08070707149489165,946.4462386249161,0.32629976327923516,26.809913001973705,1.1949656857475208,3,3.5107067004578028,0.9684575520723367,0.1777763830685995,0.5024422330101259,5893.533135813162,0.24455052431118235,0.5041326489729292,0.7969919202803506,12282.26523392347,1,0,0,0,0
33558.628332660635,0.5145698157538536,0.13464338527018965,593.8298507210725,0.38950676085569225,11.028184212449304,5.419627282337757,2,4.655952927004503,0.9904344096798287,0.05664689799464689,0.9683306522923405,3516.908001381235,0.11662095381431573,0.8899802302701965,0.9996978102512329,7246.123852997492,1,0,1,0,0
35467.85641755953,0.7057808175273306,-0.03279431690205463,1770.546941436098,0.8358827253611025,29.09241093235254,3.9847884976113574,1,3.755988077252306,0.6889131066554341,0.040998531675685124,0.5531392557852679,6305.464782504669,0.3156589741171367,0.833318036205621,0.5578418283001247,-683.9317406270766,0,1,0,0,1
24045.283074189803,0.5628004680471752,0.19474949797767285,121.22721410251827,0.3000081443287563,35.90332649662609,4.837016419096154,2,4.962363117587684,0.6832424138385491,0.21418597986278165,0.9209917640291132,2514.282429865048,0.2019516901794297,0.654392829176293,0.7456485274086964,1709.4499409349837,1,0,1,0,1
33383.52595350975,0.2004582650135297,0.24511883101729146,20.546563105442033,0.5915960799376045,2.0509101865287485,2.2225303012743067,3,3.9325065630556706,0.9014880706248518,0.03405745462243286,0.7414273824914734,1078.8290584012093,0.5955394258769009,0.6462209022947578,0.8178626756213279,5753.677539269209,1,0,1,1,0
32523.878466014,0.07182819454289927,-0.013304079963689736,284.4643152898139,0.6657571267599118,32.40780530268262,3.0715242060563126,2,4.583871245927528,0.7013517595317338,0.12117806715603359,0.829678693639422,3514.867635937711,0.11105271710060945,0.8991364982731528,0.49877634793924913,3708.630827349458,1,0,1,0,1
21713.26731952439,0.23358483100987754,-0.06171417779193531,57.45617373257966,0.33824409400068056,22.792068675953033,5.646771323969076,1,3.804614082764744,0.958030623664738,0.29783879038523037,0.7553414922235913,4463.826365124894,0.07949157723482622,0.8916683459623103,0.4892035382177093,4336.152985200086,1,1,1,0,1
35220.08624313455,0.4665545514901783,-0.09054456558146545,939.95352155364,0.9811547140806329,35.06839167076874,7.757119065412799,2,3.8499070381248606,0.8295716544491929,0.38577287182719233,0.7385241125896773,2931.608145562176,0.053188501492917234,0.6761511771883799,0.673784746994904,17378.67958121372,0,0,1,1,1
37047.06073731411,0.08599806943897524,0.15678860017730642,-993.0484867492703,0.45828773187477034,17.275333113424967,1.3529174152154644,3,3.765766294568367,0.7403110492041248,0.2871482322207714,0.9174497141821958,0.0,0.24684181069139466,0.6494738640398902,0.6314875130555736,10830.092054664416,0,1,1,0,1
41747.461188577494,0.3974563730408654,0.14283761443551232,-542.9459353170832,0.5129391037453965,30.65857756999808,7.232690245986863,2,4.4381512410216235,0.9330774985397681,0.3970502193811481,0.8779431897839082,4767.29828983754,0.44623210292053317,0.779912394441395,0.8285292621143883,-2309.380091977373,0,0,1,0,1
41484.218468314124,0.46778999424182244,0.118678965085628,-554.2423372633544,0.5127597585785191,3.183792400939703,5.038168409178459,3,4.095035768119989,0.797362680165358,0.2793351885117611,0.7417011182615021,4757.961381044051,0.4882482517290756,0.5041828299920721,0.4417052628691518,6742.71235511799,0,0,1,0,0
19600.97568838618,0.2839707235718726,-0.007221161553609828,1060.2460735788604,0.4612916634821449,12.73476675274035,4.9474369672893665,3,4.887556222736738,0.9646531654833902,0.11751778826173101,0.5558179646980308,5374.334557081933,0.3219570100290339,0.5413335189932711,0.9832999742444143,7642.026370584527,1,0,0,0,0
23559.574640763894,0.5896385426220754,0.056362398362205884,1668.4906980655403,0.301031675460418,3.345578821292349,4.501949746454322,2,3.5017806330682095,0.9712056946917524,0.26882101620214477,0.5577014796572041,3239.0151288984453,0.46059719027316,0.5630847950743684,0.40856618901149944,2092.264264253463,1,0,1,0,1
36635.31740487794,0.12461877719364026,0.13779053407446923,216.4406251700228,0.8105413558615975,35.137009671767466,1.4857586013292838,3,3.2011254641668887,0.6661680608513637,0.28086270607876157,0.9007697303595377,3129.8965352361856,0.26594842172921807,0.5927059089135871,0.7607900946016908,10137.545222143772,1,0,1,0,1
36624.07355820988,0.10259644721506614,0.09870674354366776,164.9426214479915,0.9767918498594996,29.594086754514286,1.6291379621531248,3,3.7865229701984306,0.6009293624527721,0.14869079384658423,0.7646953106737667,6880.643545602983,0.45068373199197015,0.7560090633377345,0.737579557520433,-165.55730055967433,0,0,1,0,0
36635.429176754435,0.5597321293425224,0.2951142080859549,356.0417304905451,0.45700543829953155,30.839159743608967,5.206384039613603,1,4.233425415293552,0.9935723760569609,0.007085540243755606,0.7407945701096813,849.1906283565677,0.07435759118142404,0.996120957430561,0.48082943852183546,12387.787831081481,0,1,0,0,1
66674.5834158925,0.3968439213443389,-0.04542409897730675,1229.5026420865524,0.7641330342623956,33.8287831001863,3.3867100000489083,1,4.72159787383099,0.9624550144509918,0.2812799139101948,0.8402834206803576,3505.7644126647197,0.2844517907402025,0.8263067008736767,0.4905495896281179,13766.119926891537,0,0,1,0,0
37138.0145962385,0.5318816774994152,0.17805782161903752,-441.88250735245924,0.8193274288711005,3.9786220141924873,7.420876466043765,1,3.6923937733606556,0.6221780942815366,0.008680038110216648,0.9294207917071302,4284.603692263611,0.5245098065799075,0.5306493972246118,0.875606492676776,17410.340315828013,1,0,0,0,0
42220.09076162539,0.3543791370226223,0.061727507241716856,490.6951861878281,0.8938977653633673,14.495915737966667,3.846133761516306,1,4.307573502248923,0.933213705576428,0.2524752312240285,0.8144365722066527,5212.043660028482,0.5318036182754008,0.7627896870311208,0.9325374750476099,1702.6829830683482,1,0,1,0,0
40586.01587143882,0.22248142326737474,0.07127984597024592,1080.1581038259437,0.5958404379095263,3.4862211165400745,2.0029702109184875,3,3.700397362046438,0.7831219730236827,0.06544659549702203,0.8814239511732396,4339.534364808637,0.4796892673254167,0.7483226061947522,0.5698101795302617,2516.4105659994566,0,1,1,0,1
37862.52126175218,0.6233716223719398,0.1870391062632705,700.8753359518762,0.5120516339483004,8.377758554251002,6.003031834514252,2,4.234439165988916,0.70358464200999,0.22624141109921736,0.8826352620584785,2156.0147230768816,0.17254317234191863,0.5720839079090247,0.662778378377541,10770.688137010924,0,0,0,0,1
29162.57679823689,0.6095911152782855,0.17697446052974788,451.6652932789947,0.5277065938161217,9.027802196318532,3.053473950087069,3,4.769615894061301,0.9514986094707719,0.20156521015224002,0.6781307243964796,6335.227896041708,0.19832307135837995,0.9601361844012039,0.6129970246230121,12730.72022026391,1,1,1,0,1
38830.72298443941,0.5362875295980987,0.29650239748087537,1100.836874053713,0.7988349331689589,17.418752386665254,4.678292151491252,3,3.462715284518818,0.6786668929561229,0.005405456922473029,0.6370415978204979,4003.814824553815,0.6476532363587074,0.7203826238376845,0.44352820779199115,11235.810645434289,1,0,0,0,1
25044.573069161852,0.24050159606097388,-0.04864228421834991,-1862.5858343993896,0.8717456265539452,10.39967586087749,5.88482949853619,3,3.8084832842140783,0.9789199997680268,0.14514632679804138,0.9005820335875794,663.9945870172714,0.11202680432117593,0.9972795703048698,0.8039225476094857,12318.868028777042,1,0,0,0,1
29868.63253933992,0.46316146680836096,-0.05835614024633347,842.3002556247261,0.4271297774296219,4.534233738621638,7.3018487784144925,2,4.986530392859493,0.6822485950797365,0.2404364669585211,0.6885893958921218,4418.353301546788,0.15839761934144564,0.7100361476260821,0.895115760883414,13507.309447860136,0,1,1,1,0
27631.72806953807,0.3026817278580187,0.18973552685149644,-223.26054650193907,0.5596587057104356,6.862188118293769,6.545338363611733,1,4.737114056498921,0.8454732750914974,0.3394426207595119,0.9516680032613526,4950.553742442928,0.12801575339007956,0.8039788513418047,0.5829276144347243,8809.00158211693,0,1,1,0,0
32736.867254476903,0.1141074513286439,0.13135476680256364,-1164.5063174851655,0.9313581377244049,6.154644724323182,5.7345274751090685,3,4.1292797157924035,0.6892345338115899,0.35545684553460694,0.5348453483650598,7921.487906796229,0.24659297821016934,0.5523812682257201,0.9941054761784309,7149.80034631763,0,0,0,1,0
52831.92710006158,0.6921195028235699,0.009664266623922349,708.9620796199846,0.8646854637863175,35.05768792693044,5.757432276766005,3,4.033255183708551,0.8182674659874539,0.1935399880132893,0.5291087560376698,4817.502697740584,0.176105501140354,0.7271139119034347,0.44551093436941297,2527.291168298385,0,1,0,1,0
15194.613266674267,0.14577304164327298,-0.06823225240440536,1398.9268361303662,0.989400881933733,27.575237742146577,7.621472508224606,1,3.569200764609362,0.8735900519660564,0.29136899491977525,0.9635020800507041,1035.9488559697556,0.3486127757286632,0.6193829470019867,0.7970744282887126,6807.578379136806,1,1,1,0,1
38176.341713370624,0.7151661476745617,-0.0657367001614278,190.0411882978465,0.8279737817774564,34.87165128443467,3.0707686824757525,3,4.034418855387059,0.676091172328055,0.12658183061338307,0.8242274570907174,1106.1974183832872,0.3356124241280719,0.9177823992856176,0.6689368087156533,7420.446390676415,1,0,1,0,0
17485.557159293137,0.36220404107056897,0.25767634986564736,1062.299637762351,0.5752366407195455,16.3909170277768,1.007784659373312,2,4.696362996559895,0.8083543130802717,0.13687456230346298,0.6897996782241662,6517.418916396535,0.5909033716707819,0.8919597924337699,0.6679611406639936,4201.26170670298,1,0,1,1,1
27752.613207895098,0.17959305018703375,-0.02325307011250284,1589.8226063909165,0.7134464837962464,10.742896858192982,2.9036819157873905,3,4.370349026555561,0.7876238977560476,0.07778540767292551,0.8775302074080914,2394.3939733017214,0.07084396846686888,0.9120899998126792,0.6745873696201241,7847.103195371744,0,0,0,0,1
41800.555372706294,0.4293306631648507,0.029348624846208315,1351.931562867238,0.7627099779731241,28.940261902321534,2.525239657387208,3,3.580088056355973,0.6284149685613365,0.22477924399729574,0.8361634049968206,900.8378717096807,0.24192774600065803,0.8618047188789757,0.555209064280857,3750.4841316820693,1,1,1,1,1
32578.520171859163,0.6610620851134859,-0.009337439109204787,1611.9716234971143,0.35491907142198675,12.418887131440137,5.6328420957979874,1,3.402927842107066,0.9273231270701212,0.12582566037094609,0.7656005234097981,6001.021735516865,0.4079947351982541,0.9163416118100256,0.8293376963993395,12453.32934538868,1,0,0,0,0
22300.296998636244,0.5625574204866929,0.04199852233277493,893.7019928575138,0.6811478713727055,11.47841807968719,5.435981198358704,3,3.5304170739936582,0.7342729602571367,0.03374835857540202,0.5494366713313257,3048.5283755706587,0.4128810571063783,0.6004143750874604,0.8329459156510162,9703.297876716639,1,0,1,0,0
25562.266616660287,0.6145928035030148,-0.07223046290156265,360.3469111212742,0.7965245799308267,9.137709727274093,5.154229678933067,3,3.339518402785653,0.8298328790207519,0.2740024346652715,0.9060897936463758,5894.027928319216,0.3380757374085255,0.7260218882899008,0.5694382660634962,6161.585244646744,1,1,0,0,1
38116.379740412085,0.5111483566975021,0.10762391636330815,-981.5726495177348,0.41712491280074226,5.538764237848238,1.1137041024661758,2,3.191281392047432,0.8059136939732537,0.28310128304215926,0.9330115953403124,2170.560989341177,0.5393993244887803,0.845923439972984,0.9011838765150701,8755.36243130434,1,1,0,0,1
25426.70031454577,0.5345935951624967,-0.07295497456311405,103.15000949604115,0.8464422021978899,9.976207135586808,6.101446381154532,1,3.83827234888411,0.8053042018281769,0.14399696751162314,0.5860843442763246,6947.62466733176,0.08763330284867528,0.8186962489675674,0.590106966190198,3579.6409505674,0,0,1,0,1
33948.12730623777,0.6444369560957235,0.22014260312894465,-374.5972762529534,0.7086409463598782,13.43619119658607,3.264712887398441,1,3.2265992087965354,0.6428889576833949,0.030689359782409123,0.9252558259885333,5744.127413866552,0.5392926593480816,0.8581772414370434,0.8350558743919254,3985.228947522946,1,1,0,0,1
32410.146559134326,0.22476760620143016,-0.006515167235826791,2036.754173998251,0.9665552499883161,24.589797285100566,5.655391923046418,2,3.3438251154542087,0.7693928036997331,0.1705190869613704,0.938923655508282,2554.629266797306,0.34685254426142215,0.6121291915756158,0.4725998605072399,5464.581446891109,1,1,0,1,1
26135.59687154765,0.3925974745501983,0.11600476584180425,159.2913500541307,0.3296956087448242,3.189769477680805,4.896048999515074,3,4.094649368678972,0.7809467036826281,0.1769341832200862,0.7747143061442581,679.2190662107182,0.1302564170462013,0.5492173545224949,0.5012209856822474,7232.2877183635965,0,1,0,1,0
51295.496803927934,0.20484660927372156,0.25203163502458337,398.56384542758855,0.48572829628882686,8.367742888287003,3.39911647799535,1,3.3291985473991494,0.8934571361457794,0.2674683539591572,0.8280895181113435,8610.327717508284,0.5814211481242866,0.9584032890373881,0.5894773867049508,8564.807249956097,0,0,0,0,0
37705.2712008621,0.7413676055976529,0.16035094761887767,741.188300832374,0.7210877155098768,29.315827410208673,1.9420338697287542,1,3.1277595348618057,0.9360075327682794,0.1261665565034734,0.6911186600072456,3579.5845960137076,0.4395372677245781,0.7800859477836792,0.7563242606007169,8580.625467584023,1,0,0,1,1
13773.716720081535,0.7108415377806293,0.11318311462053413,334.881957097963,0.5075919385441514,6.142267325431977,1.6609322836233666,3,3.6347777000557704,0.8179929112400072,0.2730397119125222,0.6408958237546329,2474.5367058485654,0.14812741209448357,0.5769129622537055,0.7873068912872196,2724.889334010799,1,0,1,1,0
33678.08883292485,0.07759876795795413,0.029733501246150235,1656.0408323446024,0.8000969148498696,12.992580128288253,6.820628331785565,3,3.440638197243935,0.6347131816259962,0.34859541670295535,0.8609915734758224,6772.616537658998,0.07018983403941596,0.8967182909436808,0.6378137031804849,7677.084468431367,1,1,1,1,1
26043.92181708451,0.543902620760982,0.033200765223279166,-198.11948938756154,0.8313036977653516,31.263062265034904,7.428782794570906,1,4.030610375988753,0.6947397882386185,0.09499441694487994,0.930937574507904,5891.519706824881,0.13466578899958956,0.9574649683146412,0.4467034918663084,4727.778717673782,1,0,0,0,0
39671.900013166014,0.6976738221909661,0.16779478207927603,455.68596418979416,0.3717611748465321,6.422385890020493,5.548516327350097,3,3.204734169166419,0.6659736107410924,0.39156782244795996,0.8270387764778737,6365.59308662516,0.4152787761082361,0.5847817592855545,0.6241807912556345,-5635.866949802536,0,0,1,1,1
24867.313354105696,0.1764027415891335,0.297655744488467,-293.97646855843857,0.6596981249447373,3.8957892466366464,1.7240388040233836,1,4.503541575365956,0.6498460252756498,0.1545472548547228,0.7557953053232747,3802.9834449645377,0.15757774115602907,0.9087062276345552,0.813260509575491,20302.342126091797,1,1,0,0,0
30967.372026797908,0.4475616613868406,0.16473567593975144,-756.0180089765647,0.6562233889137391,17.95882982780038,3.814190518217685,3,4.8124670388702775,0.746359719447123,0.10690347405882471,0.5794623834220858,7762.109380647249,0.18545784492501688,0.9666125306595641,0.8025972766781896,4805.397096188354,0,1,0,0,0
36544.88551082411,0.6908418083116293,0.12311336694800998,-189.41527272422832,0.5584965391508787,11.584682894748774,6.102574400736101,3,4.486870347912388,0.6917574008617529,0.1686044730041162,0.5267293563024091,1378.7636388972765,0.06508383545378851,0.9691808001480087,0.4961178479232657,5027.391383420778,1,0,1,1,0
39791.796747531094,0.07376218501005918,0.19226020409569847,270.3705623612704,0.9530474037987704,20.719292756934895,6.458746188070477,2,4.065654074802788,0.6873212447246049,0.03775899036154367,0.7228458951233732,2895.9009568849574,0.48375840334316217,0.9570782308267506,0.4046703821613803,2614.255510557633,1,1,0,0,1
21197.332336498013,0.5381941870727879,0.08608224491348726,-43.44177961380797,0.8792544239112547,29.13317116692163,1.8275303560376202,3,4.7213356435777705,0.6218772698305071,0.05028236260484627,0.5246747818487106,4779.757511429767,0.5362186398556622,0.7732105061800514,0.8517889703776701,3770.0281812113044,1,0,0,0,0
28989.488877431464,0.2581443051607855,-0.07594306295968592,-253.93678389908473,0.7880465673367457,5.800197085346011,1.0002150319176768,2,4.389836759563015,0.6070680179181736,0.16577361878733257,0.7846673159536126,6336.222688474227,0.5281089060632739,0.6781056586269346,0.46382089983114627,7245.310740343534,0,0,0,1,1
27725.492199551394,0.6970773367635713,0.12491872635116394,-825.053970937467,0.8000286450144982,21.324467959399975,5.984959321164235,3,3.02110224490038,0.6411072970599127,0.30497780877564007,0.6913645956588856,5322.318041049659,0.12654089081857053,0.5036364038470047,0.4494094863785713,13407.253296480112,1,0,1,0,1
26120.03690683659,0.7297407716157575,0.28305011380215206,233.5155418970442,0.6232013006691833,18.69280661364524,3.4961732319034393,1,3.788180305549006,0.6688789917694532,0.3601248958297964,0.8785945598409848,3834.268528306418,0.5919806764332556,0.5304561134357635,0.4016207301004981,7222.60531380928,1,1,1,1,1
47889.08816252987,0.7109865423794037,-0.02987882305693615,-903.7762992248017,0.9446961647676031,6.042757510461985,2.781369321327822,1,4.7019037988136,0.7723934915392813,0.26592719628650835,0.6528242484180917,3049.704265521041,0.453367297684448,0.7144195076486953,0.6595607955741564,6705.750763061301,0,1,0,0,0
35644.8353986486,0.3819499516602246,0.1760019563282663,908.044770951682,0.7862167990772997,22.839946993514385,1.090282288526678,3,3.6917177159505385,0.8042081045195378,0.042087822095267895,0.7964913504837161,6347.021716718709,0.5885171734261188,0.6996630731957552,0.7019583405404887,12801.09590808555,1,0,0,0,0
20652.044410984592,0.6534298556925194,-0.019626524536377407,365.9518023476026,0.8102867431590715,10.577414625127007,4.782095847330497,3,3.070430347051047,0.6562367672693462,0.268807904872214,0.7688417608775502,5528.792026554061,0.31829630271839815,0.5923569547849417,0.7825984276891544,5902.413877859666,0,0,0,0,1
40260.75752349298,0.6411845789745493,0.11433107378923252,-866.0411995719444,0.9031836326511415,18.074201149040437,6.958055147981872,1,4.492359277104544,0.7699133366096745,0.2541711682811888,0.5023562127611205,2250.9524146178715,0.3121729166502186,0.6977400140158284,0.5776383044275515,8084.597582302664,1,0,0,1,1
51099.4057731137,0.27337033127027893,-0.06132942014131215,52.632738360109244,0.4918501125395337,3.879531349697166,7.703421523908116,3,4.604076540565737,0.7366995369303709,0.3223055673173325,0.5361946991321551,2191.461203873946,0.5207219112109371,0.587325032727684,0.826254829832068,4313.719739148075,0,0,0,0,0
41292.18734496032,0.6302408319054742,0.08014837450327406,-301.7251244724665,0.8649496327066921,17.085442002476807,4.960214654293025,2,3.3211873900866173,0.6733694573991824,0.33009946666087236,0.6451841062430103,2909.0236911209695,0.1059787132860461,0.9243956263879203,0.5015991144441649,14740.53400381028,0,1,1,1,1
18325.67030641388,0.07590534430084483,0.20246533155809845,555.3396083353443,0.43666842206954437,11.72622138149871,4.601229294179259,2,4.074680993686362,0.6027362992593454,0.3472812303115916,0.9411175405103825,2652.47626876125,0.36252442198093143,0.6490974389377995,0.8991940318662084,12194.040960143386,0,0,1,1,1
27641.893344203738,0.4673889149374371,0.039028609695592825,1372.3603568185156,0.5417393665714214,29.783342391487402,1.5953946984246876,2,3.3839108779914513,0.7868071466086967,0.16565260583163935,0.5735074774498893,6059.6818250929355,0.5518305413787354,0.799282175079155,0.7431089973342673,7388.050521866533,1,0,1,0,1
43402.20034267961,0.2110061861013921,0.16596468979488724,-1200.1379757165957,0.5349273179888898,2.99425544490789,4.8421096107981985,2,4.438468838088293,0.8742606997060798,0.27914575814085774,0.8554471652302709,4871.464644436035,0.5481155378417428,0.7514215309995433,0.7503338940232291,6402.226872517096,0,1,1,0,0
25630.974809430973,0.13439682004409514,0.21817998431589167,392.02086331793373,0.9849678278723983,15.651254622141549,3.6598535527577623,2,3.5431009103549713,0.6905109336575228,0.10730014356892431,0.9866832830761436,5115.574480806196,0.6236797138054214,0.525941038796996,0.5258652482674648,7872.642173453045,0,0,0,1,1
35994.374853316054,0.1038672411404464,0.27087112779178113,171.8937635466877,0.8995760566235487,17.04509984460033,5.249946966185038,3,3.63243024512666,0.6527227319586717,0.3997345119934017,0.8952837763455777,4383.339273593552,0.46896355611832785,0.971116859745583,0.444465249580233,7446.469685556797,1,0,0,0,0
38971.70648086403,0.5374021431146978,-0.006143167257818577,837.0720611603725,0.7908189031131818,26.375212670469157,3.7210844351358268,3,4.6899417072802025,0.9548170977787848,0.07013369655074397,0.621472680843522,4477.541430674709,0.17466237766383702,0.7636129891252417,0.6788348818484029,1812.721338709307,0,0,1,0,1
23657.625755797253,0.2879124746376463,0.05972636632372327,470.5573025901513,0.808939733130773,21.100065128157386,2.6820938641525673,2,3.9526447044138084,0.7100099089951191,0.004045772664334324,0.9541826302065408,836.3651693193774,0.0621681889367485,0.6625288216959077,0.7693671711534154,12330.669805701498,1,0,1,1,1
31464.271795443798,0.557336740070133,-0.03903359466783303,-301.5754653910552,0.6934509560817997,24.352431801796335,1.6647569265986355,3,4.339508902436496,0.689445047917066,0.059523485807270404,0.546553578254195,5588.367315369537,0.33764947917626115,0.5790632848165341,0.4570278751970114,7091.448879022457,1,0,0,1,1
5000.0,0.09574943855925966,0.29699340086335013,44.756851466705484,0.9629634669759632,28.196724997811465,3.20442911212227,3,3.8047461014449353,0.9428387758439664,0.3103489158176507,0.7340709709353679,2873.0370388171145,0.3582223193735333,0.6692633173634179,0.9703206847169,15593.36150418458,0,1,1,0,1
22780.511227991392,0.27070323648142725,0.2708003871697181,-336.8206854427913,0.647381127017653,31.177104078036606,1.676513840014266,2,3.596013714387511,0.9268428396667046,0.1787134706032846,0.9437709538632069,3933.6893339000144,0.19415755069935886,0.5102558015116947,0.9882486161396841,9687.262843050328,0,1,0,0,1
29726.886637461557,0.427643904662736,0.11598285211222384,1160.8057108788787,0.5663623969089262,11.985642385286468,2.2382786557678873,3,4.250956120849323,0.7793385882098535,0.17900009912417134,0.8206328546284349,3053.6541557293317,0.12481846827416192,0.6817790776741488,0.7272740172354952,-2084.346600518771,1,1,0,0,1
20769.951362316355,0.6035062153872744,0.23681331775056855,317.0493189375538,0.4141247358521137,19.830794687736603,7.9113531100568215,3,3.3097151481576423,0.7956955445711098,0.38200916784466743,0.7068222823638495,4291.743130303352,0.40172489971430536,0.7657429636522524,0.9700414931640438,2873.506200603798,0,1,0,0,0
46691.70173538472,0.2731267520524489,0.10838319090881687,1820.9525486024058,0.8503439565827406,30.403782745371995,4.10872489834633,3,3.745999671133726,0.6870994819336088,0.3678539632112297,0.6464064333685844,5146.187854487991,0.5085534044144848,0.9359331229254724,0.5076671425485119,-584.2204268730438,0,0,1,1,1
19128.727598354308,0.4881239635059063,0.1494342752011039,251.4713489483034,0.8141107524529139,35.63078958377697,4.723102365535116,2,3.4180740747718446,0.631320668191823,0.12447789512160368,0.687549702659175,1982.289934953342,0.6458924621540963,0.8436872088488988,0.41525241110771494,2823.807782724408,0,1,1,1,0
28039.599619727145,0.670184423765331,-0.06435022715359336,-266.72541352837027,0.5690485269668943,32.13317588653171,7.1153297011605074,3,4.391589933881491,0.8293727301422644,0.08362325151234647,0.7544708905046431,4505.498448488004,0.5049815703263111,0.5557911565666207,0.423645721174234,1465.5933032424791,0,1,1,0,0
33176.665195574824,0.4811042317276132,0.2021081681987232,-910.9715140902617,0.31763538977146055,14.001354191853189,7.968982303434815,1,4.888417676692216,0.6393379686360853,0.3393928839734959,0.6595219649364037,3101.994842492287,0.5261794485533485,0.5738731622189805,0.7525074876560675,9010.269961527361,1,1,1,1,0
44971.45960159504,0.21307163232754361,-0.04891460654590607,-1142.511741004756,0.8872981294026074,7.830828102652765,5.079001145412771,1,4.991021936031733,0.7797098187826599,0.3624076284177453,0.9844839310411498,6642.917551752007,0.41987652693727845,0.7140616839091873,0.43698513006209416,6735.658633574897,1,1,1,1,0
19077.240639385047,0.06708054708957661,0.23042705210101136,-967.3087544043917,0.30799258841785154,18.128738809230605,6.687316747309201,2,3.9005536208831817,0.9761988794052043,0.21663876911939478,0.9665388265330725,1770.7491940407444,0.6415535953820106,0.5978538758193939,0.9751273640944522,10962.159672115557,0,1,0,0,1
42468.47376939464,0.6590692117306509,0.2128112350681544,513.7013208091868,0.7925898457403356,26.957450814261477,3.2885871703567267,1,3.505060779272889,0.9811337556682338,0.2517694844468402,0.9353357341071604,1994.9674608718922,0.4339738310687422,0.5139248887913779,0.48515992645563916,7847.601669304154,1,1,1,0,1
32092.097549176284,0.064888587595271,0.1834978790971906,706.9800185839471,0.9791799768082399,18.239917476365417,3.140207702131038,2,3.8856587407686485,0.6957329146189435,0.10276571387691735,0.7109149177613268,3280.8595639263795,0.5661519718398226,0.9025074400590352,0.5828336836317872,7038.76372742066,0,1,0,1,0
23166.422140568444,0.6622911708789396,-0.08553584779009515,-964.9525616257067,0.6063629297037424,17.911330215978396,3.8189260469619213,1,4.694538819925448,0.8496453680182617,0.32032107519140984,0.8456508846676145,2148.712569972323,0.6174707877445734,0.509761285348997,0.893510681199009,16012.827797077374,0,1,0,0,0
36158.93126836944,0.4202559938190484,0.02125134237813145,1016.0306512608923,0.46448138349716694,30.33806473786302,5.707550838715544,1,3.4120113571040798,0.7896305056431431,0.25284897137960927,0.9514146535179824,3551.237974026176,0.6079151003003366,0.915344802599007,0.5312441938624559,8891.29053543401,0,0,0,0,0
33791.53726016123,0.7073473889590274,0.005245027964337151,-86.44884134675158,0.7934097070303672,13.649132267351522,5.775341824785691,1,4.904191303305847,0.9502740510344424,0.20140540451919864,0.925214743839464,2944.2289877685735,0.2788492062700139,0.5720519815164831,0.5457810750727423,7677.953929989702,0,1,1,0,0
26598.048105570848,0.6091482650415658,0.04405456298860763,417.4344095884395,0.8719896994109095,31.092813618407597,3.206676042546156,2,3.683731537596302,0.7085723457104213,0.024043422431358333,0.7071635070101039,4176.824755403625,0.0971972349885552,0.9873392054035581,0.785385373474611,4586.236319727828,1,0,1,0,0
32628.21876491017,0.7485538773733362,-0.06494290129446459,1589.7765026043394,0.6825012212544931,15.238168033310325,1.9324694689564008,2,4.97160731890061,0.6014809627329667,0.3663739850044615,0.5561930246611304,6016.1440556483085,0.1531242215235481,0.8019369559130951,0.5656516530935574,3296.34593732149,0,1,1,0,1
28532.177628244157,0.2954982708161971,0.2747831292124251,1017.4714526924255,0.9769246926793023,12.488158698741879,5.42677379525856,3,4.677217775067924,0.6650244823725661,0.24618056815376244,0.5378151819172747,4142.559211368549,0.08553398323796449,0.8674914858149477,0.5304685804046202,11082.004073568405,1,1,1,0,0
33021.65610726123,0.5870318022517889,0.12152089628495052,85.17548167533414,0.33616810516057277,16.889646891989464,1.8982810353213515,2,4.617141068294781,0.7398091204677593,0.0770764378771872,0.7885320226128514,4324.7091216329545,0.11323816089748402,0.5552418139840325,0.5525066285833945,10842.783991339436,0,1,1,1,1
37959.17607068942,0.33135163952646945,0.022209724263209413,-412.95378033222994,0.6533569188131696,27.685643553620395,5.04944755760531,1,3.635809347546567,0.7262884519081955,0.24255444679322113,0.8213139676054658,1885.3547943758003,0.16079074753621858,0.93105203672574,0.694388499604436,14286.314955795999,1,0,1,0,1
46274.15134530817,0.38591293421273615,0.05879260682971338,-1421.4523210634438,0.8029177631257851,5.4100709752398,5.853954896394163,1,3.017554423895859,0.9165451676491544,0.27098534169598937,0.9249213022985121,3731.8808923697406,0.25465658995244106,0.9195961714357692,0.9796599236388893,9915.646373211262,1,0,1,0,1
20859.66051055836,0.489253824252859,0.07888101620193427,-275.3226553939361,0.9038483298044253,7.8746725555206085,5.904280474761162,2,3.7642658176519754,0.8722242664555351,0.2103081346732902,0.6462575101705155,3156.4910567812053,0.3761237879450455,0.8264963657708588,0.8993427649367369,6427.588650241817,1,1,1,0,1
51197.3003719064,0.6615739799304371,0.1402377333442469,131.09580893784445,0.425478928335453,34.30056889820822,6.274304774617177,2,3.6036187393253876,0.7198225278459589,0.287240695182409,0.5837352452750213,5363.28192728097,0.4770092356130516,0.7511374322976937,0.5707661587361063,10044.041115081269,1,0,0,0,1
14431.209804297483,0.7388584284395066,0.10627177107859911,-489.7436217209472,0.8600024372345769,7.142206958347508,7.110015950959652,2,3.074793980817595,0.7830975268664854,0.23258157917144973,0.6895029165890998,2470.866033594605,0.17655640166390718,0.8607445865658363,0.6180239250988586,7678.797591184237,0,1,1,0,0
30633.93414467975,0.5877913897051628,0.26775678928576696,194.99442632615623,0.6868949530029816,20.87045612758691,4.499712943753519,3,4.010730513011859,0.6382236415833341,0.3791078328128593,0.6767875618161375,2278.688814977533,0.4535134425428836,0.502964107668439,0.6787073503024464,11461.54053629508,1,0,0,0,0
37294.85485836119,0.3424367475171336,0.09878539316233212,361.48150636701456,0.5775875773929742,21.276006333167825,6.111744326706998,1,3.8060626225654732,0.9592585779280403,0.021478831439722734,0.5662344770089274,4634.858394294697,0.4725554447014518,0.7962203776992297,0.9873577882101943,13337.327307408175,0,0,0,0,0
34528.926809615295,0.3449499015939491,0.29686320592932514,120.11521455353716,0.3922005200053655,18.136856171758566,5.334209147560857,3,4.269112935483049,0.9741699297794136,0.0424982833878242,0.836141326256576,7960.206108745878,0.3851734021197136,0.9237030674646183,0.5034342810014294,7325.774614464849,1,0,0,0,1
26395.704321614656,0.566307611112224,0.24056998309803831,-220.00206465876784,0.9057070312362387,23.56608370018865,2.3064795785837777,3,4.242372644388166,0.9919214141523752,0.06946865478173594,0.754345970364688,3648.1027520506736,0.5921707218792264,0.6784499435873774,0.6144898620951297,15029.238559258956,1,1,0,1,0
30126.899746784522,0.21714400203781165,-0.01659579425706567,434.92373757338214,0.41009124572580075,9.043935402916645,1.1798275140858572,1,3.2414932717933604,0.9474211323143351,0.2760684282417329,0.8605613780573831,4336.416812460998,0.11659688835308639,0.5541446782414584,0.8376556563896289,12753.389070486079,1,0,1,0,1
27562.991588070505,0.12733187919197625,0.2722380858575665,653.5525196555272,0.5168515014463695,20.34317937218619,2.9917896997385363,1,4.953931092253245,0.6695843550784902,0.2582383490999235,0.6763455600848673,5896.043696709571,0.1562728745614517,0.710438624871603,0.978366240561366,8070.737357724283,0,0,1,0,0
26695.717187502094,0.29823551034854356,-0.053453440845809566,-572.3192619542768,0.5030318723737057,14.0260639336414,4.101235944363336,2,3.3738628588828936,0.6184785932806515,0.3568235440838776,0.6628511057888511,5019.807797230545,0.3071988946336909,0.8635522245292535,0.4934051276585426,10682.973100231753,1,1,0,0,1
39646.41887318922,0.2510672941578572,0.22697988339647665,1428.7459037970161,0.909989823933598,24.158354087021618,5.319741611000594,2,3.890548049529409,0.8318386909650696,0.29315098115355936,0.7362879265219278,5032.958960764394,0.12602764114054332,0.5536506051853363,0.5364279725166075,9221.987547920735,0,0,0,0,1
35213.13937368542,0.25741568431919304,0.052249317390632044,221.12949417259063,0.7708920959462285,5.942824018060231,6.949715313522438,3,3.9762350868674696,0.9650420107532441,0.20334219502583692,0.9387036726975735,3809.61509616399,0.3897776862344524,0.6030242801064449,0.5354168046342581,8087.975971217174,0,1,0,1,1
25763.813642654113,0.21352542573493694,0.25118972817802787,315.0796983558781,0.8576769780339606,20.980709589381668,2.3737200169431594,2,4.62612559442824,0.6709405446638971,0.39673271698545215,0.5201406533669901,3848.5296344434787,0.2890402799656546,0.57377592341435,0.4125592176952441,15652.580225892041,0,1,1,0,0
40096.39887889926,0.07946523274545332,0.24722267604298018,866.5715386052457,0.4753275291547493,7.48446243841633,1.8788485292893395,2,3.1984591921892935,0.6028171658496567,0.10644318246771967,0.902416408648236,2489.702924546942,0.22075747672155105,0.8984738777876125,0.7624693749885697,10070.417843962765,1,0,0,0,1
34765.695687889485,0.06251175431338966,0.2223701600470485,486.5729050108013,0.7374118697248992,10.752507209026273,7.744359632320292,1,3.8572885584170633,0.9221984184128977,0.3332766639141816,0.6844938063288782,4972.746508602765,0.15199388781058237,0.5314463112262434,0.8024218444875363,4636.126557475762,1,1,0,1,1
39315.75906955064,0.7414056728152221,0.2160121745228246,1062.509307130596,0.7002221882006241,8.654843011325413,1.75631191563485,1,4.257004340472408,0.6307182737146936,0.17071614887756775,0.9273095128942388,4927.108859997285,0.2512029430089262,0.8432932510572164,0.761515534075152,3888.1212922855657,1,0,1,1,1
37666.65957731251,0.3494411936151036,0.02187165563921631,529.6993321614593,0.8829812637517898,7.399322295408599,4.349437490750324,2,3.430311243248111,0.7654824127640122,0.2594940555502937,0.9011015044179282,5434.329055387606,0.41477561049940515,0.6832284603765957,0.4427937936476886,4051.61231819109,1,0,0,0,1
24539.04490170135,0.31902865301177713,-0.06763228677949913,-189.94989971235032,0.9342609423368824,29.899883304623344,5.098946101553113,1,4.254935797532146,0.871554934875514,0.2909073881809736,0.6743806236980442,3023.791058893309,0.3954711265336469,0.8778956214426512,0.44153807544737905,9958.018003672692,1,1,1,0,0
26958.370638227272,0.5257530978851489,0.061192071506064594,589.2028201648814,0.30850974003417075,10.999764868131162,4.789620946352068,2,4.847329675099306,0.694719034182472,0.25350163487613453,0.8469382676608079,5660.268798757212,0.1481744001261403,0.9821917093920188,0.5262319326964744,6633.9453107237705,1,0,1,0,1
38725.642446109356,0.2027777215055449,-0.03059019400539653,-614.9809658565295,0.7718139433411548,33.44933236525573,1.6022250992306024,1,4.99503626234535,0.6335850253786907,0.056202921243437315,0.5798163783867201,6266.669576295873,0.12495188644438004,0.5572726497932412,0.5741767094193488,9333.17486645111,1,0,0,1,1
37493.33238890118,0.7149728287651578,0.17798043556098467,386.8477646212185,0.3362850593838103,34.94742838708168,1.3991883980253355,1,3.064902153581351,0.9080084913823314,0.17718040429917312,0.9481407760818941,1572.0837634474792,0.06600605756532352,0.6571925205337292,0.8719261935460284,11745.58513984549,0,1,0,0,1
31811.88565432267,0.6004415100908864,0.038439890615114214,273.41600748443136,0.6842010655541491,20.994116447798408,1.7383839922272497,1,3.471176456489355,0.8520700339548166,0.22457535117324975,0.7022455322259546,3406.2548412851875,0.057455356276359365,0.9050627138594285,0.4956341594493527,16114.854121729153,1,1,0,0,1
33055.94644977904,0.11258770161858166,0.290244080343966,133.50651418196824,0.5013429103305747,6.005039293300424,5.099113787108288,1,3.620614231583395,0.9953961937947219,0.3396175036714387,0.7278128076776,6350.047163921677,0.5778862614318111,0.6330791930255882,0.4264553298385193,6726.107065246571,0,0,1,0,1
43498.98406209583,0.3423065430494498,0.1563888309381328,197.1699908488554,0.5147436196654989,14.109188518285343,4.810414213440247,2,3.798252200889932,0.7377232133279837,0.17745829951942893,0.8528795255184924,2700.888600294229,0.07705331360323395,0.6075602985230204,0.6363925046278331,2365.7975706670786,0,1,1,0,0
26675.85750047753,0.6653828152935153,0.2289922254537444,-1205.4792363981112,0.5470709524166496,28.92062921718749,2.6361855442572097,3,3.484514315169535,0.6247049545160799,0.36749892192170064,0.9104201183524254,5057.525054366681,0.48873266592394776,0.9126889889344858,0.6498353020851522,15169.608261322906,1,1,1,0,1
36923.87643053034,0.7113124156039872,-0.04699013090326063,-138.9799261927692,0.734904714334727,13.858675504397466,5.464418992919141,1,3.406975989110625,0.8937400141341183,0.17614968921008428,0.6181713716641049,4017.1520040048626,0.5731910577469742,0.9935411820029851,0.6705444029133725,2171.5967107237148,1,1,0,1,1
30180.266128094954,0.3771810578749088,0.24480579290904905,374.27592091289176,0.5338349759681384,4.045602640597606,6.740472514389546,2,4.909107684835,0.8086933675412983,0.21951194370520466,0.8306750699384977,4661.758642847017,0.10883470913747455,0.7784402950739828,0.8961421264161811,2014.2851701768323,0,1,0,0,1
30040.86917095502,0.47938797244749537,0.2691028762053578,427.8851135979203,0.8128893354131963,20.487471882486577,1.2910527189261565,2,4.837043205541036,0.685281572555654,0.31851427317712044,0.6959990219445742,4078.1126053844227,0.31178085429981056,0.6390243741666697,0.4588032489225651,15065.801039867592,0,0,0,1,1
41888.99166788471,0.16692376226445266,0.09482476752757438,-522.1401127407665,0.5831691699017088,30.579229802361215,4.486909604836297,1,3.093985002006235,0.9126915956019037,0.23322707376885746,0.6843514620019806,5492.3419691285435,0.6273817899045661,0.6992829808000269,0.8223652494531772,12264.926110949917,1,0,0,0,1
39428.74714089227,0.7438180382958836,0.14250117510039098,1312.5662726917606,0.347847240216971,28.857423550022585,5.825172884718832,3,3.6776260432096963,0.6815021943399775,0.38408722895312986,0.8450129119703274,1956.9657282722437,0.5504831963141511,0.5850651636918045,0.6027673426271745,9939.361364904727,0,1,0,0,1
39321.58672400575,0.2121701909684104,0.2059239203611982,-392.93987857160073,0.8486318897388749,7.129309904562364,2.7661834894878097,1,3.8102971073568135,0.7042646619331746,0.264134332205651,0.6935916370779671,2173.3535117554266,0.343822419114713,0.8809436394453762,0.5859880818612819,7800.316010186105,0,0,0,1,1
43749.30926438896,0.709912241894588,-0.03006454909583499,1075.5657604213893,0.5000308272148941,24.546761504436336,3.154396337052044,2,3.4780290693318867,0.6370114217466877,0.20908378162704044,0.6730542500822039,6929.027100533714,0.5075426676749317,0.886737008911384,0.959525875651588,7043.183930418983,0,1,1,0,1
32189.03457469483,0.5047526542946579,0.10102643058537697,641.7554894973479,0.6029368157194839,8.71764922024765,5.295465320925687,3,4.257745793976351,0.7597729116123417,0.009436787112318346,0.9179442040631212,8200.726559970637,0.5500265746589983,0.9375604961912472,0.5490811146500453,5396.695900022645,0,1,1,0,0
38137.57674165467,0.47541575641520134,0.05946521110892525,-216.9818478750425,0.7798107182553311,8.637263709326028,7.285547054106158,2,4.280761493288482,0.7675716895749676,0.16549315903213194,0.5506380619155031,3989.161122747275,0.2588161779132316,0.5133012817982819,0.7855191012036198,6867.827302898336,1,0,1,1,0
29207.599190658897,0.408881957711556,-0.04145040313510036,1720.2487140876096,0.5327193100040983,31.59251206568148,6.669470942120295,1,4.701008456657194,0.8058247161393194,0.11969936770406418,0.8379463114151053,7430.532084303419,0.5852917501219765,0.7809906708131896,0.5650766544256552,7810.338475877112,1,0,0,0,0
34917.497172395975,0.21146886820243105,0.047013768916612575,-654.909465405184,0.33960995930270094,9.738413345908056,5.081911533697085,3,4.481738536770436,0.883585706849511,0.2992422671549957,0.6243626968953123,2456.450705972955,0.33228399180629403,0.6071277171715922,0.7042863295842311,2502.2004322423136,0,0,1,0,1
30828.71251069084,0.17356962240385576,-0.07273107624580258,1035.3233388880012,0.5617447329089695,10.213657128130391,6.111552024300744,2,4.085146653931911,0.9624403714721703,0.08331107006141832,0.5077491209130951,2936.8282330280854,0.36668441813529795,0.6704415077461785,0.8717757355577667,4719.085936110176,0,0,1,0,0
32872.96368493446,0.20434034634912274,-0.0896752372202052,1100.4658544343827,0.9611140078860123,1.0228686766454844,3.5537572914545907,2,4.30717354008884,0.6550936395551235,0.08208803491762873,0.583382134436346,6914.975023490742,0.6498245826930986,0.8924778076432538,0.9290335141097563,-447.6729954567818,0,1,1,0,0
37356.41322893222,0.18050678350097815,-0.0459334843380709,-236.49616726131592,0.7492140781089907,31.473416194393117,5.486758696691304,2,3.547977563086036,0.6217392393394628,0.07580761729495072,0.8033307648879339,5608.213057246717,0.5559817796912968,0.5960168261807481,0.9032183441770302,8311.709808401254,1,1,0,1,0
24636.013850898747,0.5957091314967273,0.2852460446356696,1413.9722400514631,0.7700354040670447,28.740818462319716,4.2632711378928985,1,4.186112379934715,0.6074124934377333,0.050246245262494375,0.8545635957429687,7212.854195864516,0.267062003463788,0.8191708752905449,0.7493084416867839,8312.404804337308,1,0,0,0,1
50831.48548116915,0.29508768141671105,0.11981181435800678,99.96278832083777,0.7425975075463478,22.95651272817373,2.329552955202926,3,3.9784545094998385,0.6574485512275264,0.12440280146835497,0.5105288917781601,4937.11153811801,0.05620735788361997,0.8272830956117991,0.5492897892029333,15114.061745060719,0,1,1,1,1
22945.843566502685,0.09048987359437746,0.286328864461288,530.9549034238856,0.43929449727160574,27.259301737859477,5.9121679171408,1,3.266688934632741,0.8631797943126504,0.35436884577737005,0.5182127216508601,1974.9078469714498,0.4257044442763368,0.9770469574511503,0.7967400299571195,9502.219688130235,0,0,0,0,1
21072.30248491041,0.7283718410985679,0.07299915133205279,508.2574710169766,0.592833704871596,6.321699859857213,4.895252461441754,1,3.4850885531659417,0.8909908311985986,0.309971388922382,0.9512710574214766,4447.154715005353,0.47234805567686466,0.8875804642644685,0.8259430274677648,5775.831732338487,0,0,0,0,1
42422.99786150061,0.668650119474398,0.02472645323410383,192.55300682356176,0.8256578588543226,17.04132581056514,3.5103510736751398,1,3.583386901443172,0.9146022854112489,0.2941004865227174,0.5366529090568599,6404.0050769360205,0.44048161408602776,0.9018175735768468,0.4064151940681009,7198.579993201069,1,0,0,0,1
39124.96424566642,0.6994265982366491,0.10245674513609765,948.6466185278257,0.3709610282872114,13.292678557207331,7.379374330550415,3,4.848619134105116,0.697483284761737,0.3189347222599851,0.9470910793082856,3734.5295947076556,0.6307174106979279,0.7658003745089468,0.6635263065591248,9947.289250044407,0,1,0,1,0
37617.0783534694,0.7464354758525047,0.07580467545316405,934.7909764417703,0.4944969432627986,4.282178418995577,1.1465388247871329,1,3.4607732787717786,0.722357925304608,0.10776715573182867,0.6140829568754529,3427.132962988562,0.5677826163992866,0.5933904035811853,0.9059572256930586,8910.450506180006,0,1,1,0,0
37655.10958337852,0.1717266744536411,-0.05773412629530244,-1098.8255785905446,0.49342337592609753,18.014566982522343,3.210412058746472,1,3.5784878056393365,0.7932538582261998,0.35497667630099516,0.8700089000791065,4967.706805928245,0.3192990159083891,0.7127816828591758,0.6937525577458284,10313.143676846392,0,0,0,1,1
31889.779044377767,0.3273694132318611,0.1563305258760825,1343.472194302522,0.6024132493161541,33.22588776199224,1.398169784443526,1,3.7387082601788646,0.6252732387440906,0.05492135005664176,0.654866624473006,2880.9874689096105,0.08771449248342858,0.7747447867559102,0.5868252652979927,9508.17909415174,0,0,1,0,1
23924.710656627518,0.580766932992864,-0.01358472699616016,-1029.9935904285394,0.9862581186595294,2.402069166774307,6.36569121355139,1,4.327485477250774,0.8444566092844985,0.13453829068623277,0.9293760128045919,4591.000966227001,0.3356352617011981,0.8392096258568562,0.9230786626147977,6989.4229392399975,0,0,1,1,1
32682.241023743536,0.5372144326376546,0.14783518195913184,1126.0369634733258,0.34725178267867535,11.201131972282786,5.914752178796548,2,3.236476784944281,0.9934940134703031,0.23469924758693717,0.8502274327121789,4127.002929342913,0.46354641197721386,0.8038545559159636,0.4935284185178834,5856.826835708001,1,0,0,1,1
25905.544596390995,0.15772713443789854,0.16008043695926136,1201.3641094620666,0.6630906960664165,8.263932767199622,3.3194655311542194,1,4.907890424987552,0.7443225245512011,0.041162035336800254,0.7009067293008475,3019.171078503159,0.4146258849362027,0.6969889144586218,0.5238671394497203,5641.751184160135,1,1,0,0,1
40776.07760075976,0.6210831874934325,-0.03919005874854076,-572.7731441721586,0.42555527740854726,9.33513287829937,5.729640315449512,2,4.7311424401895295,0.9011389900365536,0.29205207511056996,0.5381512270870398,5961.474463734828,0.3728822406265309,0.6326565534979207,0.81242342016168,4298.914861511765,1,1,0,1,1
30676.48356648075,0.20710840028566246,-0.07546014915573274,-28.651430363667828,0.9794735817868208,32.79520931577814,3.771560583371649,1,4.1544321460179,0.8000135662278431,0.15489841928139,0.8663500919354035,5291.975877901548,0.3312913748091448,0.5841154216018416,0.6114615649159449,3671.522864901898,0,0,1,0,1
24570.525228867395,0.20667233037583616,0.21230463442737593,-584.5637347887485,0.3793124533092249,17.382416898200155,6.29377653995704,3,4.348075734849914,0.651124737744153,0.31376226624336007,0.8084423779825908,3292.6588314267474,0.22625712381643182,0.8469226931361331,0.8278101014402675,15353.8557234499,1,0,1,1,0
29107.52742512306,0.42588209602538946,0.08392016950772807,128.06317576901174,0.5825207016531138,17.320479452893657,4.179285639156943,2,3.033320942488432,0.8328949795210345,0.19715851423384112,0.5014558589168944,3970.077470119853,0.21640805703477756,0.8226993371562425,0.49462217275569514,8498.840606584223,0,1,1,0,1
35716.383088480616,0.4650579543891922,-0.07673448179780969,53.572572651407,0.8165194893842243,27.62014748593488,3.885958094821659,2,3.6778895506968974,0.719949707377626,0.07234980977013454,0.5047099279862226,3457.448800304326,0.3501388873554811,0.8436862328789033,0.5513614537605076,7378.794195566662,1,0,1,0,1
26926.479024764227,0.4560603454864678,0.2979465268679069,923.7284258154718,0.7931880996192117,6.407227140172403,7.543109408418107,2,4.5913204613228835,0.6137612833813832,0.29390472454213773,0.904396486596347,2722.7047215140947,0.14636188785778942,0.6862637264013974,0.49398842701818013,6016.462735308375,1,1,1,0,1
24600.016439902116,0.11404078617842842,-0.07688777560145335,1348.2469968956866,0.5959100458257525,18.054287393501777,2.7561536992349014,2,3.154965947584772,0.8539718920470976,0.10085758233557743,0.6296998694009269,603.4606551859283,0.25441125414488097,0.6312039112853725,0.9717461881381058,9715.516437323731,0,1,1,0,1
34193.18490342721,0.6642226038412663,0.17801409154342127,1416.5470486319648,0.5425669175669028,16.04948249423709,1.8431313799759579,3,3.5646276684214406,0.9435729397298911,0.19632412050721715,0.8180668338640329,3032.3445112878553,0.24438756482605972,0.8798606643404627,0.6432423765105545,12814.655544224293,0,0,1,0,1
34204.699139978504,0.23592002981209426,0.2934715701053655,-149.73442126264172,0.5783286649870094,21.891874169132965,5.091801792816208,1,4.170593656668623,0.7379079067599497,0.030213307662763048,0.7271072098826237,2751.9450033687544,0.4022796809505205,0.8868236975276671,0.6023319459461356,10893.057905022959,0,1,0,0,0
27437.51142165983,0.14066044489796292,-0.004327958313629754,132.62250100437777,0.4849933842110475,35.98451961376535,7.785252685989253,2,3.5128260553978836,0.7561182188851082,0.2471466617648147,0.9317150072608836,4229.781415670718,0.09000938021781475,0.7278081869834203,0.4085212937024588,11686.356349246042,1,1,1,0,1
27760.655249435094,0.672123655908284,-0.043100252525121535,-1046.7505537767602,0.44373305709475985,27.93071129287165,3.6448744960903063,3,4.867955948289039,0.9564086731868846,0.2663431064865109,0.9584805565512443,4881.397603056492,0.5478012081590571,0.8059520423836621,0.49205054764653244,5653.884871264085,0,1,1,0,1
34088.449436218725,0.7189560487608274,-0.051446024231028446,-344.69605319695097,0.638127788291223,14.925299605609952,1.4342573454014707,2,3.262117261608581,0.9254435253469424,0.15146968398911342,0.9984038563394271,2395.63066039423,0.38742702823064123,0.6867598321158705,0.6526815137454998,7983.483032866482,1,1,1,0,0
18967.240926524082,0.6534893320858154,0.021310059027038225,1071.881306477966,0.4879736292473251,29.964356829591644,3.3751368711669723,1,4.594788715815557,0.8859811294207108,0.38176911212842957,0.5768420679036235,4746.99472345401,0.45249600846556115,0.8509736000599033,0.44110167554313645,5706.487552564162,1,0,1,1,1
19332.826030611002,0.6166612523074146,-0.059581675595741325,1592.4662588385854,0.501223165428075,6.974792715936807,4.541521580236909,2,4.015897383812817,0.6995188255012592,0.3496675685928274,0.9314820232377377,2087.50843426665,0.47185634225565964,0.9178607983239356,0.7064435977037302,8428.125595212969,1,1,0,1,1
25534.002008728075,0.5086693864473152,0.17686453667765276,-687.4790975039376,0.7597292444321899,2.0662290208136045,2.133461046425496,3,4.5006615516399116,0.9640866619866578,0.2831763662959979,0.6330106883644009,3749.4149687230897,0.22489048210552187,0.8441166386678247,0.6730092630786687,13090.364032232843,0,1,1,1,1
30078.975634593375,0.43560015942639746,-0.07508328074797493,-173.97140732231537,0.9779761321899245,8.155693036249556,5.606715526395444,1,3.621430656622895,0.6617663030156852,0.2854608297974971,0.7954079374477538,2795.1617986783335,0.3322229404309199,0.7562913134235683,0.8603008842066112,9757.615379615367,0,1,1,0,0
34798.16809038204,0.1108907319379871,0.10376885125991589,278.8753944328584,0.7225460403915624,12.914404463999087,7.984245723071404,3,4.028979204624077,0.8507082077668887,0.1009606859768605,0.7528864169346055,5492.347276158087,0.6237475735218003,0.7293289797461852,0.79588162084019,14506.857463984206,0,0,0,0,1
45278.20595254597,0.33591724914948906,0.2986787415411908,524.1289270556854,0.3538856269454764,18.870326511084595,4.162176331870107,1,4.713670699446353,0.6115204722186075,0.2627260924353796,0.5089940657861938,4233.546199989196,0.5100231427980889,0.8211598254878721,0.6675683831923442,6845.905558199433,1,0,0,1,1
39718.93660881817,0.3108819619086198,0.22558810780240754,-347.68281593731695,0.35290852969784686,22.529519918941993,3.4830998971114884,1,3.9337561982462086,0.8574879225299783,0.07928250609420787,0.9663856399530474,3779.6641483364415,0.6317341251339113,0.8399054458006652,0.5347964200630428,4772.155783931812,1,0,1,1,0
30560.553230329155,0.23182764863222832,0.14608777529240435,639.2488355712717,0.9659962545918961,32.87120010250476,3.8049291678412667,1,3.719439723820539,0.7108577407493439,0.05760128956792885,0.5391635275746092,2749.5004797702295,0.49775260708777297,0.7793647217622695,0.8361181396106838,10048.513946777117,0,1,1,1,1
31828.8541288758,0.5563940795820095,0.022501448314644665,-79.0714776567329,0.5081035532151335,18.84489033426602,1.806023248766408,2,4.072310772505472,0.779870790873488,0.3997871576810321,0.8441094597038679,3342.317383246922,0.15536008382511043,0.8124711375536975,0.8247172620725225,8475.433452891275,1,0,1,0,1
22977.23571825972,0.39711301455513953,0.1495583345166554,288.4381832973767,0.3644468902577328,18.54464756190053,7.182915209983567,3,4.434725506072734,0.7381058208228213,0.24895037258926966,0.892503418104131,7658.121624652103,0.08872153030680574,0.5482943412472661,0.4919776963092325,9290.80901265867,1,0,1,0,1
31833.38177606849,0.10673235113535355,0.11081658556466065,737.0273984029596,0.719331211005267,2.7585053438043747,3.903779588649464,3,3.8871266909970057,0.6691027024984839,0.17239514906287623,0.8976439245238421,2997.831758554908,0.39659686203179817,0.9758827580711633,0.9488510988552417,8692.880651865993,1,0,1,1,0
29402.072249718756,0.2041282413648679,0.0704333535561486,305.1378158487503,0.7365541448031863,2.221904342967833,3.710920879973889,3,4.877753950284546,0.8487923160375497,0.11526580915358053,0.5677472594644224,4958.8138351929665,0.26468796782156573,0.895386531866017,0.43864306960902594,6062.262506594096,0,1,1,0,0
34904.46704304281,0.5282811345617171,-0.04771584930392021,-49.10871242125489,0.7539533740830817,20.290598667073024,5.6178319105133205,1,3.5898916480846843,0.952790222056243,0.24156817746489098,0.723784975253986,3774.707366224622,0.21527474608290215,0.6869639348533919,0.43302262533562974,8782.944191079998,1,0,0,0,0
24554.921508029092,0.10329160164321013,0.25464168609618676,212.31215685933535,0.4871814195002789,16.336251463692058,4.094233946517864,2,3.950927212338241,0.9836336969129613,0.01983740328803445,0.9147144352169899,4901.6506291480755,0.5343265978552505,0.781406305476815,0.5124102505974563,11893.482143316684,1,0,0,1,0
36674.11862817055,0.6458448398341381,0.079913859528529,229.30963263573176,0.3105774789501325,30.37131382431045,5.537634281654922,1,4.513855318682883,0.676938545261566,0.03787239620191803,0.6513396051893774,5673.951745386477,0.2701959602491684,0.5236622650682107,0.9456764788292628,12304.430831607817,0,0,1,0,0
45794.6502170232,0.396602568909782,-0.02215099527169398,3.9911760942978276,0.9755107586181302,6.623785464914581,1.4301240309155125,3,4.378242180991516,0.8869491096251894,0.013142679096158539,0.7338743376873318,3292.043013357847,0.24020058184058235,0.5206139069995301,0.711998874422153,6041.933603258512,0,1,1,0,0
31021.15866388828,0.3864106041286536,0.04710374035091586,92.9631498663181,0.4756251319837717,1.874008174096736,6.696063406055592,2,4.7272821048343125,0.8657357466422728,0.19966793330506472,0.6363969463499228,5419.546852890246,0.5599925559014063,0.6253991675559814,0.8727645524037401,8924.02372692194,0,1,1,0,0
35615.405498890475,0.4646854492616623,0.06565190101157081,1578.9177364037735,0.7732184016367831,16.716356877554404,7.583527670155818,2,4.993618361362218,0.737351115829829,0.24024265167487302,0.7317757089426621,9513.27895401168,0.5577724018918762,0.8448508211823116,0.5367059128459004,13908.444331526349,0,0,0,1,1
38211.295925400016,0.6272766761476044,0.23101515822674976,748.7355583529909,0.7946409089150966,9.311749486329012,5.541357703115701,2,3.853716657590179,0.6076396797414904,0.024991904543128343,0.94391896129644,5135.07998838341,0.26381998265303397,0.9260738739000058,0.6941331847922445,6128.437003761903,0,0,1,0,1
28389.015753027474,0.2934664455315351,0.1934457522245608,63.61574557667171,0.72700519195564,2.736503066859311,7.681961502011675,3,3.2223017595666237,0.8759164989251464,0.2884897869995666,0.7275621155163847,7227.162929199592,0.5494992205915797,0.7795929399899242,0.6149736781743294,5402.214402269794,0,0,0,1,1
34016.83233629375,0.5246113067913445,0.20772195745653596,857.5635236085885,0.5190351759495537,26.360940039667014,2.060026200589743,2,3.060831761615936,0.9781979442238,0.09215802860582577,0.7779560085371602,4962.092000213228,0.5604670941995963,0.7660663697911763,0.8966971642397156,11177.611855875482,1,1,0,0,1
32113.331607036154,0.4460123747970537,-0.09558749422854113,32.94440819519207,0.489767377634846,4.905754998503662,4.341913326362476,2,4.453753812279543,0.8528480487662605,0.27408058150794645,0.7019881416515418,2136.0767556049877,0.30435832101779975,0.701154766895733,0.413562663615536,10475.836827921916,1,1,1,0,0
32879.08488693948,0.2369197891185949,0.06646159927190462,1238.499710069313,0.7183677978918921,22.291182500272008,5.212647137618131,1,4.748027342617432,0.7741170896750537,0.39275885601409827,0.7300585916016628,4551.387994505967,0.08988387812550294,0.5807989779790106,0.5463056379796633,4652.095673071555,1,0,0,0,1
25042.911945300802,0.6650409904486106,0.09253766065412947,595.7137537584751,0.906266943528184,10.83674125584112,5.072156531948307,1,3.441425171888837,0.8100615576446514,0.2764423480215405,0.5075870995232108,3339.232407580138,0.050950786679804065,0.5591770506632938,0.4915445345814273,2402.1576121699536,1,1,1,0,1
32220.591568330485,0.6081982151248497,-0.09232308927077733,214.1582847966169,0.9627136102463769,7.072361762425771,3.8102324536233025,2,3.316896074379812,0.679851523063967,0.35327722116944343,0.641872754980228,2808.1186053648526,0.363975477733397,0.880339880610483,0.9155134232329416,8846.224409185388,0,0,0,0,1
36481.98462120905,0.5109162842608979,0.0039252834980136875,658.1735406482221,0.3741340630826303,14.291303302176111,3.36659086556383,2,3.124410183051382,0.9002176655014951,0.379279402697227,0.7182908608709122,3854.829579195429,0.25644529602221344,0.9637517756482878,0.6805263098162595,6325.611608540295,1,1,1,0,0
45060.29247015537,0.6454072103659694,0.204115929248854,-956.7009216547995,0.40838002881840385,29.050602167803376,1.8877681578529315,1,4.645405843434412,0.8985679320039396,0.19470041934092622,0.8168984879963644,3690.4998425424956,0.6482791364950197,0.7291416081931366,0.6425320263359298,1263.6949814863456,0,0,1,0,0
40633.43743476686,0.6571059406718617,-0.04515611770840038,-601.4139751278442,0.9613153811481556,14.723275191660044,3.7421971539359475,1,3.6227638797851687,0.65820692015497,0.28092999176788275,0.7250259652769461,1880.150188414278,0.5134465997763705,0.8297228293578192,0.6696896572606479,5251.189904606141,0,1,0,0,1
51378.642117604,0.5458540837005244,0.11412405258103667,-655.1400051192443,0.8155746598343547,27.27693772238695,2.138625705738396,1,3.803393785519553,0.9511913529998637,0.3407877014223367,0.668908521660782,9416.923169439586,0.5067652738102475,0.9572288254404706,0.9831547304214011,10410.4392601383,1,0,0,0,1
25093.871934007555,0.6359093298545704,-0.013919251193104998,414.3544758109654,0.9180956773808411,5.392020387970274,6.140559735445529,3,4.005500383219225,0.7076758957893221,0.14264356514975446,0.6940493676720786,5615.741828944394,0.6231456609724062,0.5450568164670723,0.9101604366015544,7394.357156356022,1,1,0,1,1
39850.8857304861,0.5382300231684986,-0.0951516901424427,1686.0119995880734,0.44184284389474016,28.04699968827777,2.4618165484621297,3,4.678906468419101,0.9929024243746459,0.10455892662415796,0.6211466646002333,4488.78049168423,0.5826346387359925,0.8852407265595149,0.8238212631101846,14264.416180074644,0,0,1,0,1
33650.07805164516,0.5260985402322103,-0.0035194169601834024,2085.0401169541055,0.7113101097765813,9.292666371732702,1.409957136991737,1,4.30166644312297,0.7531612056148983,0.3786394291113355,0.9622471413870264,4179.7602225019455,0.24091248767383322,0.8084084421877875,0.5742873755339528,-348.9496416749571,0,0,0,0,1
51708.22639895905,0.483027964750629,0.29034950196402154,810.4408811526057,0.7907977160922315,24.70875954611055,4.86656296472064,2,4.230129259715623,0.6711536234937998,0.2905214001475272,0.7608716128954573,6404.697239243793,0.14959233296232582,0.7993185894149306,0.49910379971106866,13351.969485948594,0,0,0,0,0
24725.315431803636,0.5769016476903489,0.22061484475319584,700.6755799555656,0.7760783198128809,20.802354419434874,5.1666081290358115,1,3.3513441999118214,0.7406880445382609,0.08787285335033053,0.5067047269360616,8151.1407246189865,0.4975353590392893,0.6462702142407849,0.952860177414672,6624.386480935245,0,0,1,0,1
24442.503420373017,0.16102357370515158,0.2838306577284134,-1140.846187322191,0.5857061836066886,33.520065102409056,7.103391428963539,3,4.026379783419659,0.7760721314788772,0.17963335707044537,0.5097231292097733,5370.170744025148,0.27696433620972377,0.8419466773888384,0.6538453136778897,6046.314656174479,1,1,1,0,1
26605.4661910038,0.66660953143925,0.09514161757054498,-134.13903978721737,0.31077642418391593,14.556288129135991,5.038871286923773,2,4.43076203435731,0.6277231092153179,0.31858070781512376,0.9864808174760208,4242.385409568641,0.33390359097857386,0.8973988774103883,0.5672534796811775,1795.2246534069882,0,0,0,0,1
12884.938481211739,0.6602904694216624,-0.0561055205289986,-330.22700152659115,0.7080482397629841,3.3157816092054158,3.41836597606412,3,4.946521766060983,0.8312873524893158,0.21882519636737685,0.6107254456866225,6945.288143955234,0.4282386387648961,0.5564290824718485,0.6825524958505813,9860.327396571038,1,1,0,0,1
27268.204804873152,0.0704730981241914,0.1191837955894772,-196.67807860089283,0.4771710774257261,1.6704419942938515,6.621083170684244,2,3.4028126184267045,0.8390529759475601,0.2599808392663556,0.9028041444071573,4284.718485871722,0.5947236061611444,0.7667607154904919,0.9507084536922112,692.9520240257043,0,1,0,1,1
25167.806046016718,0.6280717253953338,0.08175093382398435,165.48494513216832,0.6151779723000232,29.94004963404636,4.781952252311948,3,3.0190867061344533,0.8955721821397888,0.301507280818021,0.5291376507802872,4870.629619250203,0.30145265220257955,0.5506325904937048,0.6322403880347759,11271.614578391669,0,0,1,1,1
33353.54407828587,0.14020890723141163,0.2377428330958464,-77.67246215770189,0.970306710558672,19.365747318150127,1.5549619924183422,2,3.1506028671969393,0.6116679569162973,0.24880367552359225,0.9605813683472746,6002.021840063675,0.5199901341316168,0.9362870096488223,0.7375845983488597,1946.543739832955,0,0,1,1,1
35075.80378199444,0.2845831979813993,-0.060766967686302166,-1283.4398483006303,0.5793247223497042,28.133541814223225,4.960953922192727,2,3.7517049303639585,0.816495285773532,0.21603172876887833,0.9372085018333391,3227.04172425148,0.21100387476479449,0.7538183613281737,0.8817797806651401,2577.1761590523574,1,0,0,0,0
48885.53755294297,0.5704557794041255,0.09529645480871127,898.3282048940271,0.8878611246650987,9.204896000403014,7.356129817951636,2,4.641089295491974,0.6211629733082658,0.2998457137551094,0.7855465812172573,0.0,0.4687830745541681,0.9039828446303787,0.6562795186290347,3235.141533269273,0,0,1,0,1
40553.81454367445,0.16253192723381574,-0.0399805341224063,-558.1944205918452,0.4319784240244758,13.07793109296318,3.774188378487544,2,3.01428416353649,0.8804576879866614,0.2910252141728803,0.5044993286416279,3129.839549339962,0.050947652646747124,0.6840428188331071,0.540125081155821,5136.20013042601,1,1,0,0,1
26807.867099038373,0.6225769168833435,0.029870370756024,491.39749128891964,0.7707223486175201,2.053635527396163,3.0742806132986003,3,3.9134611857716806,0.6222911942803938,0.25194896007327156,0.6289054370116688,5546.001858758772,0.5729043280943809,0.5625391134081628,0.99671544902982,11768.303764398002,1,1,0,0,1
23914.26795786478,0.6324939245704193,0.19494283095511986,1959.2661357999787,0.9839048681072604,34.65223136009393,2.0042861991261405,3,3.6584612306827893,0.9646911393366531,0.14391576535277184,0.7034113236992325,5405.101795436357,0.0682277479726775,0.5207496521928557,0.9739425144712958,14015.826134486617,1,1,1,0,0
36427.27254355855,0.4052274136325853,0.0904072517475066,-435.50767326913865,0.37132517061105574,24.37537673452847,2.060118653547501,2,3.1049634201994554,0.8808330267537986,0.16232483688010865,0.7300320583737809,6685.340218825204,0.4776522528575505,0.6407548103861878,0.9060875014753084,5549.625804239891,0,1,0,0,1
20117.90113681422,0.05447011020178351,0.05035531405830773,-1724.2300181970638,0.3058239595590344,33.66217807157572,4.029400390392732,2,3.9004725733452346,0.8029559060340629,0.388175419553639,0.648839379281186,3206.3379322609753,0.07775491355677033,0.6221168501820393,0.8130243276315535,7813.7475947757375,1,0,0,1,0
48483.12889268919,0.25092669322243893,0.05779051142801414,71.19662249591136,0.6035079548428299,10.292374260017532,5.1697587691307065,3,3.5094974146734375,0.7766015693124699,0.044954372916610336,0.516473934122765,7161.850485893527,0.2097474196364021,0.7801759870099809,0.5769193768418182,9959.669236290045,1,1,1,0,0
42614.96108649158,0.4818488428630195,0.08377870736239465,1180.7677079988568,0.36483783813595705,22.40122639289813,1.5643078361872123,2,3.703769668694013,0.652269052165305,0.10740196690113413,0.795063702963271,4370.135660903922,0.34832144213393185,0.5108694190318537,0.9480477628984192,6682.7505450643785,0,0,0,0,1
27777.419131057657,0.7368303246191964,0.21400661753482278,1866.6779633764752,0.8238690447733619,24.747498890242323,7.57698012317616,2,4.411230609568586,0.7163997558258652,0.1969607036817343,0.762077333847378,5208.826325127361,0.30196321120894287,0.7602852721495867,0.5653340020727373,9803.030509171986,0,0,0,0,0
16581.7892381821,0.49226946891166784,0.25683387557609383,-683.6396755619335,0.9401840646939912,12.114239509015595,6.285935322116371,2,4.043101967821935,0.9475836420083585,0.33469187445751436,0.6415003177145389,5807.225516588611,0.16510166876060633,0.6958858710060016,0.8804856968060994,7983.682113983875,1,1,1,0,0
44184.851367488714,0.23186250674491182,0.28213387460157136,697.3593785892174,0.6038146808961311,30.68382322554705,5.106367427985639,1,3.2492948579856265,0.9617811246249975,0.06547026549189115,0.5189879837848033,1236.6687462126056,0.25028894702554244,0.788561134957221,0.9509549007647838,6986.160484973874,1,1,0,1,1
30969.14139272644,0.4938039921697279,0.21476135450211806,-72.24836542404267,0.48109814950880864,34.15065120150867,6.799070696572936,2,4.922829080847278,0.6002990833482124,0.11078184724984395,0.9972970936109701,1990.2056147461503,0.4866238220365802,0.8512087640751823,0.7618023042579469,2320.73722039161,0,1,0,0,0
43140.346807761154,0.4279897658010988,0.026162758299205086,215.24131655669146,0.6040823233046269,31.969929119360152,1.561307297684793,1,4.2718215314194765,0.8376545565910205,0.026319287118095593,0.740993093413203,1923.8189658655083,0.45155425554778894,0.8170459725399195,0.8818337307347073,8596.17279169868,1,1,1,0,1
17650.151070850698,0.5958917766058005,0.17525388243461684,2415.474677613628,0.8064134724950007,26.86734415787804,4.337872144131871,2,4.531736851325063,0.8877202436100454,0.2823941064203274,0.8780021208870386,6144.434369697639,0.09308875025834942,0.9923221846866832,0.875017059521048,11833.502818592231,1,1,1,0,1
26605.624793416042,0.12488644717887089,0.07504124962215677,-902.3762627161225,0.3063379131062597,10.71126379037339,5.410651888031644,3,3.1584263000167416,0.8474987929830425,0.09528377419024646,0.7261570175256677,3389.0867765215435,0.4983894953437318,0.5691326719384355,0.5158946506725879,4886.88860903887,1,1,1,0,0
32047.193297463647,0.5827195317514197,0.0018682488184204732,502.99172919565876,0.712617792639288,10.856561473697111,6.800570342828024,1,3.0941167589200376,0.6326719059465415,0.1554699002683802,0.5215851454314707,8055.163946649436,0.08182752871821702,0.7148685044648893,0.8007546841576507,126.91746324268206,0,0,0,0,0
32422.82534388268,0.42888660507327714,0.23634863177036905,674.1545374123466,0.7293041794211653,34.71761121561133,6.484286920344874,1,3.0388961007361623,0.6870899595195609,0.17748057881186716,0.65480037254275,4006.751949784518,0.3757558334598706,0.7124153683216556,0.45608076214266613,6721.797430818786,1,0,1,1,0
27949.410756686808,0.7240944027012962,-0.08462946041507001,1168.6290599514778,0.7463817728271548,1.359957357749221,2.9394847479937973,2,3.377588055546889,0.7001361069525545,0.3565255742425823,0.6600550705029506,1057.2523038369973,0.2060376488253144,0.7085266018514603,0.7047100858824888,14039.082579230078,0,0,0,1,1
37605.64939112749,0.28931051622708026,0.2607047968541695,378.38652277671633,0.46941545598661405,26.061749063475055,7.58616118691443,2,3.8288167954369903,0.9326898525220358,0.16453211613249474,0.919176452024508,2655.164978589632,0.4026140765358913,0.8318991960213342,0.4973413288843465,12847.799741951001,0,1,1,0,1
22391.41613555665,0.49283532519376366,0.08459098584989366,546.4404316032819,0.7998369063646886,25.718615689434177,1.8704208900160926,1,4.871652266805645,0.7852797745235682,0.05809000796609962,0.8271149889999372,4234.752726438655,0.2067970375645411,0.7449140302733612,0.649809699277859,5678.151176869656,0,0,0,0,1
30718.584634808358,0.7024196738570122,0.1548805907233122,-13.318853937432891,0.36397404043224346,22.79413393324291,7.125935330348065,3,3.9141193185315526,0.7947312847764947,0.20972597533604842,0.6377149518197365,5030.379728386958,0.6409747817754986,0.7587162799064815,0.8997892448190625,9822.060019959426,1,0,0,0,1
33082.66068540709,0.12175680959347547,0.1637415688823131,515.3015529960859,0.43948923552676056,35.6538096130403,7.79658174723233,3,3.580510210745059,0.9739572186218034,0.3851831978594519,0.983869977329543,2030.3245438352526,0.2358369102365191,0.7161779960733823,0.9923007037781226,10454.183652602267,0,0,1,0,1
36629.94950652874,0.7060599410655158,0.2580470962826146,25.446179602071595,0.9142290326581373,11.915780251730384,2.2400746625583787,2,4.123870507039326,0.8548343555418862,0.24307425642032443,0.6607709161989357,5136.961543612542,0.19517638140469762,0.9958497305092813,0.5907758989957707,13961.352485958665,1,0,0,1,1
38404.53390280001,0.5315200056105693,0.1546678728668829,797.2575118848406,0.8171062055085965,12.899015232763686,6.054462449426497,3,3.2238691562695783,0.9594670806210656,0.39335488818422903,0.9991170129143602,5671.085514091914,0.2170791745492076,0.9637806744095211,0.719173419269906,1797.6708151979783,0,0,0,0,1
21878.221173459176,0.09748594137362034,0.14557343390402472,4.311731165092851,0.30962188780794164,3.7628791031294444,1.2819986314459892,3,4.219011782009966,0.7826035421366132,0.33644292357554806,0.9980818465851315,2718.1048008893395,0.5878837143555773,0.6538620946821855,0.7067788146222931,3724.6870774814215,1,0,1,1,1
18192.9724633794,0.2606744968627714,-0.07333918377572402,601.6803151217491,0.47386338225886016,16.49793477903081,3.8379597759740847,2,4.136863908661007,0.6597745034073177,0.014386302485365121,0.5956052588733709,7938.3144241182945,0.43173129720160686,0.5557969623833336,0.9726409058986396,-39.02144494661479,1,1,0,0,1
43499.09139708658,0.5457204620516971,0.10736320877808164,276.58974905201734,0.4500845380952152,10.136698418219684,4.613983094383718,3,4.58398606681142,0.9719742376296343,0.26335983815081676,0.6563705580942001,2934.6819532988866,0.48841045845246583,0.9198823620193015,0.6871502394596641,5286.363206620511,1,1,0,0,0
34990.82610781633,0.0971454210281402,-0.03993239967318334,1200.8402006177344,0.48956442962588076,13.018534576217547,5.064516581367439,2,4.973375223234048,0.7834820462670153,0.11470675102315347,0.7430220992423271,2000.2438515689137,0.6008063060566102,0.9985851257128622,0.8194637232398188,12265.22226987534,0,1,0,0,0
25263.621170991017,0.45751932212339125,0.19497350748859424,258.885021129211,0.47329183919592044,30.21001265894697,7.5515607377399165,1,3.501746943432221,0.6726525687515287,0.22384674225788956,0.8320503355739455,941.5549705469184,0.5971234909070046,0.6463044470198227,0.9530735398651157,5761.1233601772765,1,0,1,0,1
45960.367779702705,0.2921181398670697,0.1048887683250698,-1118.4259745655052,0.343768407019992,33.74195797346235,5.7057548110593626,2,4.019312901607521,0.7209582961215689,0.11173807637249063,0.7640237245018997,6441.281397384326,0.4933675079472365,0.6788924629208831,0.6240271357221041,2767.2442807187754,1,1,1,0,0
33041.071708635725,0.4846408624372339,0.17209111168334132,1309.5372005711934,0.6212583616177743,7.500657520181497,4.368945658534659,1,4.817730812638008,0.6203210358755769,0.13954816664211617,0.9847207345661284,4045.765754691806,0.16869465730479372,0.9708165907426014,0.9412733429472325,8906.545669928393,0,1,1,0,0
42613.67465657444,0.082019423668759,-0.0833308397590463,-424.5858406900951,0.8129134323503155,14.037812604371306,6.667725253861225,1,4.570379768845683,0.787320236582554,0.36926748470167176,0.8619945821178457,3041.428021071221,0.5560239924050033,0.8555647590015449,0.9504737331346081,9009.475347149419,0,0,1,0,0
32607.66633269098,0.6600757643066634,-0.06608319358167872,-223.01307091905585,0.7247122073022054,33.50206967403879,7.653729746680862,3,3.974812606201615,0.9412512687640946,0.08265727395668213,0.6060224246914871,1051.7231291363455,0.17226562051463823,0.647819165889818,0.9583975023802784,3931.802188194663,1,1,1,0,1
50546.731323937885,0.7314422784241779,0.18652935522507288,-176.5290352347937,0.7710101680186559,3.163296124122792,1.154463040776036,3,4.890743299229555,0.9734321824026757,0.3496436472103322,0.5525487751068192,3221.498152866073,0.4957392884590591,0.7905232456419575,0.5622677112828558,5975.8163712608,0,0,1,0,1
47798.06758198884,0.728214498699984,-0.07116626560053066,1399.5504745366538,0.3568044249753674,4.232618483898248,7.877648905792271,3,3.1144733870336188,0.9730408830014575,0.012183123228198723,0.8442006453546784,8762.890775352222,0.4613618399269246,0.972114789682128,0.6402133565619751,8602.306082582505,0,1,1,0,0
29759.322663688337,0.5747562822200473,-0.07149730889389656,-1408.5393711829563,0.966043497123751,6.697684622218028,1.6029249734457625,2,4.861997239425168,0.6500920102514987,0.03635061534785935,0.5792262200903815,0.0,0.505333310084268,0.9059065534728893,0.9222375449354211,10983.945986767156,0,0,1,0,1
40744.1385585892,0.14106036809144237,-0.09515660990604502,2810.198826927995,0.8869442836901174,21.832449194440617,6.7007074548813295,3,3.101014784765613,0.7528215530044228,0.3418700165537054,0.8938384201678771,2736.6831979349,0.36961140842828943,0.8709163568643299,0.6154970945682513,5404.510186043791,1,0,0,0,0
37808.38354626633,0.5807842371503158,0.2826005593197921,1144.8454472528415,0.8635632229469639,6.266529485209912,2.9623432678598873,1,4.094609488229368,0.6112915038602825,0.25222241236367815,0.6555183336301684,7585.56794008442,0.43323570934953176,0.8684981558635112,0.760151819760103,4828.094613157302,0,1,0,0,0
44317.684017791136,0.06721084152116105,0.19500334378360276,478.59113130332776,0.8760886635292371,34.882673350775676,1.9252576042771024,3,4.780881896002171,0.9420661379885891,0.2988944552158201,0.6634466315278033,6497.946094139046,0.6219920482605532,0.5890101621461352,0.4708327043560312,15650.218757727764,1,0,0,0,0
23315.68885477906,0.06548648607029808,0.04130056340082566,256.0847995069709,0.952897355692933,16.63500845404821,4.078989477996844,3,3.5254418871226054,0.7435023048085095,0.0837670683287417,0.5053991961947559,2858.7486634374372,0.11065315650452894,0.9123406196139683,0.43376499286674447,6903.8950770208885,0,1,0,1,1
38174.46313998595,0.27652715340467887,0.018614232515062085,528.4432598861256,0.6809777762795883,18.553128612255822,5.507696056133295,2,3.944496997890317,0.8524468111568939,0.21483338223604143,0.8505056335475203,4407.190193870611,0.235308364868972,0.6380593162217291,0.6471963936953036,8997.737216856218,0,0,1,0,1
41525.82038164629,0.392050233283266,0.03988129189833983,716.8979427034707,0.4401974125073381,9.633051553189228,3.6666629151643253,2,3.6486577582739335,0.8859593752309154,0.2948876894285219,0.5566348765323429,4925.874809388819,0.41681420785902945,0.9651833289507648,0.7473499195556306,10593.459825582519,1,1,0,0,1
16171.344622191971,0.5892851924654553,0.20986141247247278,816.1724687600456,0.7317485254967788,17.483608835215673,1.3819578579788927,1,4.9042878341527025,0.7719378678972622,0.250925654804105,0.8864402887317591,4267.677163614535,0.6284324780788936,0.6823199955068915,0.6356194680153648,852.4558594083164,0,1,0,0,0
21350.673386008024,0.5283067636245536,0.16454824442816576,744.4835728027588,0.8200170455675573,24.166977142295405,5.1962279776110165,2,4.6472911895061815,0.7225769346200972,0.18867950675648382,0.7459339109586034,7568.900419218352,0.10734466859756069,0.9288301985211282,0.7466414620965052,7925.892153205978,0,0,0,1,1
13646.910400159093,0.3621318944637238,-0.025921772853012823,371.66454500419906,0.8165421753478177,27.291199793391495,7.316822932774723,3,4.418003022652759,0.9848851640463778,0.38391351457508593,0.8921399074772846,4679.508410915906,0.06352953291805186,0.6331167472589008,0.7090506257030711,1417.134861305347,0,1,0,0,1
29575.33848999898,0.2415386663971661,-0.030356265866366264,142.12926375413912,0.6650143169168161,27.385382894846956,3.6825075616307616,2,4.175253973230218,0.9857952900095417,0.2704629333813781,0.7919632695988706,6271.032581926075,0.08344975908219682,0.7572634682911202,0.8114243375716454,7476.8902049303915,0,1,0,0,1
38457.88030216366,0.7479871501103978,-0.060641740114641074,178.98137307719065,0.34792110353350464,21.226188944293092,2.5143294434157895,1,4.641183578648296,0.7157745472120087,0.3631003200964952,0.5412166360094954,4363.197538191231,0.08144341187671929,0.5534426477445302,0.789719458639234,13492.495607345954,1,1,1,0,1
45521.213468864255,0.34832691156518103,0.16412108788053528,144.07337571785519,0.5597790569010894,32.652592124785,4.098041421529707,3,3.7845340830470944,0.7918500386977833,0.2919082046294725,0.8828261683525915,0.0,0.5946895146664426,0.830059451498087,0.654547421923948,4006.126693112224,1,0,1,1,1
32666.853023777978,0.3659709170307728,0.2057490648886944,1207.0160774936517,0.9445366259243502,29.60927465571383,1.3385389773414662,1,3.8951037102121235,0.989137663464009,0.2941854114390733,0.5348997424473749,1615.1744932870333,0.4827547447602948,0.9180396375834192,0.654997144251918,1334.3232410087066,1,0,0,0,1
46657.539910141626,0.16453667483416842,0.00601857133000161,774.8453778246894,0.7091142368301981,27.49668401445189,6.743413091361924,2,4.460003442161723,0.6019473630622013,0.032007307903071734,0.7393508602846661,2030.2443013879504,0.45626381971776697,0.859223640651208,0.4844670040073392,15550.743107466373,1,1,0,0,0
19579.08687606598,0.6063666841249505,-0.09162201558763489,-2052.3109077314243,0.6768323602789994,2.946193258816122,6.784385676651307,2,3.7155095265874287,0.7650712993516597,0.14378584874157743,0.5861746070724816,3501.4282854479884,0.3635436921570857,0.7616292564693287,0.7079431432578756,3411.7712983913125,1,1,0,1,1
16669.558045803606,0.535577558047042,-0.06713133300942906,824.7206212238087,0.48819746006753545,1.240728677687726,5.116003244007399,1,3.1278018840967476,0.6401830198723873,0.3433477626878634,0.8761675889889424,8156.828478028782,0.5191715701832912,0.5225579393007298,0.752307476881418,2005.6840110920384,1,0,0,1,0
31500.07070993043,0.20453872895213226,0.28714401393801225,455.7889557750199,0.5579142439416052,8.435654701841553,3.4717202225687265,3,3.148669217772143,0.8036631862250411,0.09304154485950239,0.9557956139030632,4724.822925750903,0.14338879565695448,0.9667205035854292,0.6858936384122958,14476.126277560717,1,0,1,0,0
35456.589040453764,0.10766673193108989,0.018177910990968105,285.03299484328204,0.9267422624072184,24.22332578697083,6.598483551120483,2,3.2307256026114075,0.6098679818161948,0.046202346462586474,0.7770630816791371,3788.42379587047,0.2851647138730624,0.8527447742893173,0.5954244010521994,3254.120312811381,0,1,0,0,0
31705.74726715316,0.5263495114522991,0.20768925913525346,-10.81476247110868,0.7665241332687849,15.391912110889104,4.88280917351857,2,4.739362646687326,0.7627593725562511,0.1304424226555174,0.7635736471495902,6477.1159923112955,0.34400255045860606,0.8729321191826664,0.8329891265510415,14579.656838914498,1,0,1,0,0
13393.021099641112,0.5081578499967947,0.1498654275417055,1199.290175988811,0.851170918726633,15.084219075475911,6.781526159850113,3,3.9444528515124087,0.688279629914134,0.08817515395704559,0.881981598162809,1096.2326489965035,0.11624569860603576,0.8973402877554035,0.4447969867871345,9096.363312682617,1,0,0,1,1
31197.919644384903,0.24128166889874653,0.05277585586115838,1058.0211696982863,0.6180417961473585,31.960541088036482,5.420211548081144,2,4.425764738689473,0.8133233449834963,0.37011527791726206,0.5025394064878637,3020.6096597035225,0.30170822560251015,0.8738717129638054,0.9486642218524284,13135.828306693747,1,1,1,0,1
20259.77449545632,0.7156044935752872,-0.01772509512177796,-318.30213425888724,0.7411730536193105,32.344699684614355,6.490838312489581,1,3.7858186712097863,0.9983974596402798,0.3471866568008525,0.9588793213175804,2725.3426921199184,0.23990106755757223,0.7205580820491668,0.412386063727476,8744.265344381003,0,0,1,0,0
38027.05293947035,0.15574052424663015,-0.05144543273623743,625.641829699628,0.4738685261202452,32.8211342418755,5.18994095252432,2,3.517421894831269,0.920214442050699,0.19987329211316168,0.5987244085455659,4796.083118936276,0.07134928747607758,0.8668109146439734,0.9774100800629667,12318.80945891503,1,0,1,0,1
35299.384214871636,0.3526343607298213,0.14600518721554664,-477.32538763302875,0.7938225811984403,11.985732678025956,3.8989874775096633,2,3.6943843351244237,0.9382568366497686,0.02453754979354721,0.9920594419131186,5791.672584707934,0.13204124163754113,0.8125133939051645,0.6774133605607975,4326.204709676931,1,0,0,0,1
23541.081923053804,0.7105311441173192,0.2098535122551152,-803.6945318311443,0.5993209335923361,25.18695344587416,7.705621019482963,3,4.588364690634367,0.8541059949436323,0.28582493843726253,0.8681269739802311,4942.971104054459,0.5084220939004831,0.9270081668343932,0.6476019664021248,5545.588943906665,1,1,0,0,1
27375.19774396976,0.3438091218482856,0.1575617014164523,-201.3737796719721,0.6097818603703219,10.507161344602938,4.787796774151913,1,4.250432250062876,0.6166239393089034,0.24936469253450586,0.8871255738503355,4974.632966437824,0.060822745702786674,0.9012299076686852,0.5538664104779129,-462.0458843786146,0,0,1,0,0
22467.078302999435,0.4969681633648598,0.11212085329966334,989.9147779062071,0.7545256272038171,7.671344157605742,5.235626629783769,3,4.875279559915804,0.6827190704176577,0.3882218682913984,0.8281014901868033,3277.781761564108,0.6105519794578167,0.5206871912336299,0.4060426808993699,11887.125911031406,1,1,0,0,1
31435.888124541452,0.32831607857395595,-0.0832195106273455,1062.5000363008694,0.9553964350282487,7.462136007157922,2.543413475903245,2,4.359409557153668,0.970025822578822,0.2235812961081508,0.7358315913925801,4641.519716232279,0.10185477946834245,0.6894435451663026,0.5648741586530799,9678.2773732614,0,0,0,0,1
40596.28088451114,0.241950641644069,0.2873955110377535,710.4683360778344,0.3448044426260346,12.97376673022579,5.379555525990935,2,4.140363263509387,0.7464452471715005,0.13455748936116377,0.7858138466805827,2320.32425843922,0.5295428565220749,0.5173580760919473,0.4656399552762004,3970.7014986823115,0,0,1,0,1
23128.465582980105,0.7387843535718798,0.21948567666182986,880.0766294783978,0.8773202661429054,16.04851669229376,5.001253546380607,3,4.220392017971669,0.6414546905923182,0.2076086774314223,0.5232014430075629,5348.2778700156,0.5891699245660825,0.551037462383049,0.7958925056160369,1004.3918067283266,0,1,0,1,0
36536.4186396606,0.3365338044205301,0.017128814680385893,712.9426296919667,0.5046681772885352,30.083220986927394,2.293868785629175,3,4.884742878936829,0.8809621463464807,0.3917053165618065,0.8119797547160071,2998.7939906733586,0.6146813509102683,0.8007053610018057,0.5914449833924358,9127.252594500575,0,1,1,1,1
27227.68143464803,0.675869442575394,0.2919881317435403,-213.18527617836173,0.6107436181544644,5.196188271544924,1.4171096814720059,3,4.576401859733412,0.7197830895737019,0.27854497301321224,0.8130490509935233,1756.980879399252,0.5704862140975836,0.9369109105811266,0.860307597042197,14703.818139088762,1,1,0,0,0
24864.144509638903,0.21096822412376032,0.14075263585452885,645.5380357391525,0.31533933014250626,26.722404658821297,5.230515238003398,1,3.0480824747328756,0.7075427651616687,0.26879045517082045,0.9456003987009047,4075.63887166417,0.22253002365526592,0.5599123793546337,0.5241497124076702,7448.156309670707,0,1,0,0,1
31036.72676040898,0.1991732928175583,0.1329690632828986,940.3276201821458,0.5107322544840192,19.600921996625686,6.345845885452244,2,4.0682793922713945,0.9991909822233042,0.09627263589035416,0.7528281787151097,173.76767131062388,0.2498522788030862,0.7255446437334158,0.9401409144592657,5366.215845913133,0,0,1,0,0
22682.819098225635,0.07179385801915796,0.19922927177181285,903.4330638508594,0.6518418698410913,11.078086993659737,4.663809596454057,3,4.376676823093129,0.9432555700106617,0.2974410070242471,0.5385721870430304,6948.740143992014,0.30592741916604554,0.9554394524032219,0.7137889090634996,4251.702879408128,1,1,1,0,1
27017.156251875364,0.5061667777631195,0.22470791523605502,1251.1306971797144,0.3393232541432073,18.24868545864886,2.58740837723752,2,4.49739695687831,0.7631751273471364,0.3001087317887087,0.6530979602410406,5594.197993823398,0.1335780136442605,0.9071504918357939,0.46870371788138887,12997.394831065289,0,1,1,0,0
21219.098966700363,0.30796844060663275,0.16259144293260105,866.643077760851,0.6437670105682156,11.497972442195792,5.665653836851244,1,3.4262842386278733,0.9921044831265996,0.12691559351036213,0.8278147060571588,4673.939700495605,0.06336347304033432,0.759833948232965,0.6405071413920874,4883.008702358901,0,1,1,0,1
49682.526196247505,0.655050774887746,-0.04876170145351999,581.1585660332663,0.948977440200899,21.862868433340708,1.5607400862672156,1,4.734354708902704,0.8600452893676854,0.1934855329562853,0.619629431375732,752.6305092104994,0.5714729685686208,0.8857857196644154,0.524056314441857,6515.283599929272,0,0,0,0,1
32317.37196774556,0.38124693468409,0.03530700239779935,1156.120190653142,0.37377525267546363,16.184537299933545,4.092835933613682,1,4.911686294350328,0.8968089807519041,0.11784133317618242,0.6402639109277004,2599.619633853171,0.3824772297262738,0.7613468870222685,0.5198112557009076,12166.939631675117,0,0,0,0,0
25702.47042806673,0.7277353995403052,0.27123345613041994,278.7829926007519,0.835108509652853,6.754193517760756,2.143567308788941,1,3.4734306116897393,0.6126052172328846,0.10348202812971469,0.9102345081804267,4081.1168697437042,0.4152337653069298,0.5790461686414243,0.7038218425913254,10549.926419345267,0,1,0,1,0
33925.819196608,0.17986786099218482,-0.010153755262459235,-405.49972098217427,0.5867697373631948,5.080407609449385,2.2912133574191835,2,4.765230915034492,0.6486421037392228,0.01035842809979406,0.7921598658813545,3473.7904579495853,0.6061930848906772,0.5623680566108396,0.8031352093818236,6668.362680053285,0,1,1,1,0
30989.047552782533,0.6580362175689276,0.04886680953500533,169.5464288449889,0.7586216001670365,20.134348872524555,2.4160576441074255,1,3.1939575250321908,0.8532340505984953,0.11408469786133285,0.7542637158867862,622.8700691050549,0.4490721068681694,0.5941841160335348,0.9469709233020569,5204.092235002619,1,1,0,0,0
30011.273604200993,0.5936177969542192,0.0728307531776784,-295.9221158451593,0.48216561858966056,32.58445616501362,3.7069493993078453,1,3.1114136722304906,0.9596095930597935,0.22158797995130997,0.6592259834029022,1367.1419889277176,0.46451210260388803,0.6754610474828397,0.701297206458192,13862.313158981524,1,1,0,0,1
37527.50030039083,0.5896452912508364,0.07576199587778087,-240.14261997950518,0.4116445837789508,13.038519029518994,1.3580514393427834,3,3.258447600205499,0.8494974904350383,0.0006404750196115305,0.8654640179665167,3433.8112061728434,0.5221811890620454,0.9652646338370093,0.9795032650349981,3534.521299576073,1,0,0,0,0
38817.56939042575,0.6413482596818214,0.1451758329978102,184.38506342758575,0.4123238299898585,26.655003752791814,3.7845540865036873,1,3.115482158934072,0.6536099577275967,0.11328763352386698,0.6438592172450146,1433.421202832335,0.11980906991444226,0.8998392068268006,0.9649809112440212,7158.859259490464,1,1,1,0,1
27225.489671505253,0.5827167936600992,0.2772303350978831,-333.935936799969,0.34934436195020124,24.053147422891843,4.581952129802906,3,4.690024474311552,0.6463040184985298,0.35256413292930006,0.8685317588220876,6742.774647766523,0.2660972919282749,0.7164007806131587,0.9190375179906163,1976.4940506307958,0,0,1,0,0
26817.63583419788,0.4883542251419907,-0.0037229152669980142,53.63077628876778,0.42995269343087006,33.60442200083183,4.3830599947642765,1,3.118100288916544,0.9376743583296326,0.23745943404294434,0.535050740133721,4989.076718811665,0.6309247566220197,0.746538354893787,0.6999863589774511,12755.46871174814,0,1,0,0,1
29524.534725635203,0.1418714143776713,-0.05139944947963278,-1214.8917335630285,0.7649535694922778,29.73433560546993,3.679488702821284,1,3.543328382727311,0.6557209354831657,0.2431451296323922,0.9322706707910418,2393.0717815219377,0.6037580468603639,0.6328047288332075,0.4845423662127901,6100.456496467976,0,1,0,1,1
11282.709517379735,0.07276832564387634,-0.02101180405602507,470.63496589835086,0.9171834282904556,20.831184061691204,6.874026256495267,3,3.2075126870717128,0.8080927842016101,0.16134572201054131,0.7497832316879665,6338.309656031426,0.5804451777861109,0.852176478236065,0.5307426818892309,5201.496805137376,1,0,1,0,1
18363.280440213028,0.6945934934709808,0.2547699600837078,300.9643802897794,0.8698879799138133,23.996067438193755,2.017286846943529,1,3.59084407262753,0.6148453279849209,0.2705888573969644,0.7192540083494849,5935.413177347379,0.32125310620338343,0.901382835731019,0.7886020016271853,10646.64986153891,1,1,1,1,1
44301.86840700072,0.4816552201645166,0.1583243250620824,-353.67090485455253,0.7795940169121388,32.443526330441216,4.539877206469618,2,3.181118935201841,0.632267906956471,0.07597310649214367,0.8055117057709622,4577.916712773839,0.5643157721520834,0.6194523478337883,0.6530529881705176,2297.938514791438,0,1,1,0,1
46804.70942151155,0.6075761036833234,0.014362715695664052,827.3965347459241,0.37730230438777185,14.983157460542717,1.43428991869588,2,4.336006501486028,0.8689393070571458,0.32749872415367665,0.8120960364481352,3920.8275330720917,0.07903752916745936,0.5209108118932326,0.4880809790523979,10541.525524875364,0,1,1,0,1
29758.675643992596,0.387065646058785,0.22637877558744693,1050.0561101012468,0.5024312124071648,12.437814705022207,1.4980897521453682,1,3.2666536326851503,0.8756725641710066,0.04667564797435993,0.5660175884449978,3403.052383540321,0.13911045455427046,0.8119444715814852,0.6873963601835862,6557.828831729975,1,1,0,0,1
37189.0126675019,0.13211573227367612,0.24454799854537443,-986.0478914951793,0.5168648127257283,1.3783879272318718,5.017060947739674,2,4.7036918516777755,0.736587762643377,0.26240054186124373,0.8781167949081066,2920.1225844366863,0.29838061909043245,0.7812560595676583,0.41045832730122755,3178.803140879222,1,0,1,0,1
34801.251390891826,0.13763005454178528,0.23860573547611122,-310.17982285297137,0.47496986247833484,29.929287596701247,4.962128974214746,3,4.634382101453282,0.6862439060972179,0.13645973032787323,0.6379641489750314,1326.4161615842927,0.3400352400092758,0.7010655775144382,0.840337222539756,4038.948118952725,1,1,0,1,1
59709.927276097136,0.5298957010602799,0.2675706134558218,-315.3138798298386,0.6605039617968061,29.03432451411777,7.146234589911199,1,3.027323370941219,0.9254841083029232,0.2990051882329907,0.952480940084957,7056.657510195999,0.20810429211251413,0.8219469708866051,0.44414877669381453,5263.199601753049,1,1,1,0,1
42076.17420291119,0.35121412642962385,0.0008964080693446286,-451.92248088709175,0.6748876704157707,4.6559081335052985,4.905115729620512,1,4.791452711030229,0.6868412917879562,0.219905820506408,0.9089253317074162,2958.973562457567,0.26388600250867245,0.7753066489925717,0.7774681719472714,6223.825298145046,0,0,0,0,1
30848.7416766731,0.19036730869023571,0.20201677149851135,963.5798735453988,0.549820182619777,21.190008339644507,7.718537142833951,3,3.0578886334867343,0.8168108278665519,0.1809412153914865,0.6731330207673742,4056.401219424666,0.14766566061522127,0.6252907882970964,0.8758061845753596,3205.895704635146,1,1,0,0,1
23400.136034596166,0.3941161827190058,0.084215798909656,144.93908898175718,0.5476524111155052,17.23935943584106,1.3408639387995085,3,3.4792915699151132,0.9872835363451622,0.0677689608372988,0.9038696466003573,2179.5042873987622,0.3434804190295443,0.6988644878113612,0.4795863246723793,9178.063958272185,1,0,1,0,0
17541.983117681848,0.09494625595259386,0.23679942115602462,88.3881269515114,0.8799889185342569,5.154818342818901,1.6860537934651876,3,3.06477827555199,0.6591409751449535,0.25472858571374113,0.6781952496499521,3481.0989667813406,0.5263059757207168,0.7140567848736208,0.7111832143996075,3101.112064177326,0,1,0,0,0
33831.17272280501,0.4573799813400791,0.1913962708646453,-1303.089891525403,0.8525049938237799,35.31988794712532,1.3084610309926696,1,3.671686974078632,0.9763505069978835,0.38990793736816526,0.5504738408180203,9701.554847739484,0.4468162361967834,0.9401239972377818,0.8674405086156818,-1460.4898125531545,0,1,0,0,1
25192.84329244127,0.23829538310456838,0.21057897859988986,808.334424167381,0.5154570821765219,8.514356061217441,2.29693795233478,3,4.0277330514265435,0.6731572212274675,0.330241369962806,0.980944119362854,2548.0041925095456,0.11467534841932477,0.9804520770644798,0.5563800728542009,15678.47851519009,0,1,0,1,0
19199.716613620934,0.6082913704460318,0.16246473507242862,-691.406715882778,0.9396519107112815,3.35319630316964,4.788890776591747,3,4.593289738030276,0.8269772832092919,0.02400327703560472,0.82630100760772,6897.191549083103,0.34254896203802965,0.9465006811982486,0.4977499558009715,8791.710196395868,1,0,1,0,0
26180.84404181726,0.2672533712465016,-0.029028492212117257,347.9461042130626,0.9669705119017542,21.819658282566834,5.519005269991996,2,3.675963100939672,0.7508030847834979,0.15049175134447645,0.7280497633312959,3944.388965692202,0.4685878296678349,0.8595890120259898,0.6020914665804742,16037.966366582299,1,0,1,0,1
22266.067967470444,0.3686541043572608,0.11801076755877535,521.9015503665534,0.5287197794210285,26.86033369965614,1.3190961056406816,2,4.410980049346233,0.9859714406007304,0.37023320367610874,0.6988866757655199,5359.876926989291,0.3679371779323647,0.7924963668029109,0.7328195059499896,3825.3625998917996,1,1,1,0,0
47184.27471565308,0.058134377935670445,0.2938678958098033,1388.5268766709207,0.5480974641551384,2.1355206116515437,7.621796228919195,1,3.3750089142379607,0.7094168116007747,0.20121749902280858,0.662352667129132,6489.160510792503,0.28500535792132936,0.8446308177329775,0.7451677569128501,9919.178857151994,1,0,0,0,1
39934.75781254505,0.10071282145619122,0.27495522659884764,-747.0563192952898,0.6539439073953712,24.055117355445777,6.895157636552668,2,4.501196913488252,0.7598632008343015,0.26484473032327166,0.9907237977145646,4544.5347688119955,0.42314865277032687,0.9695546103663445,0.4785258000746122,11578.43479545304,0,1,0,0,1
31928.246228150445,0.32474548948467935,-0.08273050568119533,-2115.60972465666,0.9587845687735714,19.630215658300905,3.076287375099652,2,3.471993211818475,0.9931440471421682,0.3650397382365562,0.5673736325654537,3296.58568723942,0.6311831991801653,0.6249993676119159,0.674541308604383,7242.614967306976,0,0,0,1,1
45319.49725001023,0.38595718430198644,-0.034074073708225155,447.07963580295586,0.9134236031996181,4.614275310626694,1.5403127115852757,3,3.287089511887536,0.8145881564753893,0.34951787616795227,0.6574025294602841,3627.818043435121,0.10694474585964679,0.7675602538367025,0.5609693173236927,2222.200097685277,1,1,0,0,1
32696.314768828564,0.47001438368351256,-0.04730849061817524,1740.408945208683,0.37179757380851286,7.038335693122672,2.189209512533401,3,3.3708177007481086,0.8010520462485013,0.20072815021620438,0.7427488201413317,3695.143036707324,0.2840096364485364,0.844804009500204,0.9052145308389704,6942.075463110821,1,0,1,0,0
24248.44218804563,0.25416380509651226,0.1903919639941182,1291.15708235155,0.5749115202899913,20.87910040606282,1.8886108962848087,2,3.3641262577637105,0.7031113952815965,0.17505852106304085,0.7389997725271558,7728.741113830825,0.2939635118276574,0.8396235006621373,0.5881450792384184,10505.587732384958,1,1,0,0,1
45708.116695426914,0.5364873202885798,0.22711413194277805,467.7275322197006,0.6873598328248403,11.372516472965094,1.8629864550926278,2,4.025725758753982,0.8805454241241766,0.13587704739183484,0.7356832422039217,1031.7484456792185,0.3961803862810226,0.6261394797884182,0.9032227147203158,10352.881799602794,0,0,0,1,1
36850.19039316193,0.6520856780324432,-0.01459545347573124,-93.30894850563789,0.652192730786078,33.841050502796065,4.629931820660138,2,4.689595162376293,0.6057491807111111,0.28760777726515646,0.587891907915191,458.54608441441405,0.14130476112915075,0.7933657636948759,0.6571387675610754,7993.485550167773,1,0,0,1,1
22664.784611061892,0.5958956922253449,0.1023410771807316,945.6980773098483,0.43570414755582487,29.655908031941777,2.720932097453802,1,3.1592101539850113,0.6198050518809174,0.11479471978861731,0.5724662635547503,591.8941656044653,0.15598581792228172,0.8979565712100782,0.8359514594958719,11589.151772686984,0,0,1,0,0
30286.951897247527,0.07773317774385,0.23628121120448,-478.8369597635749,0.9011717398177082,35.42485222797821,3.506978015704011,1,4.413912636986845,0.8397434348543211,0.09995504257236006,0.62738379316431,2212.137132855154,0.2212168315987128,0.737539490025122,0.7060361371264863,11400.344485969414,1,0,0,0,0
24119.435719537185,0.3863548630804802,0.19312061790650023,681.0862154849754,0.7738585480977861,10.08847936326449,7.926537333690257,1,4.308692919305715,0.7366698295273817,0.14249995784151204,0.957263076901028,5400.166154396725,0.6235220259611117,0.8966490383493675,0.7731775744785858,5905.329599761986,0,1,1,0,0
19554.802421320976,0.1234511248927224,0.11689488219673932,704.3761273333015,0.8865358623962625,34.940327147929196,5.790199742477413,2,4.745039903658725,0.9813265488803842,0.07088602275151681,0.556526483917255,5522.838584808394,0.4904651487385415,0.6799412988772774,0.6372139065168299,1918.3213805671712,0,1,1,1,1
40335.59792778477,0.21943151110376924,0.13613907618350915,1148.1679259991038,0.9011349955446304,16.093185442704524,7.642864669329009,2,3.4882951210138144,0.9612762762891143,0.27804792637830694,0.8787125516866624,2784.994717186585,0.4470159810149019,0.9693800635818794,0.8609240606844945,8761.735632043155,1,0,0,0,1
49184.74976423118,0.7406638152870025,0.10334421876651198,2507.7280311288623,0.8238490975660178,13.163157835981412,1.9978958852318092,1,3.9002197173700592,0.8854825034706828,0.24649625973224493,0.8787741965666857,3943.0169446803206,0.5401746124365573,0.7669642202495506,0.655113630144195,5013.449735918373,0,1,0,0,1
19412.891835627728,0.14974688003105924,0.019019380527528232,613.9327737430136,0.6074474208748021,2.7622334439273635,3.674976323827985,1,4.851654748887035,0.9272582324511205,0.19315141364633745,0.9048852019486311,1767.4027298243304,0.12654588135001577,0.7979739753963071,0.6744769879514931,8574.994403597162,0,0,0,0,1
37066.723130215134,0.3992217074159492,0.12600879714360644,-107.17090056599898,0.7273827285107972,2.846784025086092,4.8831226229764795,2,4.319986900270634,0.8669327398670773,0.15613031170462188,0.9433077444946778,1952.895425187264,0.565599691834251,0.5156807844022941,0.7106072009385743,13382.119414207595,1,1,0,0,1
26144.216877903556,0.48270901402268335,0.17555412082003627,279.54055024640445,0.4122557842838202,25.220393958132913,1.5373064332211661,3,3.777536825723194,0.6502328410840642,0.3636250171586926,0.6315180887694651,5159.733678023091,0.40689962833250237,0.5851345685642971,0.89909447103159,9749.96806348439,0,0,1,0,1
27615.871546117734,0.5417254793808728,0.2493291663443231,-1115.2607239112947,0.7715517922324353,17.027514805190975,1.029312105395705,1,3.262824765710537,0.9062173478756811,0.011649513995642114,0.6122797346344482,6095.368122216794,0.25119740447536126,0.8164669402355224,0.795627357160879,13185.022836886918,1,1,1,1,1
26668.454681850177,0.44175407844083986,0.15451654159169922,-255.77050487124654,0.42547727901749655,8.928256911263698,5.693040336578423,2,3.5249700158011823,0.6840767874875385,0.3076430974029197,0.7327528332637399,3046.3623511397145,0.5395131534474142,0.7099351858911356,0.6094962319394499,3954.0807959337185,0,1,1,0,0
24224.083072881655,0.056839593193428566,0.2044486148172632,-27.425950490483217,0.7857647133571097,22.488960721383144,5.492736617610047,2,4.162430954978767,0.7293771420400788,0.36076382869955553,0.632544584376018,7270.030241661607,0.5315387206091744,0.7540818952290873,0.8021917803889257,12349.822954722767,0,0,1,1,0
32436.694651503443,0.2785229157707943,-0.0359713460181708,-119.270718347674,0.4607187125277781,9.850034138753891,3.8755216699972825,3,4.436335895121028,0.927693684840968,0.1785418317719704,0.8671549944915538,5931.21069757222,0.5574251490300363,0.5314857043668502,0.7854559438051464,14706.391726606666,0,0,1,0,1
24521.44895230066,0.41239815036929794,0.08462298976791596,421.8838976269776,0.38228591010515395,21.21711140205479,4.427508532224229,2,3.248843773703787,0.8146102433573793,0.2202761965882587,0.8179697883707169,7183.4517045111015,0.11931074006418929,0.9170676192051921,0.9586115655278226,8257.288026832102,0,0,1,1,1
34434.11143201855,0.11150654940138335,-0.09626735206916269,-357.9359459057605,0.41569914310007017,13.572306144394162,3.908101004144627,2,4.199194520088108,0.9439762856733637,0.3777854751528152,0.9374938440263257,3398.1238618101634,0.6316167469974656,0.8922528011481086,0.90484986161521,17288.213574790756,1,0,1,1,1
31547.857014957768,0.29543885184642654,-0.0013284541913507891,1196.824533859577,0.30139449465334917,29.824327931413666,1.1680353139142219,1,4.1007025576775025,0.6852141279373056,0.08491100611420577,0.5413691517435357,7041.372491265291,0.6257756922738387,0.5926769878609248,0.7884681542507489,4570.2751530855785,1,0,1,0,0
29849.46757820231,0.07324217615395659,0.19058468604520193,300.1656519345577,0.8031177324974712,29.724365626837276,3.347601243522237,1,4.027910893381416,0.8431113754427548,0.20805393911387396,0.9575416666790374,8359.085279951552,0.26448178730104493,0.8171646786286897,0.6049042664104262,5444.664520962193,1,1,1,1,0
23831.92704162562,0.10500494800851451,0.29672398053974536,292.55974308910845,0.8126807343408653,17.707263934284047,2.2395757877810287,3,4.380246235364016,0.6335163890193046,0.18988845085128517,0.6466743133350448,3174.9649332879617,0.08953641092715178,0.9091576058271358,0.8677458693167617,10599.742201713874,0,0,1,0,0
26809.058024885006,0.3278462933411172,-0.06032876016511364,37.68422678966573,0.6604533449392815,13.278668826725546,1.688969323709581,3,4.674899190166924,0.8572243974160119,0.10335705914814804,0.745347172963492,3691.6619232638277,0.15023340168127142,0.8204270682078,0.7451249758376806,8217.862179320755,0,1,0,0,1
38798.5210324318,0.14290102783014225,0.060597726344515296,424.1525470871833,0.41295396073876856,13.689592879568309,7.697043037225448,2,3.6459793663537368,0.9050136151102139,0.3274372921492432,0.7193057179698219,2104.5629951872015,0.6456984952668182,0.6551990476479224,0.991161992860541,5028.370668875086,1,0,0,0,0
36508.254688619425,0.44727859378309065,0.22002838747966383,960.0786117341078,0.3584880362574828,29.200008398387627,5.195518075295159,1,4.778024380221919,0.8339723575914887,0.35984023790529435,0.880155825552212,1711.5698076783447,0.3878077659029978,0.8280555752390836,0.5485036771418824,10476.41630646307,1,1,0,1,1
23202.002796813038,0.532625478396086,-0.018385746148440463,-393.7041725687203,0.3133902765061009,12.48628189791642,6.100593989656218,3,3.3212672252371016,0.7064926005995241,0.31277303191528355,0.7101666547159213,1734.8973174674102,0.26397307929563124,0.6052308738416061,0.4477935045585322,9422.166053329574,1,1,1,1,0
32893.990748863034,0.610410689376358,0.12203397972091451,-226.49319126020532,0.41602372387565445,8.31707807973961,3.2075462028628223,3,3.3460477395023287,0.6125370675435466,0.07814358433944335,0.9717765728247048,2377.067736425415,0.22292161631002327,0.6591274986397104,0.44193508713276863,5654.893293871005,1,0,0,0,0
38762.4841103461,0.19010517097136703,0.19322851841186992,57.01917697866827,0.9235988744882027,3.964091965635739,3.752029906458106,3,3.533544127247848,0.6477795535857143,0.03469945420055263,0.9512669413192878,4549.475957971143,0.2041950411865685,0.6200348265535893,0.7840182330110081,8756.206504177491,0,0,1,0,0
16975.35246990765,0.16723780758134882,0.14639418010407163,-776.6967387785719,0.4690757891911772,17.334259230954295,2.658467957277064,2,3.2390617390941556,0.8489211916296104,0.24217779412213694,0.9360805759847532,2461.6009211572973,0.4484916590326892,0.7784625511951033,0.9635561373469143,11036.102082523703,1,1,1,0,1
36890.24173141942,0.12319748823408018,-0.02479010615383355,-355.40628777719826,0.5479899290520509,17.874623462194467,1.6787596967579732,1,3.460638449365755,0.9737680867370055,0.022837904203953575,0.535629166324114,4488.325109173737,0.30163269891181155,0.5541133233827743,0.40115914857490315,5566.164854005952,0,1,0,1,0
26036.386169487378,0.49550117468054566,0.042153827474295774,-80.97669883572723,0.3737418391369332,30.43180486410175,2.2532214620910866,3,3.212823525805689,0.6826137615888026,0.2691303554232337,0.9271290307769697,4529.690302389905,0.629246419621167,0.9666551901741693,0.8354626281746664,10067.983238563551,1,0,1,0,1
37135.38801733843,0.5445330085408308,0.2135167137941589,999.511344570182,0.45565291332371916,8.743354375612238,6.5825983170754006,1,4.6435048339707805,0.8940104596420395,0.2121696881308971,0.8908177227216052,3059.7512122512426,0.46030581838721685,0.6667561768314334,0.7942391095197673,4531.827089914611,0,1,0,0,1
25130.667591117348,0.07211030137794942,0.12169060565280665,510.04906320154,0.6634571995461436,14.334694578393997,5.742820636286431,3,3.277937983773249,0.9465804252996166,0.2651142930974654,0.5517564735030656,3874.7257908613897,0.5252267546293767,0.6094850635529007,0.8393825153316795,5304.702476100611,1,1,1,0,1
15756.06109401933,0.7053485723705829,-0.09790815458283492,454.8719290940355,0.7254268781669568,29.294200861279183,4.828502131898338,3,4.494595115119713,0.8083528713790045,0.23606830945989762,0.5537071627181109,2944.1752146273743,0.22564492914989598,0.7482749068009156,0.6132432440574014,12446.34925288111,1,1,1,0,1
17352.118059051536,0.08637989855603069,0.20439630401123757,980.7183697343778,0.4717466199163477,29.826826376214072,4.325629110067377,1,3.0958277358266675,0.8677063183374631,0.16908102781086912,0.5505819057587706,3378.5204534470954,0.09751184546517551,0.6384989092273581,0.892297866794713,10454.985172425724,0,1,0,0,1
32432.764519952438,0.42890743471074927,-0.08587545802390438,190.10256928048267,0.340412511457582,14.461387659256888,7.457039985592871,1,4.89704065502783,0.9260061266704592,0.08035087205609132,0.5056662966022438,2382.2740510715703,0.3426937024291286,0.7674520431913221,0.4268241588513172,452.6499675691048,0,1,0,0,1
34337.50251549334,0.5463423636156415,0.19829351309249285,612.3718799431117,0.573723008389179,17.069340815033833,1.5091446344506787,1,4.422320175055532,0.7042700630962374,0.12228085432419543,0.7743171525972918,4168.209379565633,0.2387489279277364,0.6742545748910427,0.8532586603732165,6503.101499829864,1,1,0,0,1
23861.150374060322,0.65967838662226,-0.01900777593390504,217.42259765400303,0.4639423596484339,11.615006179724903,2.964205692665412,2,3.0135930971722233,0.7187582697072172,0.2098002296875906,0.9866971457180216,2798.9082690803334,0.17124989900475418,0.5660334053845204,0.5602431648094527,9958.787098372639,0,0,0,1,1
37747.332128996364,0.5498608524926994,0.2832293920477521,512.2898795197027,0.45368774626086134,33.639420744675924,3.449564974994998,3,4.5277130004004285,0.6002510066513824,0.2607472374590424,0.7193423514498968,1667.868248124409,0.6215852784805168,0.632947621013631,0.686102664914843,8555.462468753354,1,0,0,0,1
17046.31943957936,0.6112096581488543,0.0471763005208338,-166.20692608926566,0.9719039618994185,5.152531800955311,6.476980685489515,2,4.02816384153237,0.985237652359121,0.3117932067538114,0.7703787509436781,5186.857777697074,0.31639292860521817,0.7192199224807626,0.8935817629343323,10472.81698073581,0,0,0,1,1
31405.28181217415,0.28761513477996425,0.03077264653523165,-1651.0537266211434,0.7314103401480068,33.68122980505145,7.947602341133799,1,4.558730340670239,0.967017957838538,0.30686828737962435,0.9839848983849777,5254.582402570926,0.15482515522927137,0.5151466132398128,0.5628154211146822,8463.926639129186,1,0,1,0,1
21100.85420213789,0.6203775796225586,-0.040444779867022135,192.57667025095668,0.6898149102204671,24.935325814237014,2.6846936033000715,3,4.044993617781177,0.9058273055037721,0.38907549730443414,0.6275911143871153,6223.397071288215,0.1691903916086835,0.885321263507381,0.5111245069863362,7469.609306082668,1,1,1,0,1
26133.475029780566,0.10608039246927259,0.02224168619608595,1438.198508879952,0.5910425724663253,19.605025344035592,7.120151338959564,2,4.282049715270709,0.6316304083906592,0.11433657946536378,0.9292351262991314,1951.2052507916428,0.21842584547875643,0.810912282295208,0.8087879112087306,7347.351456651033,1,0,1,0,1
32426.588041847725,0.6763716592423693,0.2506603047312802,1040.9723217932737,0.6002610334011009,2.1430671274573556,6.814359323022539,3,4.572663310790081,0.7790011558798032,0.028444283285374718,0.7731952336058681,3038.1453865780263,0.6495897609138277,0.8006798036391771,0.7200369349040827,12364.717254378145,1,1,1,1,0
24256.27971244443,0.4333146633076153,0.298533735050899,1072.3179876729364,0.6786335026866566,17.64586671377029,2.5726017834923662,2,3.8102161091757134,0.6407567015886211,0.1382627742167437,0.7847382573315054,4460.990810179446,0.21080690031175842,0.773024965941383,0.7086423212477106,10779.758345722494,1,1,0,1,1
28539.00010193157,0.6221084389737456,0.047323812202739346,1288.9045774449742,0.787500864925275,15.27118367509563,3.795328061394558,1,3.0054162996409044,0.6063681069051194,0.29731779008963066,0.6715869286036418,2995.9202463754796,0.24728108274707217,0.7951565861625343,0.5540617093227479,9618.975214981849,1,0,1,0,0
41056.635282929965,0.36662279916281004,0.07944425238181704,370.92607276915,0.7915022673272806,6.6426584191292894,3.8677100850476336,2,4.699892991890377,0.846473186085039,0.1752446604133181,0.7807921804834541,5141.823967615644,0.44559687679040083,0.9673259763536103,0.4209281834920166,8355.33239560311,1,0,1,0,1
26807.973174291663,0.5005043866375675,0.18882837528109483,457.8525659244765,0.42018573539381465,23.974336122522992,7.8475446796859085,3,3.7617807252493254,0.9843317668320753,0.3271153722357678,0.5365712547391419,4995.865774967871,0.22637682584617896,0.5042846054053703,0.6461614829990301,5804.725234479127,1,1,0,0,0
39521.22900858628,0.4184818626552792,0.2544783121860298,-194.1215163474801,0.6500789264536389,34.99028175789,2.266243309652288,3,3.992085452033166,0.96114720937286,0.219730546074406,0.882321786307056,4958.590712382133,0.17948255063581603,0.5238998548288747,0.4639356882806608,6772.985343353845,0,0,1,0,1
21832.638308081438,0.5621126652287324,0.13721773367471365,47.14171517836019,0.5883706665238713,20.67660838725838,6.594105797733475,3,3.0155332843079377,0.8787019259741617,0.3719166890522012,0.6423438807721358,6919.334466608529,0.14518231198975923,0.5957467049654012,0.9435934903895213,12258.684497747508,0,0,0,1,1
36768.237601237546,0.1071409874214127,0.05661027927113174,792.6169198169132,0.9093688763885688,26.016364675538103,3.3393489992117695,3,3.984184020700196,0.6386562336659486,0.37914537679962756,0.9438041647469775,5288.154148916899,0.23760959901667533,0.583650689996575,0.4247501940830383,11882.009978144866,0,1,0,0,1
44974.11758592111,0.09224645879339466,0.06504873633944949,1263.107549735053,0.7419932448528634,3.395765839810587,6.116092420433123,1,4.972974803143459,0.70966561506892,0.027721802407499486,0.6839253473037292,4307.782222962853,0.1135494137772641,0.5905972297345914,0.6589905125106288,5405.710281218266,1,1,0,0,1
9755.199498854396,0.2229722638071025,0.17824725859872273,188.44297945520037,0.6727528464911872,15.618344853594817,3.9400770300696397,2,3.556535321637539,0.7280226907541164,0.18256537588496974,0.5714120552434413,3612.9290268069262,0.06118795184886974,0.8359719429243251,0.43134735022049675,8399.679390899604,1,1,1,0,0
24827.942700765707,0.16168127607923183,-0.09871269455828853,-60.15141188112926,0.38077624952524214,5.072546980757355,5.048518341815781,1,3.790836540484756,0.9052600230982245,0.24387562449982722,0.8479407871842425,3752.2717836463676,0.5327850184008064,0.7297416505250827,0.4573263247388598,9993.86929045626,1,1,0,1,1
37193.64914462486,0.6602484966145412,0.1478357349839363,300.4223670852778,0.7239465225263879,22.447854243777865,6.828282413282918,1,4.374379992937353,0.9208996716940456,0.10234901632488512,0.5822890723567514,1871.5796923198532,0.13273696544874594,0.9958894391673465,0.7953200001532132,9732.737645626654,0,1,1,0,1
30172.591525613065,0.203449791150631,0.04219720417654296,780.965399143292,0.3820427339761634,33.846875537495414,6.629158954887189,1,4.629587335047317,0.7540424491959682,0.1628307117515921,0.8768402577714952,468.5796260999573,0.5155861098891453,0.6134429574014724,0.7882667565844568,9701.930732253726,0,1,1,0,0
35340.31286034178,0.733105679073392,0.21767893251083373,-855.0838529068335,0.5360446028960264,24.16222063650735,7.064962284777901,3,3.834783248012201,0.7671535986470439,0.2710726164470793,0.9840561182030583,4927.5122554621275,0.5285254873919959,0.6554150505137473,0.4198313169276639,3551.700726493056,0,0,1,0,1
26564.133319557615,0.2858270542397748,-0.06280374407074714,-1536.9447625097905,0.3999893753700323,3.6881066910047533,1.4173212774126132,3,3.6193377408025853,0.6178036157104685,0.09069369075934458,0.8897764343976309,6447.2658751261315,0.37275171579754585,0.9921203584008245,0.40067888507252214,3314.0636458087583,0,0,0,0,1
32779.3080872561,0.1774825409820895,0.1352809067793562,-140.42947959326682,0.7844515529170581,13.4133171744779,5.844353871278214,3,4.875651599970134,0.7156546873675044,0.240792541189781,0.5112246242156624,3339.7701533945265,0.23580917498777088,0.9158790704011235,0.4472908463456704,12680.778973445253,0,0,0,0,1
30598.904881471284,0.6027889549997354,0.09238915595444949,-676.5699407313269,0.4443764796853068,20.273218280429802,1.9799116370523402,2,4.354289933343338,0.780514070871056,0.27897913126572244,0.7999428940263873,7174.188318065195,0.13701964024993307,0.7348996103392664,0.8577993386271653,14036.100795567418,1,1,0,1,1
42510.03855493826,0.5110954428506133,0.15693021036209095,-106.51215811784868,0.5743015612316182,15.112271464663827,3.910729976128877,3,3.238042608986282,0.646793218554103,0.0361985244383467,0.8477053354848622,3646.9751338370593,0.49208306403259944,0.7772984427729949,0.7507458836509042,2073.915443826173,0,1,1,0,0
34289.78758971092,0.39873700151719726,-0.07405856220681267,181.77574494602277,0.926972344333145,30.177540366631032,4.84011890538282,2,3.137855756269297,0.7813069843020085,0.1990117264109811,0.9127291628981427,92.45603777398219,0.4108321915890716,0.9215889603264202,0.422870947113095,7888.959453421347,1,0,1,0,0
35038.423958676816,0.43875448565634184,0.13199351497125253,-62.598727218410716,0.4430214683792792,29.513485164849623,3.8191763932278153,3,3.967099701580738,0.9412703249031201,0.10523201196967631,0.5280011544695,5836.498507459206,0.44327207389613843,0.740490123023164,0.6928582095236964,11256.20318933329,1,0,0,0,0
28293.107304897792,0.5534412447905847,0.12459383518380948,1461.9740275765962,0.6554635447711453,22.41408570361275,4.637281730621052,3,3.440180132094545,0.8325284078900214,0.28975454239921783,0.7400539139761432,3041.4235255237095,0.055201453907078625,0.6030118617910422,0.8272176142326708,-815.1140150389801,1,0,1,0,0
27611.543983347558,0.2099183189319091,0.12426403776646838,561.395811681856,0.5934901628162154,14.071028079644684,7.975684161590334,1,3.5079695067525067,0.6315719420153649,0.07582220341477619,0.7676854363191972,6017.557355040028,0.6065102094246947,0.9142222692771927,0.9213708367604838,3706.648567683821,0,1,0,0,1
28106.976309623413,0.7474337412397194,0.14139506663858192,540.3794876886627,0.3126868287320108,9.936773081713545,1.946521195989983,1,4.7553843576556964,0.6766685275321097,0.3568951662152426,0.584562431322089,1444.9450321367199,0.08977411246793016,0.7688862456378217,0.9604218943954063,7631.2119114914785,0,0,0,0,1
35550.06928140467,0.7323552135027482,0.1705871748905449,797.7657152347215,0.8549306795009688,4.705601137459526,5.728192317354979,1,3.1791320486326216,0.7898177400634225,0.17237653460733077,0.6612249048553248,4824.0883242953005,0.2700835310840034,0.5765212985819106,0.59646433777244,5611.045375767137,1,0,1,0,1
28211.13967261763,0.5052279804428558,0.2219955998723079,-611.0664942246153,0.3483321344202198,13.42141892202939,3.7720067646993067,2,4.430728230457779,0.7445948599287249,0.0792012121230214,0.7201108631280826,2399.077832911375,0.29162698979102014,0.7527929155921989,0.48149945704795943,8836.574004582195,0,0,1,0,0
34607.97371206772,0.1896797156504016,0.007928288051285731,1131.289429936215,0.6319785146838675,15.461038102270184,1.9310685923513016,2,3.542284506761176,0.7434908078184395,0.17520871854013176,0.9166048439789007,4402.809733124711,0.05081331469876931,0.7066016902984293,0.5421555524388685,13881.928110734752,0,1,0,0,0
50678.60718780895,0.5261597697019039,0.23001976407202482,239.3885707716321,0.692474806457265,24.653802378642578,2.1111573436201665,3,4.520656442808275,0.8117069792574361,0.16349750512341116,0.9647037830351035,5533.213389150712,0.34825358561047826,0.938421265940879,0.8657028952241342,4588.809489947067,1,0,1,0,1
39840.122330885235,0.1005388862854231,0.09930227290538146,836.38449379297,0.7398985196302109,24.035593850415072,7.644911743719319,2,4.444822768927089,0.833758368635783,0.17156758379748413,0.8142114144588364,5068.80200258777,0.501685396706606,0.5630277156803517,0.9828905290253864,8201.091565261499,1,0,0,0,1
29065.78821048943,0.07145675154406425,-0.06917668834626754,-557.4857864321243,0.7820421405155129,3.453784887443993,7.157210476982334,3,3.0147838028885863,0.9187446281104764,0.23422451739897876,0.6974725930107311,4138.735666060185,0.5439611918688633,0.9376049022240127,0.6798361704162283,6620.815508023268,1,1,0,0,0
42810.92529947551,0.23037802195784957,-0.07657962830240833,-943.0070128128514,0.4772906684659005,14.834076040090522,7.349293722905153,2,4.0182708258431985,0.7363866253849939,0.20846948996541503,0.627015508899493,1243.0817875755542,0.5776381959835306,0.7561055084051423,0.5832119281286738,8545.461232292557,1,1,1,0,1
28327.321642806037,0.37383606971752137,0.033695327478424325,954.311726420023,0.30698514366091456,7.362260352607667,7.940729430791706,2,3.2786389647560927,0.9221865132162347,0.05991085267236107,0.9910675922180752,5460.688361103531,0.34263132098922167,0.7021822149905739,0.6575143491760207,8023.200476464375,1,1,0,0,0
13656.879183399316,0.6577907537858664,0.21395879084458705,601.1276208780132,0.8064105636484384,6.488444686088199,2.458207730059626,2,4.732454061157354,0.735444491645053,0.02623162905865453,0.9915099990381793,6062.8608759912,0.42838171431779026,0.5809835922014701,0.5828878867870795,18548.79279653017,0,1,1,0,1
22927.223201743363,0.5590183488364157,0.1830723738963663,-421.6412434860083,0.674959619543305,29.955575240803608,3.4880753615484323,1,4.743171765724814,0.6221731955764935,0.29176617949061623,0.9624884741175174,1914.005951686915,0.09771182797789926,0.8504089813193396,0.5538925139242926,13958.309835390319,1,1,0,0,1
15162.8727107673,0.5698945648399868,0.2154459858689626,-395.73046501975546,0.8852823922450741,2.4670325850690134,5.684533209474067,2,3.836691614987516,0.8216750604019165,0.2238869743713254,0.8928345749389096,2207.9415713880007,0.34282293456904994,0.9634033545550202,0.7562504514443078,1676.257917451073,0,0,1,1,1
28836.37864362822,0.3478453341136527,0.10690762257664374,1200.3478275318155,0.874971854030486,15.671400656574246,4.386617779024531,1,3.8887912369021613,0.8351609299579258,0.1436003072317055,0.6628897718728091,6147.114716065823,0.14288945292304117,0.68768867694966,0.4094415882241267,4399.460948109966,0,0,1,0,0
32165.765412705965,0.29215449478287403,0.07607959918219623,-651.5295142938622,0.8903283174515182,6.887127951828137,3.9287267336483347,1,3.606565878809054,0.973816098248744,0.32334312899922957,0.9085002417488153,3583.1168748614673,0.2717858705735129,0.6207925003354167,0.5557313491989929,4888.570967165544,1,1,0,0,1
47087.935810477546,0.30972713408922187,-0.041018989317486425,1614.1383626047707,0.6395662619856781,31.77655754874659,3.5046787453491515,2,4.433212597920062,0.8904245304249898,0.1552233897043828,0.7043965086355863,2259.7733251888367,0.2475831877187596,0.7774334584995786,0.7968292467069935,3062.898063488795,1,1,1,0,1
34942.34636387746,0.7413546946152405,0.031277101443724614,-420.496587718295,0.533539877085806,20.49641796462623,5.156464423604166,3,3.7173227260529185,0.9671090609977758,0.31838603584024305,0.6633865490775226,4545.108827038546,0.3041243463449049,0.8980929742169351,0.419237617784083,2526.548076843462,0,1,1,0,0
30028.09524072022,0.07807643398873773,0.07360774646955012,810.7135404867064,0.8540907418139589,9.09832227318968,5.029154000480574,3,3.5355849490452673,0.9633388840972038,0.12230245100494988,0.8724326792331398,2722.951224091163,0.3929819707844795,0.5018838472752665,0.449921089905361,7286.534301220871,1,1,0,1,0
39464.6502306514,0.656922047285714,-0.06455982812815311,37.1052194008123,0.6159058791204783,18.584955050823176,2.1302048384496803,3,3.8644621190090165,0.8418296441032969,0.029138119018079903,0.5398269638102114,4322.084262811963,0.5917259882377975,0.8156887181977146,0.5760376868714709,5041.249743953435,0,0,1,0,0
12099.782218929035,0.45507278600067536,-0.011755218915515495,782.5499448658745,0.4284095374824042,26.602022589609053,4.302178862629074,2,3.182975036774917,0.811104826134579,0.37305587751997166,0.5242813616478308,3173.586658307304,0.2866907788085032,0.7982580003493154,0.9266828791653909,4436.8253341361415,1,0,0,0,1
34120.53102297709,0.35703079343271327,0.13929011762549554,-135.29120169135405,0.8984818136930319,34.53413031218018,4.87430243346895,3,4.493206409288407,0.82297638686544,0.15782045171254927,0.7239768485905929,3344.9783598389113,0.6386787174269305,0.65907609290208,0.8589316960991777,16081.895908371185,1,1,1,0,0
38937.7867449827,0.5576803622905956,0.19426524569567596,169.76567514216464,0.917791913740643,8.715610148589663,4.992008571119733,1,3.025192802543574,0.9913323230708991,0.31707702913975117,0.722819400411081,6220.794767714903,0.5054168288307217,0.7257115018024851,0.4132939776497461,5316.489516961278,0,1,0,0,1
18692.723787981427,0.39066825899729196,0.2993390045571799,332.7353403165769,0.626416829298119,32.01636202452708,2.4707503503864627,3,4.288970123041188,0.9092670766987836,0.1116576532889218,0.9478220765319174,0.0,0.3568886280730299,0.6234816120809105,0.7010276900130952,6227.329088747196,0,1,0,0,1
42293.78638886236,0.6613962666571624,0.2732453325374231,-501.7499646251782,0.3529898091168512,33.70064399586216,6.195899745766008,2,3.365729053509745,0.6425063619169583,0.2585460448494624,0.5630765481439084,5109.501508870489,0.43641586226716644,0.8949428689759213,0.5648124963924501,10965.825947970461,1,1,0,0,1
35046.467667449724,0.680491304807881,0.1570260798140766,892.6594763361007,0.5714782629418518,33.07471905862232,1.1763936637474874,3,3.464808092428826,0.9113713627125599,0.3493243493030913,0.5616419637262065,5890.901556532987,0.1113345026791667,0.8172674666830538,0.7891873954372377,6213.886111702346,1,0,0,0,1
28262.40877489279,0.34520464881141877,0.06849922131762881,-110.57085317726819,0.8624763616238222,23.239502490166846,3.483822988802139,1,4.27126399728008,0.6682152195592903,0.016657608935992132,0.5737263002374506,2756.0117176446893,0.556712918788193,0.7663558110194926,0.8329323295560767,3337.3059581931884,1,1,1,0,0
37695.03679495656,0.2437794580645361,0.1544709458832931,117.12006772798514,0.93124181998236,23.043722905214768,6.461488539749435,2,4.9858869315658145,0.7789402196022502,0.3322543058744357,0.5148681306473013,5875.530708726301,0.3994144730383795,0.6962630992089136,0.9177175462775695,6968.241184593077,0,1,0,0,1
52436.235720239565,0.4646452300153535,0.2142606472320928,-495.47949968680985,0.44243091974831705,15.112372161433797,4.947250447387816,3,4.555434978145101,0.6841838688706137,0.22853320198877147,0.5358658689074542,2081.952066318352,0.6416404881257611,0.6456921930103661,0.6852497422624086,16034.93369158441,1,0,1,1,1
33636.79629552646,0.6886543419316837,-0.05266552363064508,-1749.8669270362484,0.34688152841769004,27.333925880632577,2.828137027576022,2,3.451679264446784,0.875833226213292,0.2429887015634277,0.8299349334145195,2680.0329086727447,0.4318572462517094,0.9113682430217157,0.9966700531273507,6074.231638940302,1,1,0,0,0
34233.985276703024,0.19746353230396657,0.0639619558785153,147.17778991986478,0.914145317192987,19.595290642282617,5.864671835401334,2,3.3520495100822676,0.9509238944772143,0.20926320032239307,0.7157921645587546,2449.6659128179303,0.5504669499597951,0.7257038352167845,0.9879916643722656,4352.9330566806,1,0,1,0,0
27865.751904137804,0.4860766084944379,0.2359209142542469,2230.0923372903326,0.5725834572852126,24.710332492990307,4.971736609092513,2,4.732465740535341,0.7161447541466723,0.349790041313457,0.8818015335440068,5902.584327205169,0.5298576456771439,0.7507237099208364,0.9293000346826199,9680.921323396085,1,1,0,0,0
24351.400674816876,0.49209215406476436,0.053533180773217615,927.683430318419,0.6792326749872942,15.99602663470784,6.57370526619471,3,3.8883678958430083,0.6328042964832751,0.017373342894254986,0.9962988592908302,510.10462666433386,0.2572766908809613,0.7604143652703708,0.7449216970948425,6776.342049360117,0,1,1,0,1
39473.02234889821,0.5631791156906967,0.12874890849087461,284.5916962124843,0.9776460684355313,26.602376241509866,6.145176303328764,2,3.274105605656311,0.7193972392299853,0.10441135661433926,0.8295173405495007,7280.29445205115,0.20576637513992702,0.7241834677157882,0.638803862502289,18955.97651069218,0,0,1,0,0
24295.245566820195,0.14209737958908186,0.1351077443448793,89.68733663338585,0.346595309539956,29.856503116159217,5.270755454253642,3,4.7244228466438765,0.8689447431728777,0.35030501554366217,0.5252277853100619,3390.1228677722215,0.308296150058906,0.6280442131192119,0.618631786083871,4852.412193093598,0,1,0,0,1
32644.096134974534,0.551077475277462,-0.026209498746544255,317.9727142496371,0.7538226052164668,6.125268981098564,4.417243727175698,1,4.632184705828523,0.73150405102178,0.3009382810127824,0.5522814323771708,5229.824308314711,0.33034480664530225,0.560170220121526,0.4072748500526469,14934.9228808402,1,0,0,1,0
27701.082979113948,0.6863227644659488,0.04489417666091536,737.695292140168,0.35187379580240696,30.15254004509798,1.9322748796726639,3,4.967812727794327,0.7112448670215213,0.007058064071442338,0.9405020424073539,5057.4158427274615,0.19405082116198635,0.5492686335838703,0.5495046983454199,12653.55819955618,1,0,0,0,1
36310.818431717526,0.17577817620916936,0.03380451549677285,-644.6502522470759,0.5628282499265502,19.910378612660754,2.8293311251976863,1,4.819487373425368,0.673774076233706,0.20680251328388347,0.7637479722791307,4302.463576413038,0.5867587240105832,0.8787312616703443,0.8312849409694987,6474.618787512425,1,0,1,0,0
35002.958947582534,0.21628032744671433,-0.08952131658717409,1191.4573557350977,0.8626701816354128,30.56330681815785,3.933696310419597,3,4.703580677321083,0.7990065707497734,0.21182907228506995,0.91241857969787,2798.6278770448807,0.37552871738038757,0.6117639111507557,0.7621792599358399,7985.938821374413,0,1,1,1,1
41337.85949832109,0.7299765658291477,-0.09032329444345791,872.3050523529953,0.603430562928944,16.095559721935512,5.195095009044721,2,3.1051487956220063,0.710379531262875,0.16035285405116417,0.928306168112463,6484.7451258557085,0.6370666352921418,0.5278364074769878,0.9498533135005202,3880.480565821952,0,1,1,0,1
27409.852410307278,0.17668386689664284,0.2326788174703094,874.5485805663476,0.9980276477320653,14.266416988406226,4.595954986507134,3,3.208830738996236,0.8924041396557932,0.11895733282479588,0.9638372707497596,2970.2974685577915,0.536010666827758,0.8987587033479429,0.43001336014993474,5846.233881507951,0,0,1,0,1
29571.12558235966,0.6480695653587054,0.009228323989124959,650.7805910477819,0.6913414994626215,33.02712563810279,3.0172916817167064,2,4.137966388608246,0.630648960796881,0.27268994016493686,0.9749146027431829,2537.5026845581915,0.38342291623516755,0.577030826430324,0.4931659619063984,6446.216681590661,0,1,0,1,1
23191.126557959236,0.3945944995136243,0.10723150649552618,315.6933261551919,0.5248135068451674,9.790924364194046,1.0452505045279739,1,4.0629584925636415,0.865613213244527,0.08311618588190153,0.777412898251653,5755.420567047066,0.6182241668866155,0.812573045866677,0.873546273611278,8631.414124041825,1,1,0,0,1
28001.360659314996,0.2230617520822239,0.019490229435509224,838.2889887734559,0.45407792813332715,30.54743138501501,4.473674553305697,3,3.9159264289790707,0.695024005827108,0.31957942482868246,0.6705100861280169,4291.49923907374,0.3529248890571842,0.6693216357239316,0.6151045787172003,2349.279496103749,0,1,0,0,0
35395.70443740367,0.659524930890758,0.27627169804613627,773.4513069931024,0.5453643740003132,17.940720037829145,2.9993819199357015,2,3.7935786508291685,0.7957117044206412,0.32121486430698876,0.9809324371739994,6715.643150232401,0.5822639075112023,0.5632401283456547,0.4710072002307268,9245.938681345167,0,0,0,0,1
